time,NEE_SOLO_EC,GPP_SOLO_EC,ER_SOLO_EC,ET_EC,Ta_EC,Sws_EC,RH_EC,Precip_EC,Fn_EC,Fe_EC,Fh_EC,Fsd_EC,Fld_EC,CO2_EC,VPD_EC,kNDVI_RS,x_coord,y_coord,MODIS_GPP,GOSIF_GPP,DIFFUSE_GPP,CABLE_BIOS_NEE,CABLE_BIOS_GPP,CABLE_BIOS_ER,This_Study_NEE,This_Study_GPP,This_Study_ER,FLUXCOM_RS_GPP,FLUXCOM_RS_NEE,FLUXCOM_RS_ER
2009-02-15,4.0647472470298975,168.95909081342143,173.0238380604513,114.35938933250227,26.074931512673412,0.3434535445422866,94.58619565876272,5.099999999999984,121.4087695826147,115.98553144271972,7.9746827879019975,181.82354249999997,442.7165023256272,387.92770233532946,1.8693594485003828,0.626181,145.42715,-16.238189,41.758152,260.86166,109.11322,,,,-11.651164,195.26903,183.3605,241.76102,-43.899708,178.91763
2009-03-15,-48.497929280852404,183.66659122941962,135.16866194856723,126.43385845701442,25.409476113054296,0.3202403409120153,89.32722032073211,20.0,127.7760994939488,115.82217559368675,5.635915239654585,159.2814372960499,427.1530085674708,376.13430191379905,3.539213698048069,0.62420726,145.42715,-16.238189,60.318134,279.07083,84.999886,,,,-25.057102,200.9255,176.0209,228.99011,-41.265312,174.18665
2009-04-15,-40.0550080454795,98.01278861302184,57.95778056754236,99.6878212136506,24.586084756813822,0.3004258565791304,88.17113753854431,301.79999999999995,95.98547735272116,94.36498384637852,5.858927013102996,116.92251487642073,419.6033036141146,376.4594808832965,3.7302217159482685,0.56502223,145.42715,-16.238189,43.83769,242.53416,76.41063,,,,-22.9598,184.09142,165.87422,211.15857,-35.24817,166.08418
2009-05-15,-78.63080388651505,132.4873422909585,53.856538404443455,106.82256128833635,22.82062042029781,0.3110189062413369,88.51976646955958,194.14999999999998,72.87059575225992,97.85686842034873,-4.193798547170333,123.83545018785854,412.225383095383,377.8483502473949,3.247206059510024,0.6339492,145.42715,-16.238189,39.91636,245.5825,87.89984,,,,-43.140812,177.4412,142.34102,201.74484,-35.863655,156.92407
2009-06-15,-42.38632573837694,132.26947051080754,89.8831447724306,80.08578464814498,22.35442985020283,0.2897975128461796,89.60784943463254,29.900000000000002,90.35801971028536,75.80959923329033,5.950709716941859,116.60972291724696,402.0678130493905,371.0700413201961,2.8556043761433436,0.61124605,145.42715,-16.238189,57.956047,228.31917,74.725174,,,,-39.764774,177.71,144.95944,201.31284,-36.454613,153.25421
2009-07-15,-55.95315108086025,121.70418332938267,65.75103224852242,80.38645964738078,21.80058406378618,0.27206030724547925,89.22111354083046,77.08846153846154,77.11042311599178,73.63956742488556,2.083371562602685,102.67428430766164,393.16457086314915,372.16449219750905,2.8614457656324324,0.6246104,145.42715,-16.238189,56.88411,249.5425,77.07727,,,,-40.306267,170.8431,138.32353,198.02075,-37.339085,148.56456
2009-08-15,-68.91855281381957,157.17926306429325,88.2607102504737,81.81895472879349,22.13314097498791,0.2656223634650167,89.74464750530126,25.4,118.25712656975332,74.95183218435174,24.334386794313016,164.88089510935782,395.2832685535855,367.8229933879324,2.7794847651950088,0.6068014,145.42715,-16.238189,76.46618,272.0425,92.07278,,,,-42.179188,180.96304,145.61726,207.56285,-42.851246,151.57587
2009-09-15,-56.07656028960187,171.1428783773031,115.06631808770123,72.38791684884202,23.4909947488575,0.23421336093577447,83.69541287929404,10.400000000000002,138.20828412765138,68.52275956030817,38.17135919037064,162.14239955954127,403.44089040759604,360.65270523948544,4.806955541090267,0.55433756,145.42715,-16.238189,63.156597,283.2225,95.1876,,,,-38.88197,187.58116,151.78336,208.64975,-42.589466,154.02376
2009-10-15,-39.47144235566451,171.99370184963777,132.52225949397325,74.7967447554851,23.986582907756173,0.22949643317865087,72.57784391997049,33.0,140.8297902543021,68.51900124404801,42.87477614055731,180.0157903644874,405.3984934742039,347.2856947266778,8.335226274416977,0.52924764,145.42715,-16.238189,72.02245,324.55917,99.89988,,,,-32.711594,183.26068,153.62007,204.93042,-40.31383,153.96307
2009-11-15,-21.648287792456927,150.02031773507872,128.3720299426218,90.38321659174322,24.61772227510648,0.28156114171978847,87.0990222012662,212.39999999999998,120.66383510647445,85.5571991626162,15.816416772623713,183.53940739597465,415.36155266104004,369.53168981273774,4.076201069418061,0.5668598,145.42715,-16.238189,87.14204,336.99,85.31875,,,,-18.501577,185.65451,171.25702,220.82678,-44.730534,162.31195
2009-12-15,3.633496254675766,171.96736381696502,175.60086007164077,104.84074211185322,25.51295714473246,0.28031100684199306,92.5291533295481,301.2,135.73771336764415,96.04138472432908,15.143238379694628,213.0672870190664,428.13669690399104,380.14678379917603,2.4930731202024994,0.5784696,145.42715,-16.238189,65.94964,335.28915,101.1704,,,,-14.118642,192.16891,180.37798,234.31393,-44.97768,173.28226
2010-01-15,12.732512430554003,186.58899474060388,199.32150717115786,125.55200925647735,25.385332483482202,0.3368903618886925,96.75697520882026,1031.0689795918368,115.58150891022086,115.01434061816491,-7.066795738922221,174.70907650992405,441.1816013199223,376.16638149655176,1.0738432715554211,0.58337224,145.42715,-16.238189,47.165546,299.13998,72.405014,,,,0.1413626,185.18846,184.16054,211.78189,-30.747793,171.0688
2010-02-15,77.12144594607037,125.79006954242095,202.91151548849132,123.07019703278665,26.167059762225936,0.34028280071097594,96.98535816413158,955.2,129.2792597371237,124.8202031413878,6.270197312716737,186.86046924784245,442.19387407225855,390.8815755431621,1.0467694587650878,0.60261077,145.42715,-16.238189,58.66656,264.0275,101.75215,,,,9.198212,179.8999,188.41826,235.40927,-45.744514,173.79695
2010-03-15,23.40040604441441,171.41071826033107,194.81112430474548,136.78539801189646,25.62939277183691,0.33453549696162077,94.91225327045717,880.2,111.25342989985205,125.30490313694338,-8.31710040076123,175.9406207426075,434.3343549842825,371.3452207106627,1.7098848707194056,0.6006616,145.42715,-16.238189,49.581768,280.96667,56.93637,,,,-3.1235669,188.46371,184.14857,220.74612,-35.547756,172.06
2010-04-15,-6.288859238767584,189.13522169411962,182.846362455352,108.69963809014757,24.583871493830763,0.3345676409723698,94.39466974188859,947.5999999999999,63.61204016316451,102.89561420446994,-13.379379494924892,111.09709666319443,435.3624423869109,365.266458553519,1.7673965695966027,0.5694571,145.42715,-16.238189,32.96857,233.12334,51.924267,,,,-6.9035645,187.10854,182.17801,185.85252,-20.11131,161.91327
2010-05-15,-26.130864916066024,187.5668990114679,161.43603409540188,89.62051755302065,23.85557255576932,0.3024465808481759,80.36717306061655,103.00000000000001,81.81435097176164,82.098604341432,-6.256689013113295,122.5143448427013,417.30993419598366,358.505280308214,5.919687811223534,0.6250199,145.42715,-16.238189,48.39944,237.72166,82.55349,,,,-31.684559,188.93925,162.89006,197.39131,-29.602692,160.95863
2010-06-15,-36.29111743337927,172.60519268449735,136.3140752511181,69.96107949415165,22.782105928472223,0.2794396071495553,86.93529549534317,119.2,77.22525240638889,66.22550333597628,-0.33152844091672223,115.43069701736111,409.2545017297492,356.6250898309068,3.6865661541401873,0.6113956,145.42715,-16.238189,43.927135,222.21333,56.66427,,,,-32.446857,178.71233,149.71379,173.75139,-22.6225,147.65607
2010-07-15,-61.86078835117486,172.31716142184618,110.45637307067133,66.63126519783813,22.769705044018817,0.32007653033239475,87.69373058486318,116.69999999999999,53.22368769157931,61.03885614150822,-13.093920907018711,94.96771777627872,419.94004588796355,352.47298013704676,3.4698844250868373,0.6067021,145.42715,-16.238189,45.736614,230.8225,65.27325,,,,-35.586456,166.7549,139.74683,166.69531,-20.53347,144.18207
2010-08-15,-67.81363455609083,176.20129379764728,108.38765924155645,81.76063997376252,22.43786680141129,0.3169993755908591,86.72485734357662,133.60000000000002,79.45279644963038,74.8984118278165,2.531005028580922,126.68857325235565,413.25568177373077,355.68641359424345,3.6667713122941494,0.61988956,145.42715,-16.238189,49.662285,264.04834,78.44037,,,,-37.139793,188.22392,157.55005,193.77399,-31.07348,154.39075
2010-09-15,-42.115526476875715,169.43367865258844,127.31815217571275,97.81578506674668,24.55289847371218,0.3337058153510573,94.37989834294828,299.8,114.61488875921273,92.59290518509633,5.090429453317652,167.0823259007626,425.47687040320454,363.81824843792793,1.7686958273653999,0.53713846,145.42715,-16.238189,45.3728,279.05832,77.0377,,,,-30.14575,191.86224,165.70389,196.9635,-30.875423,156.55083
2010-10-15,-49.338605359055364,191.9405279805934,142.60192262153802,99.99890924611697,24.371039270129415,0.3256505107870632,96.78547809887485,291.3,98.02027529778036,91.60593030401455,-6.895284821305157,146.28042461799095,431.54421463562676,364.3810759067568,1.000425623633632,0.563026,145.42715,-16.238189,53.331493,338.38834,92.51159,,,,-28.31911,197.55667,168.85455,213.70215,-40.78345,158.31027
2010-11-15,-33.32049828618334,181.41060035260045,148.0901020664171,94.78238086845089,24.846781654779054,0.3243360520767354,92.17017231442195,486.7,120.93091475070194,89.7214697912157,7.578507766395899,159.5353455514268,436.92708186421805,359.26018331410387,2.508828673462917,0.5518077,145.42715,-16.238189,49.03214,313.00833,82.41297,,,,-26.962265,199.21106,172.72586,212.25768,-41.775887,156.74799
2010-12-15,-8.306360834233987,178.23358555652345,169.9272247222895,121.97978012527813,26.039150751562072,0.3427296936508353,87.74848382549739,573.9,115.28538832129983,111.74193119600598,10.783607085890365,166.71636457116628,441.3495009188781,364.41193052200236,4.2212186847661295,0.6149781,145.42715,-16.238189,53.95274,311.76666,117.139565,,,,-20.008572,195.8975,184.09723,239.4276,-47.6752,177.4003
2011-01-15,-10.70863930394613,167.96798713921908,157.25934783527293,122.52907504142486,25.71890767240292,0.3403842571194087,86.52955083980648,372.59999999999997,103.60571915091398,112.24512340264337,6.478444575392113,152.35048675861657,439.46487721477786,356.52434092475755,4.551837905068399,0.6106174,145.42715,-16.238189,73.66029,305.52,108.30775,,,,-17.512308,198.01868,180.41647,238.29958,-46.324318,178.72903
2011-02-15,22.602351780462918,137.7152562469622,160.31760802742514,89.11226600960461,23.62281435618396,0.33930129964941325,89.17972563891271,411.79999999999995,81.68942271112944,90.3794047127835,-1.726013972073615,118.97439533095691,438.16494289155094,345.25593023406157,3.216093567898661,0.6065525,145.42715,-16.238189,48.09325,269.47,90.20111,,,,-4.494485,190.09752,183.96289,223.10446,-35.815495,174.23387
2011-03-15,0.8023888774336774,198.00482572318327,198.80721460061693,108.37715689476525,22.211670471244723,0.34201322114498955,89.36627923387097,458.2,90.25292340488087,99.28098572169803,7.800705684688969,134.0064414649341,439.52310285552795,369.9873301436884,2.896154564774227,0.5818701,145.42715,-16.238189,34.44832,255.47583,82.49441,,,,-9.935543,191.10873,184.88217,219.82574,-32.271587,174.73344
2011-04-15,-24.0245894472671,175.03429779295203,151.0097083456849,100.89999274938171,24.13113892084931,0.31624721479906404,84.76285820184444,234.0,71.2820147689392,95.51243140813385,-5.756402489138231,119.95568557050137,424.8079055803702,373.4346634700784,4.672802379053782,0.6071243,145.42715,-16.238189,51.31551,252.01334,100.59464,,,,-26.42407,191.80353,172.67639,214.75758,-39.503487,163.31215
2011-05-15,11.312188333115277,156.95777874558712,168.2699670787024,80.9236333509033,22.39349550761638,0.29042372950506007,81.53323008182079,103.39999999999999,64.65143891559543,74.13165576081853,5.263115402274937,128.366867232219,398.33288615206243,388.0458411520651,5.086723293276652,0.61960465,145.42715,-16.238189,64.91865,250.5275,87.1207,,,,-28.738127,181.733,159.94225,202.0968,-39.86189,150.2888
2011-06-15,2.0937929795571506,132.5053827762459,134.5991757558031,68.61899047676314,21.070951571446933,0.29673407534033125,78.90962769584884,121.40000000000002,54.53284370878646,64.95507524451622,-0.7746928235134652,114.43580119202281,386.02262414209207,385.709994569442,5.3490158556601966,0.6274686,145.42715,-16.238189,57.651768,229.545,75.227806,,,,-34.47079,174.95483,150.84085,183.65121,-33.090656,141.24042
2011-07-15,-35.0047709595711,162.97180493010475,127.96703397053366,60.769155823399224,20.97506389802007,0.30793368206442495,83.19266184584723,81.0,62.86391874323706,55.66875773905778,12.068164980968541,121.75645996234199,391.2683287789877,383.721367499964,4.237173756913913,0.6224222,145.42715,-16.238189,59.24884,234.63167,81.468704,,,,-36.500645,171.23645,140.59149,182.20428,-32.92124,140.03636
2011-08-15,-13.040742465009387,140.26757834260084,127.22683587759144,67.00578573020181,21.29415039374684,0.27902207908206167,81.6325315156914,71.80000000000001,88.39055953472496,61.38194290159167,19.246689911790018,153.323581263549,390.84418125137904,394.14284423287626,4.724034239024799,0.6120449,145.42715,-16.238189,60.426556,264.18832,90.87763,,,,-39.134377,179.05817,149.1959,198.08972,-40.986378,144.758
2011-09-15,-13.95508350422589,153.0137447932464,139.0586612890205,68.6728191809605,22.351673176928745,0.29203889547746026,82.23447254777695,26.0,97.55677376450302,65.00602976173022,25.49258006633375,160.5635480448244,402.07615012101127,399.29573887740895,4.88085929891885,0.58448774,145.42715,-16.238189,64.020775,285.405,99.43965,,,,-35.122925,183.0031,153.23181,206.97398,-45.956215,150.12856
2011-10-15,3.8425943083372887,155.1880255836831,159.03061989202035,73.07882422260126,25.38671155239016,0.26774287593724044,85.12497280289791,340.4,95.887502651342,66.94526699244865,18.961247784223566,158.39137206071373,418.86289895751486,403.8204993311041,4.925891934183782,0.5789722,145.42715,-16.238189,61.71673,294.07916,102.45573,,,,-22.883698,190.39427,169.74506,203.41347,-35.126183,156.22546
2011-11-15,-11.960887795042876,183.55955071289407,171.5986629178512,92.4099120176343,26.24556596146833,0.3072104665533474,85.79311873916389,228.8,100.90339018743317,87.47567906113717,7.780620796353706,153.32457872983443,432.34396809568443,398.42926495590825,4.956548779983774,0.5490317,145.42715,-16.238189,74.274536,318.935,77.5849,,,,-22.74295,199.33856,177.91397,225.64972,-40.17869,171.64001
2011-12-15,23.19171961731361,159.72130800593922,182.91302762325284,115.48510208843138,27.182774529763694,0.32993590454516425,84.680648581167,639.5,103.26700230363026,105.79235606488025,7.300819384514131,150.70803075115035,441.5977014791713,409.64661873107394,5.655790736515227,0.5190993,145.42715,-16.238189,48.58041,295.2525,100.357346,,,,-14.778203,195.71219,184.95264,232.3981,-43.525993,173.76941
2012-01-15,6.7418684903782715,198.10820684747904,204.8500753378573,109.63326704992768,25.86688433056996,0.3266008853129693,86.4767660648717,569.2,121.33398326442256,100.43166966610758,20.31094280138841,181.01689006659188,436.3027427026192,406.4152434139144,4.610934668070392,0.5920031,145.42715,-16.238189,71.809685,309.31332,95.07772,,,,-16.168877,198.89758,190.73914,240.16254,-48.94757,175.29364
2012-02-15,31.024128782285672,176.2456426866529,207.26977146893856,101.72482857116478,26.412961516463128,0.31054673099761415,81.3211251574496,551.6,96.01704951763479,99.61368110720383,6.981822207807979,144.6951357290116,440.04315984128044,407.64588922173795,6.583116054954286,0.5799724,145.42715,-16.238189,61.035385,266.01834,93.19899,,,,-2.9612823,190.52025,188.40094,233.64026,-41.85639,177.13675
2012-03-15,31.746413152842724,173.54929351822602,205.29570667106876,120.44491937060621,25.587630957106445,0.35454383071589346,83.74641136753836,1477.3999999999999,80.83837711706005,110.33589238639465,-1.7601741045694117,124.68017590891031,437.49438611633923,392.453337634534,5.448633441384617,0.6200577,145.42715,-16.238189,52.13136,273.78583,74.935165,,,,1.0623196,186.37537,180.48561,213.09525,-32.813362,169.5892
2012-04-15,7.2386207793362285,172.76501649343834,180.00363727277457,101.94663866562462,24.181952542813082,0.3178570430069217,79.73080134474618,486.4,79.60881398204457,96.50319160107121,-6.602146905685582,132.7929078107111,421.91818685733693,390.35701333629436,6.235420932504486,0.63301927,145.42715,-16.238189,40.909454,253.48334,83.93053,,,,-22.111664,196.52196,176.97658,211.10165,-35.640884,165.64487
2012-05-15,-4.698675741811581,167.05733813946077,162.3586623976492,94.2617785295065,22.52815211757513,0.3130017232660176,79.53914908969732,203.6,54.12410228637802,86.35032101254374,-10.286101160742835,93.82546961211814,419.14617971466436,384.564417331861,5.683341440930154,0.6089301,145.42715,-16.238189,22.040844,216.72583,68.56538,,,,-18.636114,176.09583,160.39645,184.82591,-28.924513,152.23549
2012-06-15,1.4874125195239696,145.86493803112032,147.3523505506443,64.4076299567698,20.44969711111111,0.283139124308025,80.79372754861112,111.0,70.22051936125068,60.96858057944844,9.582094276459298,123.55415045061733,392.92056214102826,385.1350287784229,4.684652272162765,0.63338786,145.42715,-16.238189,52.023132,226.47583,65.80726,,,,-33.194546,177.94617,152.4419,188.65427,-31.662842,147.59161
2012-07-15,-32.061586360950336,158.71328172786812,126.65169536691778,70.15749199680172,20.32739987903226,0.3005422245750048,79.97933170698926,167.8,57.70063219404099,64.26912423960302,-4.055097031312752,98.92160771033319,400.1563131545779,379.50570337156097,4.8458127787175815,0.6370675,145.42715,-16.238189,56.506393,239.8725,83.048325,,,,-31.31344,171.53479,146.47697,189.00287,-32.886593,148.32149
2012-08-15,-31.39543765493447,154.11879742808947,122.723359773155,73.27960275742133,20.664539334677418,0.250817744858871,77.29908622983871,122.0,88.17301029888979,67.1291940433128,21.329880674954364,153.87566164578683,392.05466939523563,381.3250734647673,5.6124079698494524,0.62514925,145.42715,-16.238189,73.91648,266.83667,88.973976,,,,-39.705227,189.43748,154.28769,199.5207,-41.976593,145.66635
2012-09-15,-46.391656961344765,174.49775209711783,128.10609513577305,73.73472380246498,22.239324100521017,0.22754903682374816,79.55948545833334,47.400000000000006,96.7810905115875,69.7976536735062,23.487913271282636,163.07146174364863,406.5832268205232,383.27224610792877,5.5766779030883615,0.5957076,145.42715,-16.238189,74.80451,282.9375,103.37569,,,,-41.178024,194.16638,157.41794,206.17683,-39.713715,153.6369
2012-10-15,-43.82076447496135,176.00947973717305,132.1887152622117,86.85525262308704,23.100930168010755,0.2382164526982374,78.52715377688172,141.8,101.11302922010753,79.56543004629866,16.065185116311525,163.06745326896507,414.83703971774196,385.3193568486134,6.1799598132765565,0.5917125,145.42715,-16.238189,68.25562,334.23502,105.70698,,,,-36.463745,200.052,170.60193,201.6051,-37.491074,153.25
2012-11-15,-14.43580489700333,159.9223114696648,145.48650657266148,73.42601523205218,24.684262041666667,0.1891586680126195,77.76382941666667,44.2,109.84642547915556,69.50542861626668,27.803177633166797,176.5005493453493,421.7398597916667,387.8980997606593,7.054428136942511,0.5964876,145.42715,-16.238189,61.974754,335.71167,106.09974,,,,-26.507275,194.11777,167.07988,222.37686,-45.16019,162.3302
2012-12-15,-17.388458391746944,163.93683446199412,146.5483760702472,83.1887815772151,25.563246639784943,0.19928198298979874,79.82727061155914,225.8,117.97760681920698,76.20668849979651,30.82812146995579,185.62676280383064,427.70351323924734,393.6459045978419,6.7524096640205995,0.5725965,145.42715,-16.238189,87.57908,328.3475,119.58899,,,,-17.1234,198.46158,179.70338,222.14996,-46.500393,162.75175
2013-01-15,29.28523833413542,116.100960898789,145.3861992329244,157.53990944277967,26.805478219086023,0.30794082876344087,80.65317430107527,599.2,112.30572214822178,144.3174737936097,1.8613188086662678,167.64590261306924,441.78383588709676,397.8507313614906,6.982146495034428,0.58335793,145.42715,-16.238189,61.99094,308.10083,92.96423,,,,8.982365,184.72302,189.75539,222.64676,-40.811104,169.88838
2013-02-15,19.89395454290699,147.37309401741228,167.26704856031927,107.92271302911328,26.630645349702384,0.2940211144717262,83.49458878720237,444.4,124.07534992983706,109.45732832681563,16.742334877313358,181.57807703983931,442.79384441964277,403.41998501151585,5.8941588883686755,0.5933245,145.42715,-16.238189,75.14607,284.52917,93.49208,,,,-3.2498484,191.17787,185.9339,243.8803,-49.397842,178.18701
2013-03-15,-31.748952342524323,180.41773960677662,148.66878726425227,145.99001540327805,25.487599348118277,0.3276760045362903,86.36498745967741,537.0,91.23782488576289,133.7369705023458,-7.26671670821893,135.30356595764397,438.3658942876344,404.44100150676263,4.5430809107486665,0.6133298,145.42715,-16.238189,69.524605,294.62418,104.23709,,,,-13.165995,196.75061,188.48662,228.49475,-41.30681,172.36143
2013-04-15,-25.903664936871817,151.05665582631838,125.15299088944656,118.7760892427285,24.284468131944443,0.30987724788194443,86.95861479166668,283.0,88.52906113373271,112.43403262575565,-1.5530266294654287,137.06178600982804,426.7233240277778,406.27352174712365,4.037251350083231,0.6375387,145.42715,-16.238189,42.94358,258.51083,74.31099,,,,-23.111568,193.48476,173.88039,220.36382,-40.14052,167.61395
2013-05-15,-36.66279654656376,142.85738359469946,106.19458704813569,115.03789678752553,22.866445,0.3277716557795699,89.67514864919355,401.8,56.33943292135935,105.38268502011374,-16.636522741339427,85.26987090130775,423.78873407258067,408.7578046151631,2.9287077220288884,0.6051795,145.42715,-16.238189,52.60383,240.17084,85.99519,,,,-26.667292,172.29913,148.02063,186.20923,-30.518503,150.82625
2013-06-15,-35.426876823813195,143.67190144806125,108.24502462424806,77.56346486339325,21.664317631944446,0.29173750934027776,84.3800804236111,41.8,69.5886060394765,73.42195886914416,0.6672844974374884,110.88757483018877,408.7285325,388.3932090561899,4.111458481555376,0.64805067,145.42715,-16.238189,59.065586,235.14583,74.399925,,,,-34.174503,173.56288,142.77928,196.78383,-34.512558,152.98059
2013-07-15,-67.60748670401435,161.92074864764456,94.31326194363022,111.4133289529571,20.950334764784944,0.2791246524193548,86.34627802419354,124.4,71.34378961697313,102.06232971885288,-4.280193805672344,112.70033424928702,406.56444455645163,397.5855309910995,3.436801188532889,0.6356373,145.42715,-16.238189,42.085274,238.95583,64.75226,,,,-35.645226,166.5519,137.56561,178.69885,-27.838993,142.6729
2013-08-15,-25.14550739130494,137.79633893471942,112.65083154341448,76.10788587054705,21.17428565188172,0.24076719785285589,81.2990518077957,51.800000000000004,100.6682553486559,69.7200973611015,18.8991951023835,168.26407514004387,392.87625557795695,388.41440065093406,4.773825365429811,0.60056555,145.42715,-16.238189,76.782295,272.86502,92.26691,,,,-39.000206,188.96031,154.9595,209.82022,-42.63987,154.1891
2013-09-15,-37.80892836666112,148.35654440059108,110.54761603392998,87.67606184989964,22.481911895833335,0.23173067975694445,83.59941302777779,73.6,117.07576436804585,82.99459311532166,31.433330530109096,188.99472889758724,402.59885784722223,386.1945898368373,4.542472572082186,0.5982839,145.42715,-16.238189,67.88982,292.665,99.72422,,,,-37.893764,190.19418,157.71738,216.28026,-45.240627,156.9514
2013-10-15,-32.58907683281337,162.3290868550749,129.74001002226154,79.41881939404495,23.98371040322581,0.19490113454301078,80.70991190188172,55.2,108.19335114009813,72.75314190010032,30.293938399506906,177.61191323153201,415.3798241263441,382.04955892822403,5.8623710538696105,0.57792586,145.42715,-16.238189,69.0908,341.66,102.687096,,,,-31.93421,193.93121,165.46686,219.23495,-44.286976,159.93932
2013-11-15,-16.44220750521237,154.22112652409223,137.7789190188799,95.35179522029955,24.786722347222224,0.21553816927083333,87.03746879166667,127.80000000000001,103.67564513852639,90.26048022859838,22.258647678859614,158.0316257570486,432.22895270833334,402.0539132587522,4.138222311452149,0.5685895,145.42715,-16.238189,72.044464,313.96835,88.7436,,,,-19.604744,189.81995,171.90813,227.90959,-46.13507,165.9048
2013-12-15,-17.901516944210613,172.5151729853373,154.6136560411267,116.68704493261157,24.61061120060484,0.2404594009408602,83.47090365427327,76.8,124.47750492174966,106.89341899890074,20.2524927194298,187.0727701011784,428.3954295026882,399.69415081251236,5.220270401233479,0.59746563,145.42715,-16.238189,89.22077,340.42917,119.575485,,,,-21.054276,205.00145,184.58842,242.52869,-52.57247,172.75134
2014-01-15,-17.698815818265423,175.7071793689646,158.0083635506992,126.02829216559827,25.611966868951615,0.29458630409946235,82.30693422641355,808.6,105.45766774829154,115.4506487669922,2.378516319250004,152.39157557020363,441.41588850806454,399.74637019436904,5.939969890968785,0.5831251,145.42715,-16.238189,70.25862,307.42834,102.073555,,,,-3.4159203,187.66223,186.60565,237.72868,-45.801903,175.34996
2014-02-15,26.950886253108997,137.2983657864811,164.2492520395901,126.62944856911582,24.974275887533675,0.36105523833512054,86.42773386939196,1355.9999999999998,92.42722302817418,128.4300657280021,-2.532504662116209,130.65962190656523,439.9341957937403,422.92988106988213,4.382828535640397,0.56819195,145.42715,-16.238189,50.703247,277.385,77.59444,,,,2.8440607,178.95946,178.05196,226.38277,-39.737106,169.78242
2014-03-15,-9.068007489051737,190.1498283055038,181.08182081645208,126.53336131111573,24.432342523521505,0.3688528176257855,95.23567930628705,1736.6000000000001,75.26731304421034,115.91332710310391,-11.103364773698065,107.9366737023192,437.5160551506834,412.08147917040276,1.4883387185658972,0.59501034,145.42715,-16.238189,46.757763,278.08917,67.741905,,,,-7.044439,188.29254,180.8747,204.75859,-24.399515,171.64374
2014-04-15,20.82491133965777,157.5383751623013,178.36328650195907,129.16051273702215,24.397092762552184,0.3742995150119207,94.41948698256945,796.0,65.06162808396519,122.26397918655768,-35.36249512640224,96.50387955398075,435.2463027691369,416.8992258622937,1.7395478304536975,0.62169635,145.42715,-16.238189,32.042255,227.98584,70.784584,,,,-4.431461,181.78639,178.82208,202.21642,-26.237673,167.71564
2014-05-15,24.532092959695447,141.45182533569263,165.9839182953881,105.73205288916189,22.90027643146022,0.3419898867160445,82.58243690575576,315.8,66.10128770537165,96.85788715981467,-25.267000168334345,103.22407699665528,419.0631157716186,425.7346976735793,4.950963737419186,0.5888413,145.42715,-16.238189,48.84251,234.94167,58.082024,,,,-20.850275,178.02385,160.00677,175.9785,-24.565535,149.97487
2014-06-15,5.655826372137401,141.03463705333513,146.69046342547256,84.04842002886473,21.448723655555554,0.3518992597247527,77.57388554251358,242.20000000000002,53.802494489910956,79.56064945324941,-10.452946402779244,88.34077445989821,409.69791526201556,399.640546981111,5.823966939098016,0.6221962,145.42715,-16.238189,43.644386,210.64084,80.3886,,,,-21.968975,167.81104,149.58998,177.55847,-25.007526,146.95938
2014-07-15,-12.865165911014218,154.41861987145666,141.55345396044243,79.71030337326093,20.50663848017473,0.25698254419176403,71.91337695991787,31.4,76.71392573176911,73.02016142347408,2.317699671315255,133.72855479076054,390.4428248574648,391.41123683169087,6.8752871277256755,0.63530356,145.42715,-16.238189,72.3529,249.0475,83.94807,,,,-35.515003,179.9536,146.14304,193.42732,-34.43647,148.12357
2014-08-15,-21.29231465042658,159.39671045820106,138.10439580777447,81.15766917156226,20.85621450033602,0.29574892105580197,74.98129589869237,39.4,77.37160639274083,74.34604879007809,4.631753466572365,128.1444809357793,401.42189881736124,393.12821039867544,6.26039769392607,0.6257566,145.42715,-16.238189,74.54756,283.05167,93.60749,,,,-34.2078,186.62892,156.04825,204.72119,-43.40743,148.97997
2014-09-15,-35.720849151716834,170.99004325374182,135.269194102025,62.43572448022735,21.94163116666667,0.16069445876756125,71.22851905755527,6.0,110.61976323057723,59.10196511754855,29.972652457180867,187.61602604797918,395.87080237438784,383.88291769377713,7.705385375262937,0.585142,145.42715,-16.238189,63.132317,302.25168,104.15524,,,,-43.85519,196.95221,155.80806,218.0651,-47.877254,156.14719
2014-10-15,-49.33802623408509,185.2517555741177,135.91372934003263,63.76139387258979,23.22388325604839,0.12651435084063123,69.75911835966964,27.000000000000004,113.15152969473482,58.409855139555816,35.684298728328834,186.9162077120074,407.7413173252658,378.3985632252765,8.769845094323621,0.5768195,145.42715,-16.238189,74.009384,353.98584,103.667465,,,,-40.580814,205.60475,161.77757,217.5157,-48.17064,156.36893
2014-11-15,-30.56820593176132,171.36065725137144,140.7924513196101,63.89955855431718,25.0619118,0.11814046443037217,72.57403870261435,42.0,120.75496522448505,60.48763768089221,36.75024926694995,192.1767814938382,422.07625652405454,380.1624788064642,8.904056099412777,0.5460389,145.42715,-16.238189,98.099174,340.67584,100.308426,,,,-27.500067,189.94466,162.7207,228.07028,-48.99281,163.57336
2014-12-15,12.184622892909534,171.4751127516101,183.65973564451963,91.71876004824747,26.623436048387095,0.14417521476388492,74.06051991120475,78.8,133.1644122498878,84.02073986498655,33.101532854925445,199.9115200862218,436.35754280769714,398.28114890768296,9.259075595486712,0.5613291,145.42715,-16.238189,78.924355,306.21082,106.49992,,,,-9.298681,203.33559,188.57928,232.0243,-44.927856,173.16154
2015-01-15,54.012529704487335,161.47263000346774,215.48515970795506,138.96892901891175,26.408457208443696,0.271995783350781,79.97223788609348,297.2,120.55947576218931,127.30516884737226,8.253213197620424,173.6397676144292,447.2524739080699,396.86418717584706,7.056590043550922,0.5208542,145.42715,-16.238189,67.05431,286.49,92.01793,,,,7.486503,179.1655,189.97108,237.05167,-47.849503,172.55093
2015-02-15,23.82283742777892,160.54447802108,184.36731544885893,122.96363480317194,25.983005055803574,0.2826766769988814,80.50041189084115,524.2,111.46969217084254,124.71212564197364,1.0817794162751315,165.57051061145984,442.1233845545286,393.2837786597776,6.695676485221057,0.5919829,145.42715,-16.238189,70.25682,268.56,103.59059,,,,1.8920755,184.85262,187.73242,237.80011,-44.971836,174.52072
2015-03-15,32.37543757354725,181.67769863567094,214.05313620921817,114.11986297961332,25.268189450940863,0.26927043530802125,80.18620493312103,467.6000000000001,104.06291025629719,104.5417024368202,-7.2955238810400225,152.2797435948321,436.4512788588562,390.12044362883313,6.514158823891968,0.60412365,145.42715,-16.238189,72.10786,281.57834,98.23403,,,,1.993603,196.87155,198.93767,229.26422,-37.118473,177.22972
2015-04-15,27.701544183015535,180.33089339095537,208.03243757397092,102.84791779549231,24.040000134027782,0.30153577364097267,80.52956120514705,476.4,78.45509517801563,97.35634687616508,-1.3945776996544017,126.06789436064992,427.74742115354996,389.9164511828125,5.9376917043401765,0.6263828,145.42715,-16.238189,39.250744,266.95416,79.522964,,,,-14.994195,199.83752,189.29991,212.54214,-36.005753,166.8787
2015-05-15,-31.852183448619694,199.42602984786373,167.57384639924402,77.58083696462347,23.147501967741935,0.22746871142671932,36.209092793925166,141.39999999999998,67.52577103133578,71.06942263157116,4.15358822537905,111.46273181267036,415.1203630463181,380.33171606762727,18.412198418480706,0.6385702,145.42715,-16.238189,64.14108,253.14,72.94458,,,,-35.431046,191.3246,160.48586,201.19255,-33.508892,161.38354
2015-06-15,-19.82006353261929,143.67117738918276,123.85111385656346,99.4786547537458,22.428613312499998,0.3170790343402778,0.8493324452083335,343.79999999999995,53.253036045979165,94.16698584251183,-17.55498095279763,81.47841753355979,415.9317972222222,394.83757167400245,27.370994379779408,0.6683529,145.42715,-16.238189,38.849987,203.60083,62.473812,,,,-25.261791,163.94409,142.18416,166.62927,-18.715563,146.8637
2015-07-15,-31.572114874223132,156.89662449018874,125.32450961596561,80.46780624761568,21.050902845450093,0.2659782017453393,0.9171830544495767,91.00000000000001,68.81956089262862,73.71408654762166,4.43169107411249,104.39334429028817,398.0962241770119,393.33274702189186,25.09816269214274,0.63897634,145.42715,-16.238189,62.74289,238.97083,84.31677,,,,-37.277916,173.84315,140.2097,193.08853,-33.406597,149.29532
2015-08-15,-29.05516380083828,167.4955939117924,138.44043011095414,76.03713999159498,21.44900803763441,0.2360480374327957,0.7858891552419355,60.0,82.2672481338488,69.65528923363853,14.167997052739961,142.30266409736367,393.10656653225806,389.67150288721564,25.765942680947944,0.62050307,145.42715,-16.238189,75.71799,274.64584,86.1434,,,,-42.435596,189.49953,150.6815,213.88393,-44.6554,154.6604
2015-09-15,-13.528734316573022,175.1105775690648,161.58184325249175,86.08557620875928,22.43918225173611,0.2235633120281957,0.8457031267520682,148.0,85.23642621210207,81.48903155316813,15.118149254037709,147.6304719039414,404.4033771324788,396.13242216958815,27.389976651558012,0.61375797,145.42715,-16.238189,66.22278,304.14334,100.79211,,,,-35.707527,193.895,163.4032,215.61005,-45.703537,154.9827
2015-10-15,-32.54511596662732,193.97385018197474,161.42873421534742,88.44593477004648,23.353592082325267,0.24026206800189048,0.8444565387961022,130.8,98.09388360819815,81.02260511939446,11.49210418293373,158.30187853206385,413.5678827442899,397.95666012099764,28.9864039512342,0.59233516,145.42715,-16.238189,66.0195,359.4275,104.62236,,,,-33.197067,200.61673,170.55334,224.64511,-45.405666,163.87924
2015-11-15,-2.03998214383911,198.34359133492362,196.30360919108446,77.92150128992132,25.622897554513887,0.20946118896571755,0.8902178105773159,194.0,121.95692901041039,73.76087791857677,31.493970033784112,182.17464076571179,432.3771957305364,404.2967442403897,33.29556348086981,0.5785245,145.42715,-16.238189,87.13732,334.50333,93.89865,,,,-21.301527,199.58533,181.4457,240.3819,-46.95514,175.79836
2015-12-15,23.888712429453808,193.8233512344754,217.71206366392926,96.06992826277536,25.690189152793835,0.28542467569223184,0.9800680593979636,399.0,88.4507212618775,88.00671146413742,4.281640803907032,131.43925622138443,436.8446403753709,411.2366354924765,33.401754338390106,0.5727722,145.42715,-16.238189,46.072613,318.5175,106.46308,,,,0.99199754,194.4923,195.2041,209.55203,-29.00476,170.05705
2016-01-15,63.52013835499662,172.56219628848055,236.08233464347717,121.49418073289371,27.184765420450365,0.28972477985367934,0.868866608145216,279.8,126.56791883805762,111.29708850292265,16.7682447361404,189.0405050594212,439.2147125792563,414.4390067969808,36.602863322361024,0.60067546,145.42715,-16.238189,97.2891,331.80585,102.13439,,,,-0.31397885,194.0212,198.95268,,,
2016-02-15,70.67244159159972,166.3760674174883,237.048509009088,124.4627303287865,28.167483381090026,0.26044124622799497,0.8514997896422961,138.20000000000002,141.51537585774645,121.87969154482381,26.113995453695033,210.80649173026245,443.34530430476684,414.69050927733235,38.83220547427039,0.59977317,145.42715,-16.238189,84.38376,293.475,99.70807,,,,3.6053672,192.8138,202.32878,,,
2016-03-15,40.8634524127216,200.66211987473713,241.52557228745877,137.35775354551183,26.608645310359734,0.32507390544857434,0.9307300577904868,183.2,103.22275179844839,125.82922046716988,4.896161195437039,146.20282573241988,441.5424527486024,427.9772679797766,35.331109798284125,0.60598683,145.42715,-16.238189,64.86856,275.46085,88.45725,,,,0.15402263,197.05519,198.04706,,,
2016-04-15,-3.240220034848356,203.89284094003176,200.65262090518337,142.0547659233384,25.6545116590541,0.30453481170309504,0.8793240248096091,6.8,77.22126576451261,134.46974292804902,-21.53079487698303,114.06046525366462,433.98986995392045,415.49563864313467,33.36329684547832,0.60451823,145.42715,-16.238189,48.32445,254.75084,76.22504,,,,-16.626406,194.64734,179.15118,,,
2016-05-15,2.4714220142460825,168.41555467519862,170.8869766894447,119.07521813766483,25.097442782689786,0.3417083683167377,0.9146368757316199,46.00000000000001,65.49696680135347,109.0811511434343,-14.918838881945163,94.97903400193594,429.5198304770838,416.2711554626903,32.238687289008425,0.65096927,145.42715,-16.238189,35.771317,235.30167,76.9203,,,,-9.206015,178.0001,169.04184,,,
2016-06-15,-25.87478559751675,124.71720757337083,98.84242197585408,113.32033500778633,23.46251683230546,0.3313578336210412,0.9138579684175726,16.200000000000003,54.5127281785836,107.26958872496317,-9.905357133036416,87.56172644743035,417.60857563134743,416.379440405624,29.161521110417155,0.62801343,145.42715,-16.238189,40.652107,228.905,73.35488,,,,-24.989653,167.89157,148.7616,,,
2016-07-15,-17.305820419893777,133.14789482769532,115.84207440780153,107.82549674335877,22.488235893817205,0.3307128846102151,0.8276707132392475,8.2,59.21823651435302,98.77562679566347,-10.21340338946771,90.6949938544629,411.9758553091398,405.900220208361,27.478563294257157,0.63375145,145.42715,-16.238189,44.67028,235.71584,71.15428,,,,-26.574755,167.03755,146.14081,,,
2016-08-15,-42.3407862035878,164.30244272314735,121.96165651955957,106.55117879956157,21.812665495245344,0.31694216413706944,0.8928679894417788,0.8,76.56469227067261,97.60826325515393,0.2769227661518203,120.20460866845018,405.49146872887525,397.26715671934875,26.32957940870812,0.6327999,145.42715,-16.238189,69.10864,265.26,82.13019,,,,-35.31545,182.35686,153.62971,,,
2016-09-15,-42.78452349207032,166.5953146096643,123.81079111759398,81.61475724835483,24.430652562500004,0.25878037881944443,0.8449142335416667,10.4,86.28833371221499,77.25693224713095,14.772773806273333,140.24003566794514,420.93300784722226,400.73153465277153,30.97211025182848,0.58427703,145.42715,-16.238189,75.34662,278.27667,93.874146,,,,-37.76759,195.23514,161.84889,,,
2016-10-15,-40.35910272914307,169.4515164228654,129.09241369372234,93.87754192944124,24.917482654008,0.22230496784609124,0.821130940617793,3.0,108.75721674837197,85.99833366116972,16.88528147637583,174.2758488211043,416.54191754751577,393.43954397446583,31.91644424824838,0.60781014,145.42715,-16.238189,70.58166,352.66415,105.686134,,,,-34.16792,200.66655,168.3657,,,
2016-11-15,-30.431288726588214,170.47085965248777,140.03957092589954,100.11775252524183,26.38046165032818,0.18240472612798467,0.8433374034855845,36.0,127.54640784474864,94.77195894904835,25.6886296693309,199.6294457654433,425.4459561082141,400.08872014856655,34.87777667437504,0.5976729,145.42715,-16.238189,70.76756,351.27917,107.35777,,,,-32.41619,192.35791,166.15097,,,
2016-12-15,-28.17916148949249,185.13458609751592,156.9554246080234,100.53113932644061,27.19666375490077,0.17917114922634278,0.8475373154663701,38.8,120.72474212936997,92.09348993852846,20.88150985960753,186.23265477144562,432.7182946593644,402.75596006738897,36.636962628547465,0.5886948,145.42715,-16.238189,79.49021,337.54584,106.308556,,,,-29.726215,205.84355,177.74794,,,
2017-01-15,11.650394956177118,149.11702602195666,160.76742097813377,135.06937700531822,28.071324548314987,0.2749167434402384,0.975297049284476,280.6,119.90068801853354,123.73290898306779,15.499461070951828,174.42947021338867,443.59509086540487,423.19417823849244,38.56131058584492,0.6064814,145.42715,-16.238189,61.11543,296.92584,105.16956,,,,-2.5890217,189.99835,190.57141,,,
2017-02-15,39.4537069736073,112.1331941829927,151.5869011566,104.5289257449168,27.3025577917458,0.29981281945331606,23.805591202544594,127.6,94.65625688220163,106.0152828239616,-1.234281017402447,137.7085169126808,443.6748113095238,410.32955972272526,28.333847722021147,0.6115395,145.42715,-16.238189,50.999554,267.0575,91.512375,,,,3.968235,183.0408,179.8941,,,
2017-03-15,40.95197813768392,139.70350542297854,180.65548356066245,132.5994508080114,27.35173428537217,0.3201493014493017,0.9510686373313338,134.0,110.15715564004167,121.4702854325481,7.172263585577534,161.9631355112486,439.96352421976087,416.66694325823164,36.941653056368615,0.60958534,145.42715,-16.238189,62.690796,273.84583,87.73722,,,,0.39555472,193.86009,192.41815,,,
2017-04-15,-31.060422385362745,187.94138528558068,156.88096290021792,149.56450001720128,24.902573300410506,0.32881912631210947,0.8555987685915276,5.4,74.13841948694977,141.57849430640627,-21.558264909671767,112.56926871444108,426.776663611747,413.9619109304339,31.87629910265473,0.6457877,145.42715,-16.238189,54.366974,256.495,90.21645,,,,-23.311035,193.46501,171.13112,,,
2017-05-15,-31.921513307017438,192.65052330179208,160.72900999477463,113.43177111122607,23.496335237989154,0.3033114334979563,0.8546774063485084,13.8,80.96259839430579,103.9113626039816,-2.2664518209269877,119.4882316071009,416.9479213768263,408.0259467295633,29.239881495181056,0.6670219,145.42715,-16.238189,55.84603,240.34416,74.128296,,,,-35.246883,188.09375,160.84076,,,
2017-06-15,-30.156652274183525,154.9653993136405,124.80874703945695,102.07205431897178,21.428606231360632,0.28680874681975005,0.8413189593185235,13.2,56.23977543559922,96.62191067786617,-12.910184455403472,92.64754437785982,405.8091253110891,407.2002553795833,25.71870446213246,0.61955047,145.42715,-16.238189,45.3484,218.51666,60.950016,,,,-33.16235,166.5641,137.1989,,,
2017-07-15,-39.46779964233181,208.96742736750858,169.49962772517677,94.72910574942762,22.09483808139933,0.30099081369926944,0.9075167384758093,4.6,66.94771456609797,86.77842512947865,-6.292381696930174,105.20179202353361,409.95171063685723,404.873919505899,26.79283186498048,0.65145344,145.42715,-16.238189,60.249092,240.44333,82.477066,,,,-32.602985,172.77162,143.60762,,,
2017-08-15,-70.93926475853924,191.63550926499067,120.69624450645144,81.30472922569638,22.402765846935118,0.22599757572293352,0.8169713856266803,3.8000000000000007,86.02818392567056,74.48076599020634,12.33522811030002,140.29615333161084,402.7897766258716,388.76827782067056,27.33598643676467,0.64683723,145.42715,-16.238189,82.25504,281.25,96.06054,,,,-48.93755,195.06447,151.70833,,,
2017-09-15,-76.26461968031856,164.1015546436959,87.83693496337732,71.49446868045742,22.824348104166667,0.19900228194444441,0.7622839099305556,21.0,78.62712611348611,67.67701711202557,21.113923976175613,141.3693823952639,407.3344964583333,391.0214794423427,28.076063094462476,0.62169987,145.42715,-16.238189,55.14911,293.21582,82.37497,,,,-43.516396,191.09274,151.67325,,,
2017-10-15,-56.77697377791511,145.46657542466667,88.68960164675156,109.02002441548815,24.23694250672043,0.24153695742607528,0.81910894422043,65.60000000000001,93.35896232972446,99.86989691825033,13.981261790258856,149.2173397819422,421.58992278225804,412.43980605499416,30.614231644128612,0.60872525,145.42715,-16.238189,51.388542,339.8225,111.31924,,,,-25.649084,188.42867,166.49702,,,
2017-11-15,-76.69816798250402,149.3204719190905,72.62230393658648,113.4805968468919,25.059268110647828,0.2747610228692413,0.8566594586710847,99.00000000000001,107.92832417652613,107.42129337327698,8.317252807451261,161.75436121860042,429.09836631206394,408.3322430089082,32.18247879634153,0.5986919,145.42715,-16.238189,86.68754,335.67917,105.90004,,,,-33.085575,192.29475,166.33171,,,
2017-12-15,-44.099458716550444,135.90754952889807,91.80809081234761,101.82222651339251,26.389703225883025,0.22609577563532793,0.879715990430803,16.999999999999996,136.5991523810058,93.27621526779417,30.444468971063188,208.6063042364073,429.9162870290492,410.299423483355,34.88448076517754,0.60338205,145.42715,-16.238189,88.28748,363.23083,109.7663,,,,-27.014482,202.52057,173.99873,,,
2018-01-15,-43.193233554104665,137.95133887617487,94.75810532207021,103.07844882299463,26.26793543682796,0.3064157804099462,83.42264297715053,991.0,97.49652075274395,94.42700195344221,7.809902268418894,144.3627894579187,439.25544643817204,405.1963416763172,5.791408705074669,0.5920413,145.42715,-16.238189,65.56499,303.94583,104.18077,,,,-4.3882623,186.17194,180.3094,,,
2018-02-15,-8.407342878307665,91.22641151914746,82.81906864083979,89.00678443336909,26.37122336386414,0.29785795221836414,82.27790961593979,572.8000000000001,117.48981389574026,90.27242323318222,24.959213033913482,179.3943060698462,432.4505230351626,408.4745636307366,6.230158225323341,0.6072735,145.42715,-16.238189,74.774086,285.14417,112.1622,,,,-14.419112,185.4016,172.46783,,,
2018-03-15,-31.682969887362916,139.92427360841197,108.24130372104906,94.40310202792422,25.856916189132125,0.3183240972446236,85.2736355761223,1338.8000000000002,77.48591180663928,86.47978313012054,3.9213071566642714,116.99242793070239,437.1773672778061,401.0438427341539,5.018120760720738,0.61819243,145.42715,-16.238189,55.887783,281.3425,105.67368,,,,-4.1169415,184.51923,176.19916,,,
2018-04-15,-67.09123698447667,173.4179598828972,106.32672289842053,100.4328717272903,25.24487818312904,0.2534892178472222,78.58690673246018,225.8,82.95302212997682,95.07025234185167,2.552866700316906,137.5035727361033,425.1717001105817,388.1960215251815,7.02996088202143,0.6084998,145.42715,-16.238189,50.96549,263.9475,94.89556,,,,-33.545124,200.54594,171.81813,,,
2018-05-15,-52.036381097902236,145.40073893671342,93.3643578388112,80.65574369679882,23.450494049473676,0.30499763222446236,80.49434076352412,369.8,52.89156390034553,73.88625027421803,-8.110175709546475,90.33958239470937,417.30398054297865,390.91415881591513,5.736350789374748,0.6367966,145.42715,-16.238189,54.60414,246.56833,82.29018,,,,-32.132504,175.82823,146.28831,,,
2018-06-15,-58.366577890255606,147.68712324860672,89.32054535835113,74.08226534141106,21.74390741462058,0.2331468184027778,77.59627092635948,145.4,52.11380858460329,70.12663821052708,2.244564785768475,106.77929884138221,395.6435286050286,383.46288556093714,5.926464815317049,0.64928275,145.42715,-16.238189,50.41597,233.97917,75.89907,,,,-41.358505,173.53093,140.16417,,,
2018-07-15,-60.603492390669714,145.46491933971853,84.86142694904882,68.1635652584439,21.890120359228646,0.23285735493951612,81.08129065134307,220.8,56.168631822232335,62.44254917791141,10.100092587389563,112.01234954737637,397.29083911628356,381.5273128893389,5.050435270449993,0.6448028,145.42715,-16.238189,61.826363,244.61084,82.443375,,,,-34.02064,167.49332,136.49382,,,
2018-08-15,-72.09926759575131,150.7743375328735,78.67506993712217,69.52320126954186,22.041238582115678,0.17147170164650538,75.63843283334755,6.2,75.39174631896407,63.68806998019262,24.38320928659897,143.4877878504187,392.91194282634194,370.38335848819327,6.564977224072658,0.62453747,145.42715,-16.238189,82.67244,272.51752,93.50906,,,,-52.530293,187.37463,143.6729,,,
2018-09-15,-92.49292311945857,152.35004178917603,59.857118669717465,73.12513623384518,23.04876573352187,0.1598898664236111,79.06101108610449,63.4,85.36568136927913,69.22061507074172,28.1393138784768,154.11051758490117,401.6413998316887,372.40719415686164,6.006897734860066,0.586052,145.42715,-16.238189,57.989685,299.44333,106.462555,,,,-44.17148,188.70323,150.17131,,,
2018-10-15,-68.53821896338312,133.81867308260763,65.2804541192245,65.81668245745331,24.581455061461217,0.15938111249373607,77.424661704636,50.199999999999996,123.50590958813146,60.29264190472201,43.52328684765921,200.04716659885193,411.61759871930326,378.478431359276,7.117095654169184,0.5720182,145.42715,-16.238189,72.51284,332.32666,102.39487,,,,-43.02016,195.11574,152.08932,,,
2018-11-15,-58.06111852312152,115.0610753180014,56.99995679487991,77.12429549529128,26.705979125573876,0.15457043750498245,74.10013153518379,68.8,118.25019606259133,73.00623897656122,35.24792841844037,185.4842581609212,430.19476356080384,382.06936862792395,9.291135555837965,0.5667671,145.42715,-16.238189,86.067924,324.94666,99.17758,,,,-31.637043,167.06017,147.081,,,
2018-12-15,-18.577975167586196,89.96530984617007,71.38733467858388,112.75498533463593,27.003271455491944,0.27781483983550515,80.39406583012584,1919.2000000000003,89.54153358259826,103.2913799346859,8.63182559688198,135.72412598720115,441.6066241919594,395.7753600962179,7.16054463772807,0.59515023,145.42715,-16.238189,62.890068,270.7775,112.13752,,,,-15.192951,177.1044,162.59038,,,
2019-01-15,-55.783339111085596,132.63340997976627,76.85007086868069,104.42747013692211,26.341990826612903,0.32511690430881907,0.8386489490591398,0.0,93.71785198979356,95.66279895756874,4.117250544386227,138.358391521814,439.239470417588,385.60093289293206,34.798321603806485,0.5873999,145.42715,-16.238189,57.446983,283.78,83.03908,,,,-19.845158,184.57718,171.60326,,,
2019-02-15,-14.128053051702274,113.39191352423796,99.26386047253567,145.03312335568154,27.982889285714286,0.3020189223940493,0.7606903039434524,325.199995,115.03211262806694,147.09543298011747,2.1077446980748094,174.3892259106787,441.71607680461835,364.63246306177507,38.440896584323866,0.60010237,145.42715,-16.238189,65.3678,275.45248,101.89134,,,,-22.280117,186.24026,171.6197,,,
2019-03-15,-36.37534157144194,143.91528773120814,107.5399461597662,97.56547054512964,26.19009139784946,0.34783589558443134,0.8610105823924732,1073.999933,87.2257607991193,89.37673182852825,1.304706173910528,129.76991943855555,438.960721068367,375.9210893758169,34.47194824091436,0.5680749,145.42715,-16.238189,52.40043,273.93832,88.75189,,,,-14.2019,183.5084,169.03326,,,
2019-04-15,-53.593746700598686,135.75103219274993,82.15728549215126,87.06303674651353,25.0995934375,0.34561457504246074,0.8247823025,626.7999609999999,72.19938614554805,82.41430052517191,-4.625300095783712,113.5164039875582,431.06912317169093,375.92595240898066,32.27215797453215,0.5462834,145.42715,-16.238189,43.541454,241.18417,81.96265,,,,-29.576597,181.68361,158.60413,,,
2019-05-15,-24.84149314096015,115.57341863785874,90.73192549689858,85.89347733862198,23.560057204301078,0.332051013356702,0.8291295127688171,395.59997899999996,57.74106099491252,78.68437723941267,-5.693288955509311,96.81248604195117,420.72418613287573,387.9400276805133,29.362585555378928,0.65173185,145.42715,-16.238189,59.021442,250.18167,63.81426,,,,-30.044971,168.70097,145.25212,,,
2019-06-15,-19.265862946436574,99.16219680625673,79.89633385982015,58.426370269627924,21.384384729166666,0.3170598226256907,0.8049242769444445,198.39999900000004,46.050759178912685,55.30669062251507,-1.422459964012754,88.00024123325896,403.6266791129934,387.6732272735239,25.65705787176627,0.64056265,145.42715,-16.238189,46.191235,213.27834,73.74885,,,,-33.574825,159.68747,133.07298,,,
2019-07-15,-27.79519831070084,96.72299676414413,68.92779845344327,59.133572537252036,20.704703528225807,0.3012208823836656,0.7988447392473119,140.599999,55.97017033828651,54.17045011103704,11.329916808558249,113.98999784714235,391.2361823583616,391.1539426908696,24.587782019322606,0.6401969,145.42715,-16.238189,59.859226,238.04584,85.660614,,,,-36.702576,164.44157,133.80664,,,
2019-08-15,-29.697057031559545,117.48204552315471,87.78498849159516,64.43496690469314,21.24242178763441,0.25284123264009484,0.7742623271505377,73.6,78.40059258370314,59.02689471227414,20.914822723490094,139.85836705327372,395.5859097991476,396.0134689534826,25.437894190721345,0.6150006,145.42715,-16.238189,79.65129,272.77167,94.18976,,,,-40.812717,180.20212,145.68285,,,
2019-09-15,-39.68091288861709,126.51762405015565,86.83671116153855,53.26538615519969,22.10953409027778,0.17979243151182753,0.7088056488194444,13.6,91.35219669211533,50.421277573456,34.13595549710578,167.30496224851882,393.3893307339235,392.29029524055795,26.87113973412413,0.5984765,145.42715,-16.238189,61.963375,305.68167,101.30899,,,,-47.489937,186.83797,149.24263,,,
2019-10-15,-54.369036241651024,138.48442123681144,84.11538499516043,68.13246307073291,23.76341204973118,0.17426033534502625,0.7860270698252688,109.199996,105.05321976055869,62.414057418738906,28.656599566916597,170.0973909097255,412.6360145831335,390.2360554539673,29.745752857511548,0.58055735,145.42715,-16.238189,65.31933,338.79666,106.76972,,,,-40.289757,191.31778,159.67499,,,
2019-11-15,-46.10051218662457,132.778085142611,86.67757295598642,60.29990353532071,25.064746722222218,0.1534018951165814,0.7478898101388888,7.0,129.67011515703678,57.08018646383599,51.444989327772085,208.78362605591454,414.462247675023,388.96293908642497,32.22856220386094,0.54177517,145.42715,-16.238189,102.20048,348.85666,104.3206,,,,-40.52381,191.45532,151.25443,,,
2019-12-15,-17.509822445109034,129.73919675054526,112.22937430543624,77.9158743731919,26.553742560483872,0.16132765602524324,0.7908013498655914,146.199999,124.1147801367515,71.37634011427107,36.4090688592799,187.83926094818543,434.0974701254411,400.41058729548195,35.26383244112335,0.5535411,145.42715,-16.238189,86.591576,312.22165,111.85057,,,,-16.65025,183.54701,171.18736,,,
2020-01-15,13.912678423042436,106.24849248860258,120.16117091164503,107.891138103723,26.891925080645162,0.2849350566216566,0.8259576620295699,933.53004242,108.2139255486132,98.83575883038183,12.349502901518793,166.89462451859276,441.34954116571896,413.30174677305365,35.978390573650245,0.5605331,145.42715,-16.238189,62.622883,289.6175,102.44858,,,,5.646673,176.38448,183.84929,,,
2020-02-15,34.41088671419019,109.86510676604345,144.27599348023364,95.5815709871947,28.137480376086398,0.2596194968012603,0.9703021232090825,260.15999979,128.90251941208996,93.59791769403773,24.983320524986713,193.08299513066993,444.08245471022803,412.9656601779485,38.7161552217033,0.5891416,145.42715,-16.238189,73.93313,270.0325,97.77511,,,,1.0937384,174.85316,182.29504,,,
2020-03-15,1.3553424879423606,151.9171422512735,153.27248473921586,99.15921070172396,25.73214073142222,0.30993083571177316,1.1628617148293796,671.0,88.13448422972317,90.83670825035468,1.285992335050032,132.8073521081456,438.5960416055415,404.7769505054573,33.42520853238229,0.6163924,145.42715,-16.238189,67.1619,283.55917,100.71786,,,,-13.079778,186.85362,171.76996,,,
2020-04-15,-21.649064819404956,157.39601319691343,135.7469483775085,92.5228407416053,25.13927408304733,0.31861805717727965,10.314893431483132,260.8,86.17761423127793,87.58257794892081,4.898447798859743,136.87500101156368,430.46671240259053,407.28067624532065,29.25477097738509,0.6127485,145.42715,-16.238189,55.06158,255.17084,88.91823,,,,-23.039288,189.67982,171.68513,,,
2020-05-15,-96.1935139497473,204.23535657597586,108.04184262622854,77.19786233379628,22.465388409329222,0.32161236974452656,19.113854422583916,190.88999189,294.5552565971769,70.7185913314675,10.423581514429515,336.2464193288947,411.2279313540331,401.4394178520536,22.38006361507555,0.5604952,145.42715,-16.238189,32.39394,241.31583,77.80534,,,,-42.451206,180.61336,142.76476,,,
2020-06-15,-37.50776576100438,136.0926862251548,98.5849204641504,64.70157465056882,22.148652257283167,0.31210476324149644,1.1409365842545531,77.26999893,48.40318440551763,61.24683007817734,-5.309211185943704,83.94118170999916,413.88852303767504,397.42132621360633,26.81943235708886,0.6566169,145.42715,-16.238189,46.147552,217.50084,79.1718,,,,-35.80197,166.67203,136.89859,,,
2020-07-15,-54.96439872404602,152.3517627994519,97.38736407540588,74.50409963145728,20.72093682551064,0.311704549907354,16.256378885369553,37.22999969,84.24476404421513,68.25091803156495,-2.0384297461146206,142.97804640734896,394.941296136705,394.366518727115,20.777703510826274,0.6367077,145.42715,-16.238189,65.23501,236.36417,86.03476,,,,-39.646984,172.22508,135.59381,,,
2020-08-15,-68.05397202299999,148.84628569199998,80.79231366900001,75.3531981822628,21.99135862231183,0.24378281981606745,0.7711903653225806,35.31999744,80.74582523978849,69.02875114247311,12.359488373655916,141.1260258173788,400.6537985323937,397.34350906123314,26.65729141023258,0.6339349,145.42715,-16.238189,63.83297,283.0825,91.55941,,,,-49.666634,187.87476,145.89407,,,
2020-09-15,-74.39178809879999,161.401663395,87.0098752962,88.72848523801761,23.11878313888889,0.23298273201735,0.7916964650694445,107.33000203,106.41963545774917,83.99082229166667,13.381829722222223,161.65609827257776,411.5665513725963,400.2121549982689,28.58403954179968,0.5993872,145.42715,-16.238189,78.84964,302.17252,101.42855,,,,-42.80586,190.80234,155.37964,,,
2020-10-15,-69.7565775996,174.748324752,104.9917471524,100.7120771600913,24.43347942876344,0.201715015953649,0.7574458803763442,50.33999747,144.08529639876886,92.25924153225807,30.127734072580644,221.32935547846066,406.338864038717,402.7654515191251,31.004804189521792,0.6027168,145.42715,-16.238189,74.384766,373.52,105.65634,,,,-47.86003,203.53065,156.58517,,,
2020-11-15,-68.68107424143159,181.97360632552358,113.29253208409199,72.01994133598025,25.88549966666666,0.17694092840416645,0.7475462858333333,79.24999867,181.35363727899028,68.1744321226702,33.94318213723347,239.8095889449164,416.11315420420294,406.5905333733508,33.87977114956933,0.5605142,145.42715,-16.238189,60.055557,344.23334,99.38363,,,,-29.685272,188.82526,165.90338,,,
2020-12-15,-20.07520624050828,141.99668262266385,121.92147638215559,75.90599553153173,26.832626854838708,0.21551523289111746,0.8073600362231182,284.16999646,145.35315627276725,69.53515182055192,26.8003623233796,175.79014470568782,429.5119378519456,415.88147920064347,35.856672690238,0.5666336,145.42715,-16.238189,73.98214,322.47583,105.60339,,,,-18.820845,191.75024,177.67892,,,
2021-01-15,-14.547960450740463,126.83903630882966,112.29107585808921,93.36474233956748,26.535471935483873,0.3455548352401335,0.8449887551075269,922.84997037,103.7949042297207,85.52857370234571,10.489489661289886,131.6555569560477,437.18006201834424,414.88745767315316,35.20567404688577,0.5639053,145.42715,-16.238189,43.649498,284.63666,97.77517,,,,-5.2737007,184.0534,175.77408,,,
2021-02-15,-6.062703019602422,115.54459394147324,109.48189092187081,84.72453202328069,26.37579174107143,0.3413907988919411,0.8513690697916667,562.4899991699999,120.56384507764852,85.92927900641595,17.398887300772973,149.65101939055603,435.890817017515,413.5420433238202,34.86509878307287,0.6145004,145.42715,-16.238189,58.089344,248.40166,111.069305,,,,-8.179383,185.5159,178.00742,,,
2021-03-15,-21.897304683606478,140.0523089181596,118.15500423455312,86.89319740299567,26.156716545698924,0.3216356646084747,0.8232135754032258,374.43995027999995,113.2356576397965,79.60019009408235,9.884052244852532,152.1393166854088,431.46270318102637,407.0367020442227,34.41542734060808,0.6027898,145.42715,-16.238189,70.59699,280.60498,103.41144,,,,-11.555749,196.59384,181.68983,,,
2021-04-15,-15.170040489821558,130.93413890901326,115.7640984191917,82.8742496114139,25.193535472222226,0.32424903219006995,0.8312993425694445,633.5299676899999,74.73073597130698,78.44917393771803,-0.10660916674089865,114.18773843627848,428.9488299827198,417.2274780515221,32.45551170322061,0.64133465,145.42715,-16.238189,28.661081,241.95,96.27537,,,,-8.530465,180.04349,166.90639,,,
2021-05-15,-54.69747532674287,159.72934940129468,105.03187407455182,77.71180905795991,23.168015260830387,0.2887891044717701,5.331250892230338,129.13999242,70.53422289545094,71.18940214479183,1.8096406099090747,121.78307643733197,409.5035951612904,402.3520070876681,27.35925896245796,0.6491099,145.42715,-16.238189,61.763203,236.86333,87.93038,,,,-34.15854,176.58586,145.09305,,,
2021-06-15,-20.715505767184062,117.338213882763,96.62270811557893,60.67088641255532,22.381774382626983,0.26589165630957434,10.5789118826559,80.84000161,62.32756389522917,57.43136068744048,3.9420334764795246,108.5207546033493,405.66762729166663,406.0336607284447,24.613351072798686,0.6476973,145.42715,-16.238189,50.696796,227.32333,70.571106,,,,-31.31891,169.71014,142.86147,,,
2021-07-15,-27.07424558168892,126.9031636378469,99.82891805615799,62.207454426270814,22.527184038978493,0.2698215861071066,0.8059479985887097,38.89000100999999,64.89504796415756,56.98633892633589,8.385651923358726,115.02175925552285,403.2966656890791,403.2829179911912,27.551140574213946,0.62051404,145.42715,-16.238189,58.897823,240.56833,85.47966,,,,-32.82433,168.76724,141.3334,,,
2021-08-15,-57.41891153344438,155.03120594679064,97.61229441334625,60.775884881586265,22.592755134408602,0.21865571134112421,0.7912737694892472,80.47999216,73.93501292350598,55.67492202264787,10.266836468953256,121.45965422432991,407.70952607526874,398.7322766623817,27.667611691686705,0.6428891,145.42715,-16.238189,54.177807,263.4283,84.13793,,,,-37.743786,181.86859,151.21881,,,
2021-09-15,-77.89976170302963,158.50692397354044,80.6071622705108,64.21119369204487,23.089147180555553,0.22634553289695283,0.75289259,67.74999588,81.94123435857013,60.7826330412042,11.519975914239435,137.49125686699307,405.9126735416666,397.09848222543303,28.542851880268007,0.6337918,145.42715,-16.238189,58.332222,293.325,104.90105,,,,-48.47306,195.46008,155.47047,,,
2021-10-15,-29.77775085151395,148.2208146951628,118.44306384364884,62.589726845297726,25.483832452956985,0.178143157427938,0.7896398595430107,5.6399998700000005,119.4468338113508,57.33652695177066,46.163920048257104,201.05558177206993,407.0053662634409,402.95461819853,33.04854765289338,0.59064764,145.42715,-16.238189,70.15961,333.305,101.93969,,,,-37.92877,200.29047,159.23322,,,
2021-11-15,-43.04926685056529,150.57956398329839,107.53029713273312,73.66119076103335,26.564431555555554,0.20381982368599694,0.789536564861111,154.20001001,115.97709246899653,69.7280469333609,24.134822233845433,175.96585514914165,428.51040895833336,404.87495696610455,35.287068962573464,0.57996464,145.42715,-16.238189,78.46456,316.72833,94.376045,,,,-20.399986,187.62733,173.33315,,,
2021-12-15,-8.291637289705351,124.39774329108353,116.1061060013782,93.81378921255678,26.27817248462904,0.2762476161354005,0.0980510240419644,0.05,125.9340618465671,85.93993175475258,22.10313215728126,188.10618755096792,427.7094008958773,412.7750523930108,34.92304287001258,0.60092336,145.42715,-16.238189,75.375725,318.75998,113.587036,,,,-16.97503,191.4299,181.15025,,,
2022-01-15,4.694293975215556,126.92160954172788,131.61590351694343,101.88904279234492,26.354379742742847,0.3197935669569246,87.16309649233334,0.0,118.32033661428261,93.33742360935538,16.724728475405325,170.7614187298387,434.1375518760737,402.0815359596681,4.508185244587498,0.582526,145.42715,-16.238189,,,,,,,3.5112317,181.95604,181.63744,,,
2022-02-15,-11.853716089207797,125.62556963632852,113.77185354712073,85.68931147886131,26.43687318762044,0.33815306201661055,77.49022328028207,285.140005,100.16206248436603,86.90777721748269,8.004353643531491,140.37199516439418,433.87103874445546,416.8547431679416,7.944748027922941,0.59298515,145.42715,-16.238189,,,,,,,-11.869559,183.84738,174.37157,,,
2022-03-15,8.683360170879668,117.64633511467846,126.32969528555813,106.31716753814804,26.507712044553458,0.2904214886947127,77.76531169235832,346.879991,104.12627154962438,97.39389272386501,0.40650943740804474,154.02242478000073,429.9154655356973,427.77455780689786,7.8813439461925086,0.5979017,145.42715,-16.238189,,,,,,,-1.747275,187.46323,185.231,,,
2022-04-15,1.5911268657181252,132.32400280631015,133.91512967202829,98.16523320623418,25.21151295828763,0.2659682223742994,79.63773905213313,520.6999910000001,83.44908700482995,92.92369451960502,-9.2581114271485,126.96144132424352,431.3878109517113,404.3316005835793,6.6713844919396115,0.6509798,145.42715,-16.238189,,,,,,,-1.9971323,181.27443,174.39702,,,
2022-05-15,-23.471035055836012,144.63604322282634,121.16500816699033,74.511530421819,23.70761576348466,0.3095267225600078,80.51552881924039,47.41,73.67061234285768,68.25772515045367,6.483776283823578,127.57976898254887,413.11034364697326,406.85833211336507,5.8216800356168354,0.664542,145.42715,-16.238189,,,,,,,-23.39809,178.14146,157.98941,,,
2022-06-15,-22.716561135133784,131.92428714207477,109.207726006941,65.96367963872491,22.07757502939106,0.2555851560377441,76.53052316240777,105.780001,46.82834020281318,62.44154489258312,-14.175096088302196,83.03976758415943,411.91957532620387,400.0748551785697,6.338907213615891,0.6470097,145.42715,-16.238189,,,,,,,-28.499949,170.03221,145.07393,,,
2022-07-15,-35.08554697069255,129.47788252077183,94.39233555007925,62.82949775482497,19.92448964547357,0.2970359253022643,75.85180294006355,71.4,60.90323918257859,57.55617371984713,2.6883688448997116,114.32996632196961,389.14836769471003,402.80847073111966,5.6980840189891735,,145.42715,-16.238189,,,,,,,,,,,,
2022-08-15,-22.071957165082004,72.52568220176147,50.45372503667947,37.89922463117642,21.797332058565747,0.24252291928420458,77.64241717001302,10.73,76.60845916906743,69.71775195310727,5.722836925991708,129.46487462002068,404.14416289740933,405.6270253234056,5.93401090762835,,145.42715,-16.238189,,,,,,,,,,,,
