time,NEE_SOLO_EC,GPP_SOLO_EC,ER_SOLO_EC,ET_EC,Ta_EC,Sws_EC,RH_EC,Precip_EC,Fn_EC,Fe_EC,Fh_EC,Fsd_EC,Fld_EC,CO2_EC,VPD_EC,kNDVI_RS,x_coord,y_coord,MODIS_GPP,GOSIF_GPP,DIFFUSE_GPP,CABLE_BIOS_NEE,CABLE_BIOS_GPP,CABLE_BIOS_ER,CABLE_POP_NEE,CABLE_POP_GPP,CABLE_POP_ER,This_Study_NEE,This_Study_GPP,This_Study_ER,FLUXCOM_RS_GPP,FLUXCOM_RS_NEE,FLUXCOM_RS_ER,FLUXCOM_MET_GPP,FLUXCOM_MET_NEE,FLUXCOM_MET_ER
2013-02-15,-3.4555878118404957,42.589490522999185,24.341365792488673,24.341365792488673,26.986625635787462,0.18998290904636117,36.31928659094695,0.8,153.18256938385292,24.68748971083425,101.75964062153068,298.1394007173897,371.04531333918385,381.5076864656184,23.23436585343273,0.07752337,120.65416666666667,-30.1914,33.658604,18.74,34.379433,0.2986082158278882,0.0,6.963573856633117,2.5996627855856786,2.6020911474188324,5.308547621145408,-4.26573,42.365356,25.68582,18.022928,2.9377775,26.666779,26.086647,0.4614734,28.925972
2013-03-15,4.601316339539878,51.8745149760523,46.168776683882896,46.168776683882896,21.86304753494624,0.4337800019890545,56.70800997260435,94.6,136.4034594682909,42.293798712505634,63.041539935093695,241.5836565763755,364.2194818140218,383.39939081920306,11.537495983647286,0.09400443,120.65416666666667,-30.1914,46.59765,31.67,45.48697,0.25130393266096546,5.307398914644333,7.155334617909871,-4.861394236482738,12.488443101465236,7.337685364560457,1.7097946,45.81417,43.999027,24.600407,-0.3717217,26.834145,24.392672,0.05854745,27.273716
2013-04-15,-1.4378860637912179,36.895445210904924,18.902276812574335,18.902276812574335,22.691733888888887,0.23374770400126635,47.07192744810728,14.0,55.46454379218423,17.892988575359723,45.301994947317205,185.1101270965243,331.07174728269814,383.7559796885775,14.851657824982011,0.11789686,120.65416666666667,-30.1914,24.592237,31.0425,41.07618,0.22421231962215132,0.0,6.844618345346487,-4.299895547017513,10.544062417029636,6.356687840721861,-4.7376504,40.804005,22.170513,28.096386,-1.609886,25.694935,15.851719,4.3628983,24.590443
2013-05-15,-9.742489712208535,30.765223109477564,21.04678550971144,21.04678550971144,15.95903430376344,0.18845120084966266,60.74712591510312,36.0,44.644837389528504,19.280313966034946,30.836180144827317,143.83839406064223,315.8613860313211,382.52208209729105,7.184189069343451,0.12785079,120.65416666666667,-30.1914,41.971333,31.68,32.68743,0.08376582642929158,0.6709885703968547,4.797454960634076,-4.92259720160655,11.319867698592134,6.378663813127787,-6.90639,33.96158,22.055445,26.238794,-1.1479315,23.624077,12.520019,4.134511,20.273417
2013-06-15,-17.075502123271733,29.892437484348196,16.70461342444314,16.70461342444314,12.102136187500001,0.18024895074743705,66.56349325749319,11.6,42.83277602459028,15.812669559496019,24.07707651315955,124.36298933886806,306.97041972222223,383.21057837601103,4.747505297326655,0.1339666,120.65416666666667,-30.1914,36.22389,26.1725,23.498657,0.1734013705388333,0.050107983446549834,3.5180792579624187,-2.623620710008254,7.505130877994816,4.978965255591902,-12.829335,31.211485,15.803781,22.98629,-3.3182821,21.704414,10.73896,4.282317,17.185596
2013-07-15,-10.575342379556506,26.764310821352545,17.841493875127682,17.841493875127682,11.989813383064517,0.20760300434114287,60.3504049244575,29.4,55.58254660491552,16.34404471774689,29.07313965910703,143.77405236770204,301.3558813844086,382.95898681321813,5.587628031089232,0.12321299,120.65416666666667,-30.1914,39.655655,24.1675,32.582516,-0.11054583268885647,0.6192920832839588,3.5031810655259283,-2.179188363494177,7.556394501661998,5.070146851026948,-8.331946,28.677704,19.078436,24.23253,-3.8824596,22.290215,10.535104,4.038182,16.978096
2013-08-15,-4.711285654867411,28.491626566552164,14.731273064255493,14.731273064255493,14.789723252370418,0.24381219621950107,54.98039260206751,8.8,80.13523419637937,13.494866931921024,43.67702964980549,187.79492889088587,307.10914470475643,383.0900185966078,7.634694951122282,0.10835762,120.65416666666667,-30.1914,48.3642,25.2725,30.207445,0.358542088237168,0.0,3.890292574539518,-2.720361362626136,8.848255507138674,6.39704251124931,-5.530975,30.716364,14.97953,24.407913,-3.8594322,22.29417,12.488087,3.0347087,18.802345
2013-09-15,-5.06810224975838,29.69753431089032,23.07908827202128,23.07908827202128,16.184635241666665,0.22470323105322024,53.94290218540755,30.2,109.57076022610138,21.846778929101628,56.27623561235242,221.5824848113389,318.83349291666667,383.4232767158391,8.553844148679424,0.08460466,120.65416666666667,-30.1914,44.48237,24.505,30.964823,0.1225294819153159,2.2549980136413175,5.469539942948861,-2.873835503771261,10.340090779907769,7.478795388036815,-4.2159457,32.010647,25.489607,22.743923,-1.4846976,21.826277,15.527721,2.486432,20.581059
2013-10-15,-9.882780143176284,34.45115219139184,21.283304888948873,21.283304888948873,20.619529756048387,0.13185637876791675,37.61224414972968,9.0,159.23852965463664,19.496982107050833,90.10911543700041,309.8511030144986,325.75259000384796,384.42190839880783,15.380691498103273,0.073773056,120.65416666666667,-30.1914,39.607697,21.605,27.632551,0.18581871877735504,0.0,4.788887733001909,4.067920508561656,3.888404001976596,8.086239776999719,-5.6779356,34.17029,21.057402,14.842911,2.4188917,20.347687,19.903324,1.6889303,23.35113
2013-11-15,-10.972486136224452,35.89124512307277,27.29919902051402,27.29919902051402,23.085219373611114,0.1005591584023399,42.096652385576164,27.200000000000003,169.79546587973866,25.84155660367793,112.28675519524394,312.6851780825616,353.0008660726077,384.5405554035226,16.64859768393289,0.06942155,120.65416666666667,-30.1914,47.651432,19.77,29.962257,0.22671502296769597,0.0,5.9692228720430505,6.699659960955614,2.0713545464568597,8.719781212123053,-7.8034587,36.459095,26.580519,14.150991,3.6603713,22.346766,21.852047,0.3497035,25.000097
2013-12-15,-5.259817682576551,36.44587896534096,24.69506948795194,24.69506948795194,25.734637270527735,0.09971309465126249,35.9905382815969,22.799999999999997,168.18144693820622,22.62239489831201,109.16943585898277,320.24365024934536,363.8378344944377,382.50744057966784,21.650305265482793,0.06828376,120.65416666666667,-30.1914,30.407665,18.96,37.157387,0.25337839075621693,0.0,7.113558949759879,4.683798427555303,1.3991217207549198,6.14743450914284,-4.932617,37.05992,20.45301,11.14445,6.390395,26.128675,23.794386,1.3800014,27.115484
2014-01-15,11.730149592508566,47.935379281656225,49.08045166393016,49.08045166393016,26.315189475806452,0.3235758827870269,48.72949792555711,164.4,175.8585711194413,44.961094759042346,97.12896903919263,299.55222737306656,389.87579215855493,376.2961695168084,17.963002412611857,0.06998053,120.65416666666667,-30.1914,36.8193,25.625,33.53128,-8.374763409124569,16.475671889376255,10.127395022378781,0.6753166838770994,6.57444111102086,6.826066099649324,8.694233,43.58994,50.902046,12.130531,6.3579965,26.485882,29.466515,-1.6632245,32.172085
2014-02-15,-7.5760468449926694,56.2377668832715,32.555269444383015,32.555269444383015,24.51725168154762,0.2533991957492233,49.72513537476216,3.0000000000000004,170.93539409999752,33.01819159587391,102.09682399916719,292.6095419915402,380.77508936863387,374.41012444750936,15.787433796237632,0.081820264,120.65416666666667,-30.1914,54.582447,27.9525,45.47092,-8.042453091787667,16.242952965608552,9.324751408060763,-12.713091819779947,24.28579121787334,11.365774105659511,-7.597676,51.93124,30.92762,20.883055,0.683089,28.381504,36.79914,-5.881996,33.606415
2014-03-15,-6.9040574742403855,47.862222375049065,26.12492985160763,26.12492985160763,23.722810638440865,0.12351681845288519,44.53226368862787,19.8,138.22024888535242,23.932246073739723,76.89496597166244,254.17471878893144,369.84528914104504,375.8744578134165,16.588481514905954,0.09628652,120.65416666666667,-30.1914,47.252335,30.815,44.382954,7.431119502241377,0.015290179726126805,7.443710635848187,0.15452374765959576,8.010787703358801,8.750512972248544,-6.264797,47.63758,30.110744,27.0469,-2.2008972,28.03704,24.495218,-0.37522602,27.65743
2014-04-15,-11.247620206560772,46.208714249866034,23.828943201629773,23.828943201629773,19.453809054166666,0.14649206763279612,54.503915943660104,23.400000000000002,82.6246781856103,22.55659530845633,48.05765608663401,186.49719602740055,340.56420353242277,379.952120638781,10.420248648395043,0.11442525,120.65416666666667,-30.1914,36.078815,30.0375,48.5779,5.007994390797483,0.5746744319457493,5.984932734172486,2.827228406596987,4.028991421189858,6.696107506933913,-7.218573,41.13359,24.618603,27.162544,-3.1088798,23.837069,18.438227,2.2476625,23.347971
2014-05-15,-2.136298179958902,46.125926948048345,19.614844531056683,19.614844531056683,16.127617401881718,0.3135635418366139,63.06659030298921,29.000000000000004,50.843633384001656,17.968556803091648,26.08654190994692,132.0695377257863,331.71766019640097,377.28919949773467,6.834048872798411,0.13459952,120.65416666666667,-30.1914,40.225315,33.5075,35.687237,2.533795491293366,2.40647934851447,5.375050683166278,-3.79564219347958,9.270642858042265,5.57779847688289,-3.308694,40.271393,20.751461,30.56663,-3.9008858,22.902336,15.410283,3.220924,21.587246
2014-06-15,-12.774745126730634,36.68573554840323,10.012308032847226,10.012308032847226,12.42304306736111,0.18656967873125596,56.781657432743486,1.6,47.453667824728875,9.477700227389642,29.613197259562735,136.54042395535413,302.8548152838783,373.9482275919497,6.269031736849789,0.145251,120.65416666666667,-30.1914,39.097523,28.5,24.679617,0.2850186469128295,0.0,3.2877665750477325,-1.0429721444852476,4.065834274733788,3.051091126904794,-12.477579,36.4812,13.040352,25.897085,-5.185412,21.01313,11.420684,3.5449994,17.441805
2014-07-15,-13.780749413866538,33.833661738977746,14.530929050348062,14.530929050348062,11.953584515456988,0.14398889140889895,62.68084670554924,10.0,49.043882185591684,13.31133793232303,29.084195792162003,140.02500238991263,298.4274556253926,377.22461534921786,5.246501755982334,0.13036397,120.65416666666667,-30.1914,43.66373,27.3325,27.849884,0.11328673753226427,0.0,3.405428302631005,-0.4210899163490467,4.243703487263701,3.8295430449798005,-11.992812,32.240883,14.966149,23.743465,-4.3207703,20.948492,10.540591,3.928248,16.73627
2014-08-15,-8.820941334048943,34.06431171304686,15.5761619218807,15.5761619218807,15.826251185483871,0.1330733254553386,46.08611514536499,18.0,59.73400680181354,14.268843672164905,40.75951207522367,179.90400777301076,296.566892807778,379.42863616244784,9.782724786876507,0.12034001,120.65416666666667,-30.1914,43.70216,24.47,35.19476,0.12651499840515867,0.0,4.4484081656403225,-0.3954555647005691,5.31767795686028,4.932356216206244,-8.714761,34.934032,15.5420475,23.087465,-3.400401,21.693394,12.403357,3.6158688,19.171206
2014-09-15,-8.821472741996525,40.287316647009035,21.28676868179408,21.28676868179408,18.126883227083333,0.16959401983450115,46.19226596508312,16.2,94.74721371979717,20.15016035403162,63.018854522249875,222.42875433048613,315.1312203780383,380.0039472866187,11.325133410505194,0.09295157,120.65416666666667,-30.1914,42.28447,25.4175,34.698547,0.149602036188271,0.0,5.33328858326996,1.2997024598371354,3.4019690932764206,4.695690139655198,-7.3187943,39.04594,19.656467,16.383322,0.2550122,20.188633,15.001353,3.2315269,21.232727
2014-10-15,-9.042803149406222,44.02373271044982,28.876522463569703,28.876522463569703,22.108081326612904,0.11876500609637841,38.93139287792247,20.6,145.39942208648657,26.452895578186467,91.19153240434456,288.87344035028923,338.5349442295891,383.5687238967224,16.5254798773086,0.079228915,120.65416666666667,-30.1914,37.17263,22.8825,35.522896,-0.08129178105832631,2.42885770597109,6.69198297390275,2.141779579433205,5.608844128248165,7.665384980278759,-4.921874,41.535313,28.317286,16.978554,1.1210088,22.28808,21.848442,0.91683793,24.21011
2014-11-15,-6.172251340551023,46.6571072825162,42.22936886863666,42.22936886863666,22.770408548611112,0.1743059199707983,41.91674565722532,67.6,163.08643330759875,39.97452911114464,96.4262116112238,302.3621528664202,351.9320476086606,414.50333841826506,16.377909704608033,0.07028144,120.65416666666667,-30.1914,49.867836,22.2525,32.172703,0.44640151413044704,3.4159861165584955,7.157062725382365,2.494528941173485,3.041630316452938,5.639029678772204,-2.8010602,40.84955,38.714653,18.842833,0.2990885,23.355263,25.345718,-0.47166434,25.81289
2014-12-15,-10.544488418469946,49.38305757102354,31.411431549238323,31.411431549238323,25.064498564395773,0.10175739575429833,35.88875888805233,4.8,182.058314283043,28.77504795744144,128.10233221560995,343.35786369388575,354.3448574196928,387.94645053492377,20.817510278494986,0.0707054,120.65416666666667,-30.1914,38.1499,19.49,41.699284,0.25438132431541305,0.0,6.062759561036843,3.837488781151478,1.8977614857903973,5.753329789809868,-8.879863,46.892056,26.996838,18.719278,1.7422622,25.681221,25.497965,-0.8516804,26.852045
2015-01-15,-2.9381529557294295,41.92745282141189,23.328480805451726,23.328480805451726,27.939073319892476,0.07460316679933066,30.308136044917738,0.2,168.90506859464838,21.370504967240272,130.47709846860195,329.3357520765457,373.5259464618018,382.3487629255035,26.92480465253935,0.06989129,120.65416666666667,-30.1914,29.288385,17.6975,31.937664,0.26661753710239994,0.0,6.5463357970071,2.82740051640576,1.6159497514308896,4.42873131745182,-4.3733926,42.452454,21.887299,19.547579,2.2669683,27.821398,23.963274,1.4123363,27.860344
2015-02-15,7.992596836469646,26.693687387913894,25.731328725111446,25.731328725111446,29.45450245535714,0.0690655007339302,33.42204219279675,21.0,143.52613531184846,26.097217328014814,96.6703477000546,279.0598428903423,393.58212321428573,382.28503856391757,28.152247820892928,0.080249384,120.65416666666667,-30.1914,28.541407,20.0775,37.145657,0.2501013708407856,0.0,7.760643167816741,2.341907132024062,1.9337343780352967,4.101180878507876,-0.22700356,36.784134,25.441986,12.764828,5.88163,28.281971,19.721561,4.9861217,27.981737
2015-03-15,0.8258333240634168,29.971842149196686,35.548156879199304,35.548156879199304,22.433681411290323,0.09334232425687812,51.842956271350424,35.0,105.41068210551076,32.56457501448754,67.06977077236218,213.3098354654503,362.69323145161286,387.4235264139439,13.298158668352187,0.09482807,120.65416666666667,-30.1914,53.646072,29.6525,45.000374,0.18292947455385974,0.0,6.889852448166608,-0.9985216489512823,5.648169426742243,4.629667950484873,-3.3892238,38.379795,34.072502,18.500708,2.4381762,25.910154,18.501278,1.9068394,25.227945
2015-04-15,-1.9162446583340906,36.654822614115616,34.81921093556168,34.81921093556168,17.72202266111111,0.252685948341542,56.421891391540704,30.799999999999997,77.66912327460278,32.96003701832335,44.21572411670194,168.32335669626946,339.70869444444446,389.4240151406526,8.93719079022449,0.10863349,120.65416666666667,-30.1914,39.047497,29.84,41.11743,0.12007074676775377,1.911538384427638,5.582289073342201,-3.341845400078455,7.660643444687594,4.4623105835671595,-6.1686454,36.542683,28.890356,29.174774,-3.0985787,26.859789,18.359442,2.1516566,23.075666
2015-05-15,-14.061676961377778,34.25104079823333,15.337836900904879,15.337836900904879,14.71429812768817,0.1481293804650333,54.93468317758485,6.2,52.62628034512067,14.050521438194522,36.445807816367896,146.33403160083503,312.83798324672955,388.1625820109406,7.60478678133789,0.13312258,120.65416666666667,-30.1914,52.273884,28.455,31.815475,0.10692022037527782,0.0,4.020396640644352,0.45300097228664526,2.3160208904992032,2.8051383666224865,-14.073861,36.62506,15.162556,26.36386,-2.136597,23.019232,13.4741535,3.3649514,19.459255
2015-06-15,-5.981433215557948,22.449422716577647,14.3506825228805,14.3506825228805,13.973913731249999,0.13279416963778096,61.288795492220856,18.599999999999998,41.201534006162504,13.584426943726696,24.839897827181186,126.6533921450514,310.467866875,388.95133853585423,6.222460251087344,0.14289774,120.65416666666667,-30.1914,40.849342,28.09,30.418293,0.09291574661101899,0.0,3.9020788666807165,1.0003197631904186,2.978206656713155,3.9016018512320443,-6.7261977,25.47897,14.6071,27.224861,-6.332787,22.51366,11.03079,4.3511224,17.803873
2015-07-15,8.833370666025129,10.860012366260747,17.070141343677072,17.070141343677072,12.394765322580646,0.19951277015396754,60.968730082859345,42.400000000000006,49.7468750544711,15.637432347986135,28.868605107416066,131.157889761875,308.08256512096773,391.9998515592135,5.651027973573487,0.13509932,120.65416666666667,-30.1914,35.027912,25.065,27.225567,0.08206040866378003,0.0,3.5540812078694466,-1.4344943202813738,4.35849176566262,2.834770909805229,-3.1218712,20.017927,17.51542,25.096682,-8.313511,21.035492,10.853313,4.3857617,17.091166
2015-08-15,14.831794371177644,12.40196741976135,26.68331949363119,26.68331949363119,13.561457743279572,0.27996623096891066,57.9912661839797,16.6,77.06321143929436,24.443769679500253,38.618922538591875,168.7464587419691,311.9018975134409,393.4370849735823,6.5713192318635825,0.10990796,120.65416666666667,-30.1914,49.221504,25.03,31.379425,0.10943764593756586,0.9410434474304656,4.167849813844664,-7.000347748951754,12.66862175273127,5.626935827287525,3.0111682,22.354021,23.725067,26.189592,-3.705141,22.414299,15.303436,2.426168,19.322018
2015-09-15,4.315528533724445,15.383637828453477,13.291257694538704,13.291257694538704,16.582174074305556,0.15703855625355917,39.39539401104076,0.0,115.973535234925,12.581570169490803,77.24438942153961,251.4057749720486,306.29897857089173,394.6290427256287,11.549169627692203,0.08945083,120.65416666666667,-30.1914,40.91577,21.115,32.93322,0.11323953529765317,0.0,4.222002867830564,-2.305915863471455,7.733154860892682,5.524452653211483,-1.0705794,26.073528,13.710715,23.80813,-4.0709243,21.220844,16.743092,2.2370741,20.271917
2015-10-15,3.931305296592469,23.239134818886917,13.373356680555096,13.373356680555096,23.636071075268823,0.09318015250986095,32.84660606602388,1.9999999999999998,135.23911699436155,12.250921427497756,85.4401405317906,276.1627769823253,348.5120579301075,394.4575691787534,19.976215201731,0.07780378,120.65416666666667,-30.1914,32.27674,20.685,33.665253,0.15559388285175044,0.0,7.279629494269992,4.172537575344904,3.19962473049236,7.48773822565272,-4.3706255,33.840446,16.606518,13.177712,3.9656107,20.405409,17.936926,2.6494308,24.407387
2015-11-15,3.8555424461804897,23.76504813599933,25.280474108334317,25.280474108334317,23.81884806944445,0.08473376276297216,42.5566151138812,21.200000000000003,159.44779431996417,23.93062163279671,95.2202693390779,294.1114493116697,361.03167145833334,394.69744855913166,17.281218869021593,0.07450852,120.65416666666667,-30.1914,46.159943,20.6375,36.61797,0.18177654049576245,0.0,6.654079212005855,2.575675578591472,3.66619948198786,6.239066921720223,-0.24421133,33.431557,25.114588,15.761422,2.8719888,23.43723,20.062963,1.5905483,25.323175
2015-12-15,13.484136904085224,19.677065830593776,23.431885887904702,23.431885887904702,25.39961162278758,0.07841214883697505,36.61629415804123,14.399999999999999,179.29309185404747,21.46523118823289,126.57338848022832,338.0116440615196,359.02308242077726,391.6230596296681,21.00612577091664,0.066113986,120.65416666666667,-30.1914,38.657154,17.12,34.648746,0.20686014019187643,0.0,5.9793671482368245,2.90546217514202,2.6807091750160907,5.586141469982977,5.208452,28.07199,23.951399,14.739495,4.222271,25.769287,22.52355,-0.0007037482,26.250784
2016-01-15,19.66512804954384,21.103145040870093,32.062011696977464,32.062011696977464,25.617194591613814,0.12872899271556273,45.81698968171749,78.19999999999999,158.63164730231614,29.371024454787896,104.24663701372171,282.40164774200866,381.58230147350775,391.42494758507297,18.19626932691209,0.072358415,120.65416666666667,-30.1914,45.12731,22.1975,38.627098,-0.508961747685816,1.8807595286272203,7.7079252543352,-0.7018035169221548,7.501530316891149,6.5413123632461065,12.142031,28.861593,34.95567,,,,22.291212,0.3177067,27.377779
2016-02-15,16.895338110868245,25.782943934819887,24.34874375684486,24.34874375684486,25.10407514767905,0.148253565282219,40.80715576477961,9.0,162.91645527275523,23.84342180786819,108.50957228022158,309.1715485279755,361.7217398254156,395.0931961267448,19.26694383130244,0.077079594,120.65416666666667,-30.1914,48.36864,21.3475,39.322258,0.9806713918554011,0.9500969859705773,6.337886495316427,-1.8007977776651387,7.0997949478332885,5.534575160141685,10.01244,30.318605,25.467386,,,,24.397362,0.65548575,27.16835
2016-03-15,9.763697489991754,28.529738101299063,34.479337961277366,34.479337961277366,23.14401775287106,0.12171461686797957,57.74984491688008,47.60000000000001,112.3789772250279,31.585462821755577,69.61957682887854,210.0905122985084,375.58368626767185,394.91100698310515,12.192186840613463,0.08577055,120.65416666666667,-30.1914,51.450592,28.6175,45.345425,-0.25598611209119226,1.135545995560617,7.836232203035935,2.0755253707029624,3.3500776871296694,5.463962330264621,4.407267,33.58346,34.25857,,,,20.272396,2.2762475,25.928062
2016-04-15,5.614250219466959,30.07622687869121,22.36424464519134,22.36424464519134,18.92091424292453,0.19962596281270453,63.042355559078615,12.2,80.85491535071527,21.17010442185242,48.4327844086337,178.00251161495834,346.5562102083333,396.741069504079,8.182904813308124,0.09800146,120.65416666666667,-30.1914,34.766373,26.465,39.502415,0.5513044012574676,0.0,6.105656513786472,-0.9360799264668458,4.964837908788468,4.0020360669986985,1.7257041,32.842976,22.139366,,,,20.14456,1.474467,25.033592
2016-05-15,-4.092154043176192,26.17055928161072,14.018087372034037,14.018087372034037,14.812738389216667,0.13047303378788208,60.9012986833776,17.400000000000002,60.74268855282293,12.841539417571203,37.55167546903045,157.63609239678598,313.73923709926794,395.52538339725726,6.640590975082264,0.12749267,120.65416666666667,-30.1914,31.650915,27.3075,30.840557,0.09596025399302024,0.0,3.7360088954770965,-1.7200624408578733,5.691784920782084,3.759431305639737,-5.9079747,29.301788,15.3527775,,,,14.054433,2.8645158,19.515764
2016-06-15,3.326412658544364,26.23171510372659,18.89509334061409,18.89509334061409,11.51679149236111,0.29651173754131993,73.35765710687289,39.0,42.313859155129165,17.886188665328216,18.550229031351062,108.75468530158264,314.4450978472222,397.3994526249714,3.6376570823853833,0.13415074,120.65416666666667,-30.1914,32.02415,23.75,23.063883,-0.3906998784553562,3.078912474872323,4.067785096964617,-7.850145905802492,13.042190873500658,5.178582081289278,-1.0817236,30.10882,22.394968,,,,10.337489,4.705128,16.925743
2016-07-15,-0.11138241633553925,30.9792845367546,21.131780451663516,21.131780451663516,11.342400919354839,0.33470972600681986,66.10640003887829,38.400000000000006,52.599364626515445,19.35817522259618,24.821525098196478,125.88201412566802,310.0227318548387,397.22511726317157,4.573936830187449,0.114888586,120.65416666666667,-30.1914,27.358055,19.235,23.8913,0.5344522479904743,1.0004257107922376,3.5355864947488693,-8.7218516094581,14.60998932030634,5.97151848896101,-1.6926981,30.098799,21.323198,,,,11.203732,4.3177595,16.943382
2016-08-15,-9.209468210504067,31.830270679637422,22.72137158906977,22.72137158906977,12.29414590591398,0.23084636509681422,58.940805215404154,22.8,76.24758204307327,20.814350855339598,38.26097499177907,166.84706239248186,305.4628882392473,395.27714893261253,5.904929436048485,0.10724599,120.65416666666667,-30.1914,45.56134,21.56,26.686811,0.08298411567565853,0.0,3.551230382531083,-5.644132017478114,12.735353745461907,7.10832065820432,-7.357705,30.68582,20.1745,,,,13.607681,2.8649042,18.378199
2016-09-15,-7.707717543989821,26.018135732503055,18.571254623666626,18.571254623666626,13.906042679166669,0.16117341283459502,45.64212084503151,6.0,116.94972939620416,17.579641336662203,71.88934987113613,239.44524591218052,300.47558148960564,395.57517865602404,8.698542740143656,0.08360346,120.65416666666667,-30.1914,52.64991,20.65,27.441887,0.08880909339918527,0.0,3.6820317069330435,0.7986813942443405,4.828695763229916,5.746230633700179,-9.637721,30.809881,17.886112,,,,17.51342,1.427284,19.634499
2016-10-15,-1.181933979965355,25.363904209778983,16.893490766862044,16.893490766862044,19.10307756048387,0.11687187331505658,37.501284241019114,11.0,147.5051317709148,15.475608178603906,89.39339609624383,288.49465421422633,321.00134282947886,395.9663543278343,13.999278127320727,0.0722757,120.65416666666667,-30.1914,41.08935,21.0825,28.591599,0.11461292775265579,0.0,5.239901946225651,3.3051845168010914,4.0740112834610045,7.420900457102107,-2.903812,29.673363,19.185925,,,,19.731739,1.3986541,22.476912
2016-11-15,2.7862551077977304,24.385419057554778,15.560090155075281,15.560090155075281,23.97550340277778,0.08457489185393016,29.431178083695887,1.6,173.46132969864115,14.729258180745648,122.51192031060786,338.03775704016317,340.46128292621944,394.3990461632564,21.435459758575856,0.068951145,120.65416666666667,-30.1914,34.256474,13.98,32.590603,0.15249818949001828,0.0,5.280691960862158,6.749844910300453,1.5079405377655348,8.264215960556612,-2.3712513,31.05046,16.164589,,,,21.466103,0.99094224,25.056913
2016-12-15,11.207283601836812,22.482647867625705,29.783856862449518,29.783856862449518,24.805287090053763,0.08773627438769728,37.430049054212034,29.200000000000003,184.89675038111008,27.284076761389688,124.7342041195479,342.18706710750666,356.29926673387104,393.08905833347507,19.997828925510426,0.07015413,120.65416666666667,-30.1914,44.739525,17.2225,34.126625,0.193259531451781,1.3804033760081214,5.749549390527646,2.1224200645629026,6.326691431706422,8.358653449275153,6.495012,30.401224,27.482473,,,,26.048695,-0.53684384,26.538609
2017-01-15,12.37476821597493,25.441447019271152,34.92320010868812,34.92320010868812,26.522505407729337,0.09210124232848539,40.39752330848905,84.79999899999999,175.2049968457506,31.99207130625641,120.5908959287503,322.58689943928135,373.20758054944685,394.379543151473,21.14569277127219,0.07491497,120.65416666666667,-30.1914,39.50978,20.505,35.692375,0.06204494861926702,1.5676536263989613,6.858030983057629,4.344228762864077,2.9202238780635525,6.9036520659974485,9.446144,31.319973,35.749653,,,,25.049604,0.24851507,27.881542
2017-02-15,18.8374911486036,35.4134623651222,48.59827144487729,48.59827144487729,24.467286145833334,0.27253542316436513,55.94048880443521,44.599999,161.37987672677082,49.28931829412653,87.78987772637036,270.0714500529613,383.30659354401155,396.41798874408624,13.793378101877906,0.08778348,120.65416666666667,-30.1914,45.401882,27.5725,46.69639,-21.25487335927183,33.56315671132782,13.50831345076167,-12.929828267719131,26.234604925091844,12.950461126252776,8.647995,41.520138,45.624245,,,,28.62623,-2.1347644,29.867981
2017-03-15,11.08503122528445,35.11590423841291,34.19729533645374,34.19729533645374,23.81110121564999,0.16098603016632695,46.41764984094282,42.4,122.85480630224635,31.327092233244812,73.31687661707647,239.79670981766392,366.13740665830016,396.22750211870385,16.11198345111631,0.09491918,120.65416666666667,-30.1914,51.130333,29.2925,46.48299,2.880547487396297,4.915713566427575,7.9122387817842155,-11.697475423832657,22.27506578777684,10.949091477792535,2.3062072,41.641277,35.0786,,,,24.297913,0.94050205,27.341848
2017-04-15,-2.870628900327608,39.24454144522312,15.841245451316539,15.841245451316539,19.293185326388887,0.16071419493310313,49.362022272730265,5.6,88.68645039649951,14.995401172588835,55.100582640504044,201.99161636643694,333.01658326388883,396.1897260857069,11.480345841818979,0.11574686,120.65416666666667,-30.1914,41.963524,28.6825,44.513554,5.657454332161718,0.0,5.700709836672293,1.8086528275052842,5.320619361300487,7.5122169615278835,-6.35638,39.76193,16.687954,,,,20.698536,0.6942126,24.162645
2017-05-15,-9.08419552669132,34.182757727673874,9.243522040414504,9.243522040414504,15.405682733870966,0.11619622497413623,57.77974037164618,0.4,55.78299779738307,8.467706719818185,37.88246223686633,152.40349876343146,314.8775794343328,393.0755293197529,7.453994621545227,0.14172061,120.65416666666667,-30.1914,49.870792,31.5225,36.704975,3.819796867707211,0.0,4.235554032560658,2.5580665937814047,2.441061505189282,5.011290077254671,-10.245432,36.493984,12.207308,,,,13.150904,3.6226554,19.694498
2017-06-15,-3.580128361333707,23.568138038395222,8.104577035425748,8.104577035425748,13.884200626388889,0.1040051282915683,50.306009046201716,1.0,41.78096761734883,7.671832644336659,27.795839589975508,129.93094393917409,308.00766486111115,393.48551912920146,7.940774955961861,0.14376849,120.65416666666667,-30.1914,39.40636,26.5225,27.742773,3.392225237843481,0.0,3.723916516469167,2.478495089795615,2.120662064458884,4.602535033352979,-9.867055,30.009354,11.904001,,,,10.797529,4.5082116,17.703136
2017-07-15,-2.531099272829517,20.358034109404983,11.150493063242422,11.150493063242422,12.215035864261084,0.104901010386407,60.094651765136646,13.400000000000002,58.57186803248706,10.214624320479244,35.10192778539907,151.15923435195663,301.0534192184648,393.3627557124988,5.7088105414999735,0.14124617,120.65416666666667,-30.1914,46.73908,26.24,24.683622,1.943695998243828,0.0,3.0066069276418177,2.1016896472574444,2.0103927143463807,4.112034105120983,-7.504523,27.189487,12.342272,,,,10.304695,4.240592,16.670876
2017-08-15,-1.8522754438900313,24.41806021790233,23.720636499705485,23.720636499705485,13.277244585734291,0.1404116229967942,59.01190618007766,36.0,76.91711627193988,21.72974675764538,38.99589065506469,166.9106245937349,313.22207248228176,396.6312250174906,6.29232587537124,0.12234478,120.65416666666667,-30.1914,50.586098,25.755,37.17896,0.19036251084021058,0.0,4.148852479981418,1.9148902961860585,2.54287461633794,4.429432679862657,-4.644782,29.661194,22.238134,,,,11.788126,4.1291413,18.221615
2017-09-15,0.6756484592326106,26.582548718688916,18.81033341019281,18.81033341019281,15.96676443755863,0.15370811208347357,47.10704078856676,8.600000000000001,109.5967556390939,17.805954496623873,65.05370735568218,222.64735636362198,318.95640020025036,398.75762332310825,9.685503277117137,0.09362236,120.65416666666667,-30.1914,41.285454,23.4625,37.47381,0.13773958983455176,0.0,4.784575086356999,1.1622060700410657,3.2287199534257525,4.395630134138628,-5.339123,31.478449,18.493605,,,,15.312728,2.617206,20.398138
2017-10-15,3.8718029930179405,24.804012266062795,16.386724532037743,16.386724532037743,19.178776161290322,0.10689590504467802,39.478993876960594,9.600000000000001,153.08236269587337,15.011375191087144,98.41575551609607,296.69931429200267,325.56768904546914,397.06736100346154,13.621647267287596,0.08238227,120.65416666666667,-30.1914,47.103832,22.53,35.03707,0.14665391779796863,0.0,4.8556389252239525,1.982745036497363,2.650776111971936,4.657595904376649,-0.30432516,31.61626,19.15831,,,,20.08088,1.051425,22.860859
2017-11-15,6.875142213515447,26.669941281651443,20.13245933479393,20.13245933479393,23.097728069444443,0.08472966144853326,40.38142491491451,21.4,162.47071711950372,19.057485425868204,112.05711369245377,310.1162999105993,351.4923316427581,397.4005082835199,17.155035149105437,0.07244979,120.65416666666667,-30.1914,51.699154,20.7325,35.824963,0.17614817014900508,0.0,6.021299329059474,2.233875209425605,2.94541615252092,5.172149850688584,0.6016152,31.867723,20.681398,,,,21.872156,0.45857838,25.063612
2017-12-15,10.454236775906498,25.858854628396717,16.351779239532757,16.351779239532757,25.119784616935483,0.07341560515017322,35.44464340422222,1.8,166.82290170067205,14.97936288161498,119.96061809526701,319.9935987852957,363.56774119623657,397.9329906372765,21.03256434595878,0.07343434,120.65416666666667,-30.1914,36.06445,17.7975,37.872765,0.1872287146469269,0.0,6.6233558052334525,2.5209467510139802,1.9246091219501977,4.470511122932294,-1.2151735,38.928753,17.154867,,,,22.832468,0.11509161,26.395157
2018-01-15,29.44449024364875,18.141281508917285,49.896725305366814,49.896725305366814,25.736132553119205,0.1224919749577833,47.45369937812747,87.8,163.60708271096163,45.708857978363206,98.63459063250423,280.2804105900925,390.5837710739142,398.9520817737854,17.77466632821978,0.076282986,120.65416666666667,-30.1914,27.425398,24.785,44.893288,0.094356090974317,2.0226043751577887,7.2937004201368865,2.304016828940803,2.043543872252485,4.307812598221062,14.2570915,32.354393,45.290718,,,,26.238686,0.06714284,28.09241
2018-02-15,17.4294684649161,39.461590030338655,69.95530845559666,69.95530845559666,23.71494552647785,0.26922407533365583,64.86291455026355,232.99999899999997,144.59153844864076,70.95004333112269,61.44537473157894,240.11986603110753,393.5686111575929,399.6195956605313,10.503197439751254,0.09138593,120.65416666666667,-30.1914,46.646046,27.5125,43.588577,-1.7749672520270006,7.554662994291341,9.048907972966113,-1.5599934462588863,7.838822514633648,6.008775332331425,9.694115,43.981148,65.21542,,,,25.706934,0.9912176,28.691841
2018-03-15,9.823245892390243,49.103028845161376,35.559708883173656,35.559708883173656,23.665284218560373,0.21347314736810993,47.40069565552159,10.0,132.2806075155359,32.57515745062534,75.30437192179289,254.61381145430641,364.8446034179682,397.30134052331266,15.674982663123547,0.09436268,120.65416666666667,-30.1914,52.584435,29.045,48.84474,1.9661078720800533,1.2960266547598531,7.477707416894731,-1.5009255690492864,6.245650420707534,5.001806109667086,-0.683731,46.859604,30.599981,,,,23.766306,0.6186134,27.038685
2018-04-15,-1.9306829842460131,44.51714097379532,20.22032629598489,20.22032629598489,21.070571309840364,0.1272836323371199,46.83048420564706,0.4,86.64361987731883,19.140660725242483,51.92283722024321,206.74011026740547,339.9787949710953,398.9485464239297,13.484721703968118,0.11500321,120.65416666666667,-30.1914,37.445168,28.58,44.872902,0.14541569337387514,0.0,5.562153740790017,2.253611812106101,2.4819339991518063,4.760017077089287,-5.581835,43.69899,17.00638,,,,17.819338,2.442179,23.751688
2018-05-15,-12.725356713487137,41.146157057729226,13.002218304590322,13.002218304590322,15.384301922715055,0.10500499371349582,49.24684255613435,4.8,56.31950706330645,11.910932957042567,43.077720835220845,165.21873135381722,306.61364306078053,395.70847217319266,8.947996378345094,0.12907666,120.65416666666667,-30.1914,48.640755,29.14,37.74531,0.09819766343385392,0.0,4.0730394215749435,1.8331396310277341,1.3279982386848133,3.1672565825756465,-10.300311,38.45889,12.179992,,,,13.219622,3.6932235,19.63863
2018-06-15,-8.16531814689239,30.439350195674574,14.50086799074781,14.50086799074781,12.844777970833336,0.10746051204122378,58.9500887649124,12.0,41.58959857940944,13.726593249266525,28.826487834435426,129.28035730256946,305.8494725,397.15539833506824,6.123770034422057,0.14852878,120.65416666666667,-30.1914,44.132725,30.6975,29.626028,0.0758303752026039,0.0,3.398528764787042,-1.1102297294964956,4.132638876290002,2.916667539619084,-11.331162,32.2768,15.100125,,,,10.31262,4.906184,17.29026
2018-07-15,-5.710274321441455,29.104979112984125,17.520099294829933,17.520099294829933,13.039548159946238,0.11938914475146946,57.400686964324926,14.400000000000002,50.500344205944224,16.049625011124075,28.763918608608392,143.27498098925065,304.9455139261966,396.0551811954272,6.437534820622479,0.13476776,120.65416666666667,-30.1914,44.067596,29.895,30.28499,0.100091831337144,2.373960698609196,3.9618439958788154,-3.1715914489832358,6.827343327735434,3.557756408179557,-7.1415033,30.073856,16.768204,,,,10.331594,5.0311666,17.31663
2018-08-15,-5.511795767628404,32.93185534491084,26.328742069013508,26.328742069013508,12.02255809544453,0.1828946052983051,55.75358611113206,35.6,81.6164510154676,24.118952188071813,43.330316639206075,188.18098881787068,296.57424116339973,397.51041439832,6.249081996934986,0.121525705,120.65416666666667,-30.1914,51.61002,25.785,33.162674,0.08854115346450543,0.0,3.3266181522295546,-3.861760447412962,8.435171647564857,4.575268402437359,-7.545696,34.09698,22.549746,,,,11.899588,3.5887578,17.495773
2018-09-15,-0.23695697468754462,30.09363819545525,13.975851999523044,13.975851999523044,16.17374983263889,0.15307556073629566,41.61734707529072,2.8000000000000003,113.13376679149127,13.2296105193016,72.74184350328936,249.07685642319444,303.93791976522874,397.34644966337527,10.835326868812365,0.097058006,120.65416666666667,-30.1914,43.555645,24.0525,42.121994,0.09478829056939692,0.0,4.306949536584042,0.07825181803832493,4.215920900423953,4.427801072899456,-8.843079,38.440506,14.138417,,,,14.865189,2.861601,19.981339
2018-10-15,3.0419726780623897,38.18047177356328,35.73493717571225,35.73493717571225,19.150170001344087,0.17558521581720304,52.60996829948379,51.00000000000001,147.1668724658602,32.73567870905301,81.92303235540057,272.8170900957863,336.6188145161291,397.65095541990803,10.646851957489442,0.08281797,120.65416666666667,-30.1914,47.59518,30.125,40.8916,0.058793970048779155,0.16850455397763267,5.245217474979172,-6.208692827291088,13.30678460514173,7.006699676581775,0.025486872,40.11437,33.924843,,,,20.55744,0.79480016,23.107916
2018-11-15,-1.821702912682934,47.921343962991116,35.547408386177786,35.547408386177786,21.740468836111113,0.17171202439846417,39.80893248586067,44.6,167.40208333763889,33.649352321113355,102.86806931389195,315.8476154838195,341.37910628564106,398.7773726863452,15.918942798223844,0.078513,120.65416666666667,-30.1914,69.745224,26.1825,38.141235,-3.88092886248639,9.008699504266175,7.413808865481613,-10.911300526291598,20.379037202743348,9.347712793765822,-4.797217,47.76664,39.360867,,,,27.44207,-3.279769,26.398304
2018-12-15,3.7547473952636157,43.050290786528215,25.5478194255717,25.5478194255717,25.893885620357043,0.09553904346362815,34.81820707409782,5.8,173.36581345528214,23.403572932565233,111.5011569288049,332.057664964845,361.9953396958667,397.4485524710364,22.261098969951885,0.077165574,120.65416666666667,-30.1914,41.164383,24.305,42.92157,3.9623073377766125,0.0,6.451983851479734,8.248996045149397,3.707905931638379,12.239862902682944,-2.6104598,47.356846,29.04225,,,,27.171635,-0.8429086,27.751312
2019-01-15,8.513580337712124,39.145566091250885,25.00525558761941,25.00525558761941,28.292460403225803,0.07820802746284529,31.326250490562103,14.0,181.17528560265453,22.90654685998468,117.71501554120029,349.3894172491935,370.3482494623656,396.2237600018982,27.098202972656686,0.08226989,120.65416666666667,-30.1914,30.322083,23.42,36.22785,0.23526988775984353,0.0,6.0259738203026245,6.624683430301957,1.7991310614961549,8.39874726587368,-2.3136709,46.78467,27.931753,,,,,,
2019-02-15,15.443316982640994,32.07529471684615,28.04669060431684,28.04669060431684,27.70256101934524,0.13766314887048872,32.661068172270774,33.8,162.1078448456622,28.445502673095152,97.25022066816275,317.4586809847247,369.256483523288,396.3422551309489,25.649637462089196,0.092045374,120.65416666666667,-30.1914,36.429222,21.9425,39.84071,0.19124769606579248,0.0,6.146097495019839,3.402758228701714,1.7796696552286448,5.204429702687776,5.141295,38.378033,27.39971,,,,,,
2019-03-15,3.738885199467616,34.257046332175705,21.918338359825317,21.918338359825317,24.761878366935488,0.08993218861871004,44.91158525771296,17.0,115.88092818312876,20.07871677108251,76.58818100017805,233.93906860829478,369.2453370967742,395.13013206192426,17.559995087137818,0.100757286,120.65416666666667,-30.1914,46.36851,30.6,52.106564,0.16517227613635166,0.6380714871789362,7.7568517155748635,2.569750638664118,1.518242176345666,4.0897803964871855,-0.6087479,41.188667,24.802807,,,,,,
2019-04-15,9.801986089734076,29.509826006945072,23.697385234879143,23.697385234879143,19.662520176388888,0.223986436895325,51.65176358181593,63.199999999999996,78.43095290876302,22.432061887461213,51.45940503057,189.79253543422172,335.8117922222222,397.5742864480239,11.220902226758273,0.12620017,120.65416666666667,-30.1914,40.438316,29.765,46.582207,0.12608535663904866,0.0,5.5794749396194065,0.05476068731422856,3.7372381043605856,3.770231644342857,-2.6812582,35.127377,22.04161,,,,,,
2019-05-15,-9.884973891463307,38.66521118551074,13.193374846870515,13.193374846870515,15.016789821908601,0.19244229620613312,48.6867679901744,7.0,60.93721188809073,12.086045595983236,41.192565787220964,172.64159789984475,299.4116939125198,394.93927778319085,8.832246770582344,0.14148718,120.65416666666667,-30.1914,56.642242,29.49,35.95452,0.07989607375058631,0.0,3.210602762442655,0.8900890332042763,1.9501757950019964,2.851011158492838,-10.578425,38.299824,13.535021,,,,,,
2019-06-15,-0.7491149084033347,27.728577949446922,19.502768219054722,19.502768219054722,12.351569545833334,0.23696598701458557,61.06952491085052,46.6,42.26694903202745,18.46141670612371,22.7518069643901,126.89298220155109,302.91197222496453,397.87628824796315,5.620245164368136,0.16172273,120.65416666666667,-30.1914,44.575874,31.585,35.21583,-0.29604156675809623,0.6430050982568706,3.39498867069204,-3.1262443987943698,6.957047191957827,3.5855481084727217,-4.402874,32.39637,20.059965,,,,,,
2019-07-15,-6.344086972543789,32.913870242318566,13.494341652374166,13.494341652374166,12.505481592741933,0.22935082001340365,58.52664377289695,6.4,49.60117517494288,12.361752045349931,32.75212986686304,149.79748277274192,293.9891204915114,397.4952633164044,6.049007700145392,0.15330163,120.65416666666667,-30.1914,45.245567,29.575,31.97082,-2.641461157111537,6.544436976501114,4.323618966781518,-3.848482295186841,7.832715604439727,4.118545592886221,-11.589846,35.3274,16.509266,,,,,,
2019-08-15,-9.040642516806827,30.904236557049348,15.461197876263642,15.461197876263642,13.31201574126344,0.16487923096099683,51.570494690416965,21.2,74.47370652615545,14.163528639934464,46.01717264321513,186.14886439842073,296.2068398443394,397.93670222127554,7.451824773709416,0.12853138,120.65416666666667,-30.1914,53.688457,27.06,42.07211,2.884328840623793,0.0,3.7845617887357412,-1.9032068489068479,6.05506211402826,4.186477424049372,-9.451475,34.152805,16.024174,,,,,,
2019-09-15,-0.05108792058856748,29.206059203612973,12.819455228215304,12.819455228215304,19.03284579583333,0.14261177539702682,37.186198004772876,0.4,111.35461440610416,12.134959624980352,68.25149090121114,247.9891401529514,315.9468474441691,399.0362645411812,14.00717578806802,0.105925955,120.65416666666667,-30.1914,41.773216,24.19,39.795834,0.11995828314399407,0.0,4.963760046300596,1.6904253409484227,3.0286936946286005,4.76606870895921,-7.9070573,37.40678,14.666697,,,,,,
2019-10-15,-31.30532928928396,64.80452444735894,13.959782807354609,13.959782807354609,22.62891129704301,0.09342513200260366,32.348620211018826,4.6000000000000005,144.3328579615259,12.788128396104119,95.2209216121054,310.0335696500556,329.82267736913434,397.8218457607108,18.9091897180031,0.087624624,120.65416666666667,-30.1914,39.892857,23.29,40.16995,0.13294030887803648,0.0,5.439840123469577,3.4102061611556564,2.1943876615805493,5.619557142139456,-14.062711,49.340675,15.252644,,,,,,
2019-11-15,-33.01101885581758,68.78145928205109,12.597625174371291,12.597625174371291,24.769624531944444,0.07802079903272799,26.748317906613334,0.0,162.33846752330552,11.924974200554551,120.49253629097993,346.16403908981255,333.98013088422687,398.3356638387772,23.360787388377762,0.076329105,120.65416666666667,-30.1914,43.188015,17.935,40.68257,0.14600392053611871,0.0,5.368377968891313,2.2898064152504958,1.931384003459243,4.214232894630186,-24.062807,57.713905,13.175835,,,,,,
2019-12-15,-12.68267745179223,58.94059572565531,24.284806749729597,24.284806749729597,29.708509663978496,0.0719047642756276,28.637145516946813,33.4,157.35813866454143,22.24656580090223,102.72364824544255,323.31855027159077,376.57774582742064,398.5275678409515,30.6329558639807,0.07715445,120.65416666666667,-30.1914,19.445513,22.6475,37.007935,0.17826193648946065,0.0,8.074693688043716,2.6731844505120534,1.7248171237260976,4.402177328713151,-11.139641,57.273064,24.70509,,,,,,
2020-01-15,-18.928638589181617,68.73519561032542,36.34796458416754,36.34796458416754,26.975389967415982,0.09141950456955726,38.485628904878304,38.6,173.56513412040533,33.29725429499459,113.95155156729489,337.77060878321447,365.3267961710773,395.9315814067589,22.42876871428844,0.08096252,120.65416666666667,-30.1914,41.70538,24.105,39.06701,,,,2.019429674513958,1.7460041101076058,3.766691067690772,-13.102143,62.3594,32.264626,,,,,,
2020-02-15,-11.375352615915908,65.22702712080039,37.41865154364213,37.41865154364213,25.686276436781608,0.1826277082049407,45.69637401414586,88.8,149.32278397696632,36.64208310483729,87.62061122646521,274.55142085976047,378.6197548716044,393.5166528079571,18.31353538086075,0.08956186,120.65416666666667,-30.1914,39.832058,26.5775,54.44279,,,,-3.9390380503537017,10.593986213643802,6.246588957008498,-5.101284,55.252037,40.41556,,,,,,
2020-03-15,-20.907445648583526,74.32664501426818,24.07932480659358,24.07932480659358,23.02240559139785,0.18882910166360103,47.07118656701043,2.0,119.1570555302352,22.058330102097525,76.30368110496808,247.31128593319224,353.08136351112273,391.3947487776523,15.159269770195019,0.09900703,120.65416666666667,-30.1914,46.692383,29.705,48.963024,,,,-2.118314528499468,6.690620012770523,4.8744085467624245,-12.7748,60.87704,24.538576,,,,,,
2020-04-15,-18.456148989672705,56.210904476986144,10.064951541623017,10.064951541623017,21.078462834722224,0.09874025645175326,42.14738674552977,0.4,74.69038783086111,9.527532832764752,54.78046760784776,190.62328043895135,340.64403888888893,389.10278626041054,14.679700000355817,0.1056124,120.65416666666667,-30.1914,31.816729,25.6775,45.46231,,,,3.185681146766001,1.4944669691940362,4.774413196068053,-13.138532,47.630665,11.628315,,,,,,
2020-05-15,-23.28057004599676,48.602606623922114,10.699494964791407,10.699494964791407,14.598625905241935,0.08718708473069564,48.32867402726991,10.8,55.82724651753282,9.80147881033908,44.62539612824203,168.22005020927497,297.9972727172633,387.9132239660082,8.65370095579341,0.13155736,120.65416666666667,-30.1914,41.436752,25.7675,36.055294,,,,1.2207901872152433,2.3576523409101355,3.4256865569896036,-16.517023,42.630943,11.632772,,,,,,
2020-06-15,-11.82361928097638,36.22990851820197,9.596840818336707,9.596840818336707,14.224317796527778,0.09550412165797396,51.70256739788077,6.6000000000000005,41.017751137875,9.084416910444038,29.198975369380914,141.2187078945139,299.79828677859484,388.1391581393149,7.892313925752945,0.13725254,120.65416666666667,-30.1914,46.992783,27.7775,32.90669,,,,-3.741200813186879,7.946291942935204,4.17760555184941,-11.853111,34.41677,11.878897,,,,,,
2020-07-15,-19.27292333344786,42.06915713444646,11.983197093809743,11.983197093809743,12.87068332795699,0.09731731153682506,54.805306326742155,12.0,52.21491291145162,10.977438914789271,34.91535270674595,154.46797482644487,293.5340360435371,387.6466060185163,6.753684074367219,0.13659953,120.65416666666667,-30.1914,45.581394,27.115,29.910227,,,,-6.0498372666043,11.065140400780365,4.92210507512209,-14.763547,38.93789,12.981127,,,,,,
2020-08-15,-20.72391145428076,49.81960001467989,20.439990757950284,20.439990757950284,13.369681319892475,0.1494416865958903,56.20497443439788,27.400000000000002,74.92522345019152,18.72444792551778,41.99732248405632,173.348519550252,308.2999156557656,389.1848999105246,6.7644706493264595,0.13003133,120.65416666666667,-30.1914,49.355328,25.7225,38.27006,,,,-4.754413946648128,10.607447830145247,5.935432201451476,-14.373112,43.82152,19.88516,,,,,,
2020-09-15,-27.20959393382633,58.15499520200114,10.69403609925363,10.69403609925363,17.317962802777778,0.12686630973878674,43.67177664413316,0.8,108.57672352441668,10.123027381608297,77.24309105220593,241.66141818041666,313.19764575647497,390.4525940410506,11.255989707273166,0.09582393,120.65416666666667,-30.1914,61.48195,23.6325,37.70549,,,,-0.4318024446874915,5.645339176553534,5.323238657452748,-19.508099,50.03732,12.776476,,,,,,
2020-10-15,-36.886243156285914,70.43731014715118,12.23870168068871,12.23870168068871,20.76955658266129,0.08772022918559799,36.59299479987153,4.2,144.98175947553764,11.2114988215867,101.99206982911984,301.37628375497314,324.81502916666665,392.07587156782785,15.780113480841214,0.080782905,120.65416666666667,-30.1914,38.70234,22.2325,37.39483,,,,5.541045413265238,2.1657140479183,7.777602667210886,-21.62864,57.57481,13.828744,,,,,,
2020-11-15,-29.48798738257274,75.69079905355898,27.827564780011564,27.827564780011564,22.69559788888889,0.1821463196332452,38.12866880394318,50.4,177.35305749271527,26.341710240831937,110.43114716648377,339.9531213422223,338.92479574380906,391.76894798732405,17.365304309646962,0.075483285,120.65416666666667,-30.1914,37.74025,20.0325,37.40915,,,,1.0816316379768978,5.829400457776501,6.9014289809674665,-15.732969,56.426933,28.646286,,,,,,
2020-12-15,-40.69182110367379,81.19246127064896,12.965654591484178,12.965654591484178,24.79039331989247,0.08267807474661533,32.52634823233633,4.0,174.3661676562164,11.877438062151125,131.64323552638766,347.66140986479166,347.36827951748194,391.31317967160993,21.54545721712343,0.07013096,120.65416666666667,-30.1914,38.779045,17.6525,40.527866,,,,3.9753215470191208,1.536926996861439,5.52355169123075,-17.607439,61.160336,16.272058,,,,,,
2021-01-15,-33.878356190340654,75.7869400325895,17.73945672083696,17.73945672083696,25.126812883266293,0.0719910037026839,38.27609967757022,11.0,175.6226902719355,16.250571613741624,132.91808869164205,333.98581352409315,358.92217703802913,391.01158962021077,20.11868291812428,0.07579936,120.65416666666667,-30.1914,47.62359,24.04,43.76036,,,,,,,-22.448215,65.21787,18.946583,,,,,,
2021-02-15,-11.080544694026859,69.85796036969784,36.851333640138,36.851333640138,23.689552760416667,0.28681740874985895,44.95926379192123,93.59999900000001,158.0159527349256,37.375344006052664,93.72383241440082,296.51947618424106,359.26030066964285,391.3429659213896,16.427091712024485,0.085511826,120.65416666666667,-30.1914,56.47815,27.195,55.17572,,,,,,,-8.114114,60.6406,38.269005,,,,,,
2021-03-15,-15.898087028195988,72.43406323313866,25.915533820488296,25.915533820488296,23.96235567876344,0.2157697948991808,42.2965794965678,24.0,126.9973177078861,23.740424799115175,80.6576219354106,262.738646788473,353.67042143817207,392.2121219502196,17.513396342850637,0.101216055,120.65416666666667,-30.1914,48.0269,29.595,49.160915,,,,,,,-12.052384,62.072678,29.448318,,,,,,
2021-04-15,-14.308065662779441,52.10715239389504,10.31762036555904,10.31762036555904,21.819137322916667,0.11231112498782067,37.10575208336453,0.6000000000000001,79.04443940644445,9.766710389249868,57.252483917721754,206.4571737695139,335.8335402083333,390.4947116885229,16.71572849926001,0.11474307,120.65416666666667,-30.1914,37.731937,27.69,46.70159,,,,,,,-12.180769,50.419315,13.182551,,,,,,
2021-05-15,-8.383465882818925,40.654728510851875,19.310765499614813,19.310765499614813,15.764267217696672,0.16049693113559063,56.586720928061375,51.2,51.53424464805318,17.689999339103533,30.798127940332783,143.14355907122302,321.4744409830366,389.7810433125641,7.845695671518016,0.14719895,120.65416666666667,-30.1914,46.1594,31.625,43.302124,,,,,,,-7.359148,39.091404,21.566498,,,,,,
2021-06-15,-7.8871540875896695,41.27524268137144,15.92995533754877,15.92995533754877,11.604789473203047,0.26338849801401165,65.65571254857237,10.2,43.8780309012772,15.079374388969775,27.875929597879153,128.59683720685717,302.72306324471685,389.05619982559136,4.716972011139735,0.14479889,120.65416666666667,-30.1914,41.648483,28.105,28.885532,,,,,,,-9.704216,37.34898,15.80903,,,,,,
2021-07-15,-6.109182252403139,40.404535859731936,22.490363240392142,22.490363240392142,11.909753974462365,0.2592119004278106,69.29849807489194,52.199999999999996,47.18606747917742,20.60273120020391,23.49435413711499,124.31457302730445,310.0736930107527,390.9751786575686,4.303543086785848,0.15120906,120.65416666666667,-30.1914,37.897655,29.04,30.804585,,,,,,,-5.0363197,39.026073,22.86673,,,,,,
2021-08-15,-18.222328721327457,57.54882462313343,19.221620746183497,19.221620746183497,13.272672081317205,0.30361015887601583,50.73454977496492,14.4,76.3763032505223,17.60833656766571,45.53939157579847,191.88438060756928,290.93709373140484,388.8363618809884,7.560744045841552,0.12337839,120.65416666666667,-30.1914,50.786648,26.805,40.800835,,,,,,,-12.373686,46.527897,17.024475,,,,,,
2021-09-15,-33.48488419803268,62.3815863225888,13.312948208089718,13.312948208089718,15.798785089769197,0.1602213641676618,40.70874037755092,4.4,108.38208344476492,12.602102516731842,73.99641320115418,244.45436395986252,299.0174810427423,395.8128793183234,10.73926043314574,0.09678874,120.65416666666667,-30.1914,43.848003,24.895,39.416584,,,,,,,-17.610666,52.684647,14.910323,,,,,,
2021-10-15,-39.17843481859816,70.48135712698496,21.003858919540605,21.003858919540605,17.55112052620968,0.131627137672389,41.62606607931578,17.4,146.013040330168,19.240990234836033,91.25576289354997,291.2332190314852,312.97666609983304,400.8388719201861,11.840949593466748,0.07944222,120.65416666666667,-30.1914,48.975525,28.045,44.525173,,,,,,,-24.354504,54.47825,21.922703,,,,,,
2021-11-15,-37.48455692586077,73.88614561880125,26.992025113646555,26.992025113646555,20.915488915972222,0.13003390562189807,42.294745369459854,28.399998999999998,166.56207352366735,25.55078426652901,109.51822625930934,317.710511607313,334.52659756944445,401.8298226231476,14.493351199876445,0.0787114,120.65416666666667,-30.1914,60.60149,23.27,40.19346,,,,,,,-24.637518,57.92626,28.015118,,,,,,
2021-12-15,-35.539769332234485,81.39157309071669,13.639667918765493,13.639667918765493,26.394094374999998,0.09392605509444547,30.57592667791233,7.000000000000001,179.48966918275545,12.494880975762772,132.1187094586453,358.7583973284083,350.62796691979753,401.9920322310901,24.43966195080034,0.075789794,120.65416666666667,-30.1914,42.65695,20.8,39.548332,,,,,,,-18.597878,62.657448,17.523777,,,,,,
2022-01-15,-39.765300953789236,86.09303146214606,14.357152575289192,14.357152575289192,27.82149517423329,0.0748213661838119,32.19415385344861,0.0,181.0989406038306,13.152146639310617,140.6741210662392,362.0163867307796,361.6495868189211,402.7609861462356,26.012299152618155,0.077094756,120.65416666666667,-30.1914,,,,,,,,,,-16.502193,59.908978,17.059147,,,,,,
2022-02-15,-20.849026060459515,62.95339115151144,13.450886003822996,13.450886003822996,27.569705472244568,0.07040046572743083,31.52262954913261,5.2,153.72693084471993,13.642151909300637,116.00234912828299,317.212751427608,362.5089444796992,402.99781948558234,25.876178198152765,0.08344554,120.65416666666667,-30.1914,,,,,,,,,,-13.3572645,55.47664,15.768842,,,,,,
2022-03-15,-24.68594750766263,61.816353665809366,15.508151192344105,15.508151192344105,24.125082974846702,0.06880899705412051,45.55209533317256,12.8,119.28904424274792,14.206541131098973,90.94785261995284,253.13948280396716,357.49437353827045,401.55740922038825,16.69142911640831,0.090212956,120.65416666666667,-30.1914,,,,,,,,,,-12.694883,48.116905,17.870205,,,,,,
2022-04-15,-30.894842260786398,56.58251180344194,22.401282362174875,22.401282362174875,18.87422808419676,0.07509838243214936,58.26373178139549,15.6,75.89951734782484,21.205164507651343,63.998172331428705,181.5495273454638,340.937040507605,402.74249437828047,9.213536341722044,0.12634079,120.65416666666667,-30.1914,,,,,,,,,,-16.730976,48.95233,22.108608,,,,,,
2022-05-15,-25.004162693663822,47.74988295806382,20.76916828890215,20.76916828890215,16.008299905326474,0.08863586230300215,50.122561077512046,20.6,54.72107140830078,19.025997354260124,46.57669407411145,156.48170265090044,318.55291236823626,402.81205419419746,9.157982645298521,0.12861398,120.65416666666667,-30.1914,,,,,,,,,,-16.135853,41.252598,17.593327,,,,,,
2022-06-15,0.022214656799999982,0.15666348419999998,0.25804357320076377,0.25804357320076377,10.23928995,0.10001520354575984,78.16302165070721,0.2,13.371787624999996,17.58710308903872,-12.066319745365176,47.413827335,338.60192500000005,390.0148102019813,2.735938060445271,0.13590546,120.65416666666667,-30.1914,,,,,,,,,,-6.884855,14.258821,8.131085,,,,,,
