time,NEE_SOLO_EC,GPP_SOLO_EC,ER_SOLO_EC,Ta_EC,Sws_EC,RH_EC,Precip_EC,Fe_EC,Fh_EC,Fsd_EC,Fn_EC,Fld_EC,VPD_EC,lai_RS,LST_RS,Fpar_RS,soil_moisture_RS,LST-Tair_RS,spei_RS,solar_RS,Ta_RS,VPD_RS,precip_RS,precip_L1_RS,precip_L2_RS,precip_L3_RS,IGBP_class_RS
2010-10-15 00:30:00,-58.962966841801475,116.33732718692866,57.374360345127215,21.00235496908602,0.07353619954749105,49.89426697003003,39.2,49.122270358329274,79.6611469605369,273.3138040553091,155.62435163494624,350.05152358870964,12.653434755989855,0.5,309.8518,24.39040893659786,,15.236025,3.09,270.23224,21.211607,12.291474,34.816082,,,,5.0
2010-11-15 00:30:00,-55.012539527672786,101.00203756098867,45.98949803331589,24.270334057107373,0.054933066123072236,37.70241057600178,30.200000000000003,33.03075715763227,116.68473882643197,334.4146277078367,184.9269446160568,351.8543772097259,19.268887112614205,0.4333333,316.4457,22.35443510369827,,18.851387,3.09,334.73383,24.28283,18.08566,34.79545,34.816082,,,5.0
2010-12-15 00:30:00,-11.114246658383173,71.08457561838517,59.970328960002,27.474053537235616,0.06511629345143095,39.14496830357211,81.8,62.568041537345216,88.63058842650001,319.2048991360726,187.25796933013234,382.68076317153293,22.864155111747014,0.475,318.09622,24.660583190704426,,15.786562,2.7328973,318.0593,27.897581,23.204372,42.89754,34.79545,34.816082,,5.0
2011-01-15 00:30:00,-1.584217879106557,58.04706524052342,56.46284736141687,29.3862860483871,0.05303608126120071,45.42754769792347,55.199999999999996,47.13296855208152,100.43072612185897,311.6584260746523,186.3529023137769,401.70349193548395,22.982613185212173,0.49999997,320.64572,24.258930408060316,,18.740246,1.8805019,309.823,29.385487,20.896545,98.59798,42.89754,34.79545,34.816082,5.0
2011-02-15 00:30:00,-9.57935844431463,83.43308475644415,73.8537263121295,26.499220773809526,0.09127381009920635,63.88196759478551,160.199999,96.61492158992931,49.5945259312033,270.74625395003574,181.4714319859375,404.05859203869045,12.795886407273866,0.675,311.25452,32.76834357138457,,8.803152,1.9199164,274.69824,27.732859,14.774462,139.0208,98.59798,42.89754,34.79545,5.0
2011-03-15 00:30:00,-39.60817140394893,130.32067309793166,90.71250169398273,23.86755720678433,0.09044584147343235,66.53261533210134,125.19999999999999,85.20418799337904,45.36702362128019,234.98592675615313,150.939914013604,388.51282222686,10.098526953970026,0.475,306.94446,29.247310593248525,,8.640179,1.9028364,241.21114,24.849842,10.879559,99.7562,139.0208,98.59798,42.89754,5.0
2011-04-15 00:30:00,-47.29275311325274,111.03968935571396,63.74693624246122,20.486751878515943,0.04475989048269244,42.75015016455413,0.2,40.419321518120704,71.68322029459078,255.80909718842764,128.06859139023385,333.23413081415725,13.99658041331712,0.6333333,307.72418,34.42128071765057,,13.067144,1.7560737,252.77393,20.807001,13.243328,1.52446,99.7562,139.0208,98.59798,5.0
2011-05-15 00:30:00,-23.262735785434966,63.60250838348114,40.33977259804616,15.111252079838708,0.03803339955645161,46.452296182263666,0.0,10.966115474821578,74.32430415154231,208.34644246895164,86.67804007170699,303.7304543682796,9.273927996960962,0.52500004,302.27634,31.154406204862774,,12.766349,1.5170298,205.50328,15.744515,8.859247,5.856943,1.52446,99.7562,139.0208,5.0
2011-06-15 00:30:00,-7.521634941336992,42.47740731436455,34.95577237302756,12.414508119978846,0.05974203463888889,50.74385122493839,15.0,13.450226236197294,59.97435639627915,189.1617646085083,76.01920322361111,289.22347722222224,7.140786724193014,0.3,298.6044,28.637817567971844,,12.070304,1.5529736,184.88425,12.255502,5.6638107,7.729674,5.856943,1.52446,99.7562,5.0
2011-07-15 00:30:00,-7.777363452283815,35.97366565951955,28.196302207235732,14.265026678091397,0.043371244592293905,43.666908328524876,1.0,6.116881095608985,66.0397076922391,192.17105267159945,80.34110734663307,302.9293140456989,9.23008923680147,0.3,301.61093,27.274729240498175,,13.844209,1.720789,191.24475,14.183227,7.9156876,6.579855,7.729674,5.856943,1.52446,5.0
2011-08-15 00:30:00,-9.139335370950546,37.5090187546886,28.369683383738046,17.2657415672043,0.03334862907930108,29.901917062349316,0.0,3.0795708271479416,85.37000754455528,246.55154544147175,106.83512846122312,301.0008404569893,13.960606490239721,0.39999998,307.02145,24.748233074360826,,16.906767,1.7994595,237.71278,16.410646,11.778687,3.3709853,6.579855,7.729674,5.856943,5.0
2011-09-15 00:30:00,-6.136862910329468,34.34631093737503,28.20944802704556,20.50555722083333,0.028239045827777778,22.66588353947791,0.2,3.9918161423422966,91.48384848459322,254.96620251569442,110.00137945774306,318.59207097222225,18.929227099832413,0.4,310.78537,19.409948211021444,,17.725258,0.8587738,265.7253,19.335167,16.099377,4.710101,3.3709853,6.579855,7.729674,5.0
2011-10-15 00:30:00,20.943197730489196,26.296965784971945,47.24016351546114,24.98942779810261,0.043255071488112744,31.30170055160679,27.8,19.480217984943007,83.70418207606592,237.71577559270767,118.17845274546254,366.4230115635559,22.20495994381958,0.36666667,312.92572,20.041930139142906,,15.461971,0.22378026,251.76971,25.888065,23.121737,22.624434,4.710101,3.3709853,6.579855,5.0
2011-11-15 00:30:00,14.179131895871834,24.08466897082817,38.2638008667,26.358011951388885,0.04250967162268518,37.515289042644504,15.6,19.152946358249228,103.41288157947263,265.9469925636768,148.01858898715278,382.35411597222225,21.94879594148253,0.3,319.4271,18.657010376006127,,18.687202,0.28215668,270.46683,26.972832,23.022953,30.15968,22.624434,4.710101,3.3709853,5.0
2011-12-15 00:30:00,9.787454954047579,15.461132238830539,25.248587192878116,28.94676088037635,0.028868533002240147,30.127433695581647,11.2,14.17106440809685,119.50515954755149,301.37394493692204,165.69526019494626,389.43723702956987,28.667855094655465,0.325,321.02164,15.250603821228765,,17.87924,2.5277446e-05,303.8157,29.772097,29.281979,40.628628,30.15968,22.624434,4.710101,5.0
2012-01-15 00:30:00,15.902470004261094,28.92000869836975,44.822478702630846,29.897547681451616,0.04882520189359319,33.12958401123126,53.4,39.886470300135635,101.86202348046275,292.8235729022177,168.19358516122313,400.2307385080645,29.027285218376473,0.4,319.16376,20.7477745834605,,16.10011,0.042369608,298.23026,30.059193,27.388412,80.64014,40.628628,30.15968,22.624434,5.0
2012-02-15 00:30:00,14.405693927728612,15.930896578433256,30.33659050616187,27.807526357758622,0.03735517972413793,33.0109209472936,66.6,18.677091886820076,116.00552403368398,310.1718445607902,165.3721626860632,374.1085860632184,25.677458708118174,0.425,324.2376,16.964928254919606,,22.668964,0.20576772,309.0158,27.908794,24.701847,79.922745,80.64014,40.628628,30.15968,5.0
2012-03-15 00:30:00,2.3071755815684156,53.291698488872,55.59887407044042,24.266337788978493,0.06872281624327957,45.81068375880414,31.400000000000002,50.115157599279044,78.652927909004,259.11700376395163,146.05074942090056,369.8231551075269,16.756856624686645,0.42499998,314.50873,21.007345952579186,,16.42808,0.45934606,248.83138,24.366934,15.808405,62.903904,79.922745,80.64014,40.628628,5.0
2012-04-15 00:30:00,1.511538735877085,34.206657546963896,35.71819628284098,21.357738510416667,0.06244886254166667,44.83102384333685,32.4,30.90471685312083,72.16738982432645,229.80395659529862,115.32993790041668,345.55524604166663,14.245819838345755,0.325,309.50735,20.924250339680434,,13.695168,0.6269565,227.2955,21.998833,14.746347,15.465258,62.903904,79.922745,80.64014,5.0
2012-05-15 00:30:00,-3.021310454623769,16.412605477670212,13.391295023046442,16.03863624126344,0.04548430593974014,36.68003640279405,0.0,7.760176220798283,77.29516118776856,228.4204237831369,92.15942745967742,293.33112829301075,11.649080081554608,0.23333333,305.1848,17.935842044423225,,14.212593,0.54867166,223.01372,16.853874,11.451009,5.3232136,15.465258,62.903904,79.922745,5.0
2012-06-15 00:30:00,-5.826222505027387,9.92434561561615,4.098123110588764,12.881290258333335,0.03967391419212963,41.51847793262301,0.0,2.170139634126582,70.12613680271964,197.27359237257173,76.20609861319444,287.4627934722222,8.745358853411647,0.2,300.23038,16.58517871039679,,13.531387,0.65326995,194.31712,13.000168,7.5387716,3.276005,5.3232136,15.465258,62.903904,5.0
2012-07-15 00:30:00,-5.098293865190527,8.536860189116405,3.4385663239258775,11.988913979781579,0.03750723064325875,38.01946215163508,0.0,1.3933673676730265,75.29856258280157,215.05933455273927,81.90814236229447,274.5287232325859,8.734096596643496,0.2,300.31076,18.1999776977708,,14.899531,0.8910805,211.58528,11.854192,7.3648396,6.218296,3.276005,5.3232136,15.465258,5.0
2012-08-15 00:30:00,-5.793806178695606,13.729969029281042,7.936162850585435,16.76998443978495,0.031921374390681004,23.814131903693394,0.0,1.3947215817055458,82.58003810701666,252.33944739953628,106.22833997580646,292.89206673387093,14.695719313778838,0.3,308.13654,17.048770831482635,,18.638746,1.3537,246.0536,15.884356,12.53538,3.7300382,6.218296,3.276005,5.3232136,5.0
2012-09-15 00:30:00,-2.4377796099638607,15.451992177460134,13.014212567496275,21.77816066388889,0.02680441544490741,20.81592630809647,3.9999999999999996,5.865780550328375,92.80074437029351,273.1938285004861,123.37540922618055,324.3886632638889,20.991416490977308,0.3,314.8217,17.047032079888073,,20.07703,0.555294,276.43903,20.882168,18.063976,5.3686543,3.7300382,6.218296,3.276005,5.0
2012-10-15 00:30:00,2.4374509683777017,20.06151771231881,22.498968680696514,25.287636737932875,0.028484748423130313,18.429310999886198,10.2,8.325814089055855,111.92727794235726,308.74205767173214,149.22872769175686,342.55168779342836,26.849710593580145,0.3,319.45477,15.876355879724565,,21.028654,-0.020348502,319.17935,24.770967,24.114573,10.214218,5.3686543,3.7300382,6.218296,5.0
2012-11-15 00:30:00,13.182822763896462,22.991866373381832,36.17468913727829,28.882234840277775,0.04411160927083333,30.792140151323856,29.999999999999996,21.622810857833624,99.27866970682828,295.71768584390276,158.92640422534723,384.6964796527777,28.28633724831772,0.3,321.99265,13.93709489433935,,19.747538,-0.26368687,306.03006,29.143667,28.031723,35.865223,10.214218,5.3686543,3.7300382,5.0
2012-12-15 00:30:00,9.813988665081443,31.31509835772416,41.1290870228056,29.471011915322585,0.054427832552195334,34.41176613445431,49.199999999999996,36.11159154031293,104.18797198160797,299.0223940356183,167.2864665229839,393.1489879704301,27.76090160693975,0.3,323.51816,15.453126912305988,,17.40701,-0.40031585,309.5953,30.484684,28.510937,50.64303,35.865223,10.214218,5.3686543,5.0
2013-01-15 00:30:00,3.5007723923657466,27.808179711334112,31.30895210369986,31.900984092741936,0.03723163608266129,24.557871110035244,24.8,23.194678730961755,112.90057268620916,321.28801865551077,171.07662508106117,395.50846545698926,36.83641245842073,0.3,324.56,16.62176575636756,,19.49631,-1.0682364,323.0399,31.742582,33.79818,22.869118,50.64303,35.865223,10.214218,5.0
2013-02-15 00:30:00,-0.7849991468375604,16.277179943516998,15.492180796679435,29.406919471726187,0.026373433475694447,28.762579061527372,18.0,13.478254303254754,108.33589425099468,286.8469552362053,148.98924782589287,388.20460796130953,30.037622107622006,0.3,324.7633,13.884026890126945,,21.857931,-1.024176,280.6878,29.488749,28.43445,40.904617,22.869118,50.64303,35.865223,5.0
2013-03-15 00:30:00,3.145041844826763,13.871139469903284,17.016181314730044,29.048484784946233,0.03255711035192652,29.060383306807264,8.2,9.184351502009967,108.33457718894466,279.1473071673897,142.19244816008063,385.2459577956989,29.282234785812985,0.25,322.8293,14.798866459514773,,18.338839,-1.1738368,280.34274,29.255644,28.803276,16.204538,40.904617,22.869118,50.64303,5.0
2013-04-15 00:30:00,0.5714661637670089,9.85686207916081,10.42832824292782,23.771949444444445,0.043565944159722224,27.908122979827485,12.8,10.81781823788345,86.85356644263227,248.89747996950695,112.11994170763889,343.3987107638889,21.625530131851043,0.2,315.68573,11.956816938107364,,17.875547,-1.264501,245.70988,24.043001,20.967922,10.869291,16.204538,40.904617,22.869118,5.0
2013-05-15 00:30:00,3.7782290163920313,16.58736270606805,20.36559172246008,18.859769139112903,0.07028556188620072,47.23919609490151,34.00000000000001,19.12791029191582,59.219807092374914,191.64307168709556,86.78528640842742,334.47211075268814,11.636554054140541,0.17500001,305.94223,11.06611986311948,,12.946196,-1.180945,193.61185,19.888063,12.964299,35.16992,10.869291,16.204538,40.904617,5.0
2013-06-15 00:30:00,-5.6268043695436605,7.8927469051062875,2.265942535562628,15.356626824743197,0.05114349637724296,43.08539798030976,1.4000000000000001,7.5082931371035775,56.41386492292936,163.48674133344522,65.59032113842252,320.31940007500026,10.016191678231484,0.1,301.97882,10.684675798223244,,11.599756,-1.3310785,163.92361,15.966497,9.498192,7.2684846,35.16992,10.869291,16.204538,5.0
2013-07-15 00:30:00,-7.157505276581293,6.521748785361639,-0.6357564912196545,15.357118793010752,0.04082396864023297,37.945419361676876,0.2,2.0120721465807265,69.57152352211851,206.0760987379924,80.95660265405914,298.84160120967744,10.921108037643695,0.125,304.77417,10.385096601083328,,16.110077,-0.92016107,201.94148,15.167419,9.348071,11.868258,7.2684846,35.16992,10.869291,5.0
2013-08-15 00:30:00,-9.68304241461006,9.48291468564884,-0.20012772896121866,19.522445253360214,0.031037658579749106,22.347068572684904,0.0,1.2652076030032373,81.53742057576267,251.29947123037635,106.31273355200537,309.5618103494624,17.862879863721272,0.2,311.28287,10.82092303137963,,18.907904,-1.3115984,246.7257,18.755,15.7865,3.65211,11.868258,7.2684846,35.16992,5.0
2013-09-15 00:30:00,-5.377438184308883,10.249692463674457,4.872254279365573,25.001136868055557,0.02512199932314815,19.524176796343095,4.400000000000001,3.5456411093092566,84.10293828905512,275.6200156855079,123.13969227319444,340.77829979166665,26.03034846578301,0.22500001,318.67825,12.940020511892909,,21.37014,-1.5490423,270.0424,23.999,23.171177,9.240065,3.65211,11.868258,7.2684846,5.0
2013-10-15 00:30:00,-5.153992762297463,14.552987834702396,9.398995072404935,26.295447802419353,0.022057347923611113,14.509641665710998,0.0,1.9092215693730052,115.15252384191602,321.29090335136715,148.42204033395834,342.9122026881721,29.91641037667079,0.26666668,323.52606,13.428786946004783,,24.15312,-1.5230012,322.10275,25.792742,28.177135,8.191609,9.240065,3.65211,11.868258,5.0
2013-11-15 00:30:00,-5.414453392211765,16.113895675707518,10.699442283495754,28.351118486111112,0.01818111453164352,21.611879177753206,1.0,1.5055883897467948,110.48717900429318,301.0732742503445,147.588606305625,374.8141947916667,31.039988280639466,0.22500001,324.12592,13.230798943696318,,21.559633,-1.5039692,297.16818,28.731504,31.25698,26.026562,8.191609,9.240065,3.65211,5.0
2013-12-15 00:30:00,11.337788143939374,14.501051958566169,25.838840102505543,28.536467728494625,0.04359017890143369,33.682626590165114,38.0,22.736557102337418,94.76235497165759,275.7135066242339,147.62626639764784,391.37959072580645,26.552327519598347,0.25,323.90714,13.14794333331004,,19.829998,-1.1708176,268.43262,29.274677,28.350399,34.59987,26.026562,8.191609,9.240065,5.0
2014-01-15 00:30:00,35.959380375733545,6.661841283617056,42.6212216593506,29.018586303763442,0.07188267762768817,39.12345386392322,132.0,39.017574988950415,95.93934764956923,292.6571863496035,164.72059458051072,394.5094492607526,25.083808899745843,0.275,322.604,11.67099855287553,,20.970566,-0.39295578,293.24973,28.871933,24.047546,104.04461,34.59987,26.026562,8.191609,5.0
2014-02-15 00:30:00,3.692695678073786,39.311194240599,43.00388991867278,26.59247976934524,0.07204730730902778,45.81900764390604,53.400000000000006,62.97280617154541,81.48250712096656,283.87666302299107,165.89918469650297,385.66685104166663,19.30372460983439,0.4,317.10568,19.39862542573552,,17.295807,-0.115981996,279.59656,27.135895,18.849539,48.720253,104.04461,34.59987,26.026562,5.0
2014-03-15 00:30:00,-20.589098143286463,62.4226884284577,41.83359028517123,26.889154737903226,0.04798175898297491,31.62875110158589,4.4,46.22172040092786,84.40785139138008,299.30329914771505,157.13240024260753,367.0854793682795,24.799600262993685,0.475,317.53836,27.28945935825894,,16.379719,-0.012143662,296.05734,26.619518,22.677076,15.437096,48.720253,104.04461,34.59987,5.0
2014-04-15 00:30:00,-3.4779625171487774,44.82172306400876,41.343760546859976,23.053136388888888,0.06305894615509258,42.68101252664837,43.400000000000006,35.232157123482466,71.50399010677948,242.84081623958338,119.77802132506946,351.77964875000004,16.4479011440787,0.36666667,311.5489,22.959894652864662,,14.202248,0.26427728,241.62807,23.392998,16.079487,41.062134,15.437096,48.720253,104.04461,5.0
2014-05-15 00:30:00,-3.982528394634823,30.898805856042365,26.916277461407542,20.181835612231183,0.05135546008960574,40.160717708232596,0.4,12.490175729366944,59.25608155878747,197.6096094896515,82.90442725504032,335.07406337365586,14.351191738061473,0.3,306.86942,21.515138428678288,,11.832718,0.22784351,197.5881,20.873062,14.367086,10.906863,41.062134,15.437096,48.720253,5.0
2014-06-15 00:30:00,-4.845798544886384,12.965977190035002,8.120178645148616,14.250735772916666,0.04096252246759259,40.65194132611836,0.0,2.0897671042617807,66.48717941326505,199.31640190394404,69.02527230277776,290.04226812499996,9.714958370883656,0.3,301.94247,25.628584113521338,,14.262183,0.23789452,194.35959,14.046166,8.36503,3.0220704,10.906863,41.062134,15.437096,5.0
2014-07-15 00:30:00,-1.3228732631934466,19.35338488172425,18.030511618530802,14.047454483198926,0.05997776129928316,37.42315100004827,17.599999999999998,10.508664934895172,63.15497059074236,207.12253350134407,82.28957240329301,290.7996502016129,10.107453006313387,0.275,302.13354,23.897761960669335,,14.798044,-0.0014237809,203.80826,13.608389,8.600662,16.409334,3.0220704,10.906863,41.062134,5.0
2014-08-15 00:30:00,-5.388292995299329,13.279114545372073,7.890821550072744,14.747239659946235,0.042632535609319,27.43967811186428,0.0,3.760675431584782,91.51578877038068,259.14446956159946,105.72930728561828,281.73170920698925,12.271027594375724,0.3,306.01926,21.126102317452197,,17.243986,0.03054443,254.87602,14.888063,11.316507,3.7485914,16.409334,3.0220704,10.906863,5.0
2014-09-15 00:30:00,-3.658863284026515,13.801598263744253,10.142734979717737,22.54154444754319,0.028298856044798454,18.103902565644947,0.0,2.2139798589687643,97.81813524698192,300.5981388788231,133.43969578375047,320.37579824530746,22.766925849547732,0.3,316.72485,20.48107713197374,,21.564623,0.2650435,293.98917,21.329664,19.684816,6.0680327,3.7485914,16.409334,3.0220704,5.0
2014-10-15 00:30:00,0.5576440348688863,11.886948147595872,12.444592182464758,26.622845742283904,0.019686009143167087,13.395418291619306,0.0,-0.20809522526820812,116.83305946241896,339.2364170587264,156.5209471296066,343.11360853069283,30.912330269093385,0.3,322.72,16.162231235603727,,22.367643,-0.88440114,326.28058,25.955965,28.765118,8.001101,6.0680327,3.7485914,16.409334,5.0
2014-11-15 00:30:00,8.499460558460436,14.928401313757686,23.427861872218124,29.259488618717114,0.03434810383141323,25.10462534741305,30.599999999999998,12.932260408869466,96.6856653978308,283.7274996813317,142.68230494433055,388.76150927857503,31.304993231694404,0.3,323.2017,14.972975825784959,,20.104374,-0.84599763,282.00616,29.965664,32.402687,29.559345,8.001101,6.0680327,3.7485914,5.0
2014-12-15 00:30:00,1.7171652008120937,47.706154415793094,49.42331961660519,28.354702184139786,0.07671007894041218,43.64185341482312,94.60000000000001,50.3173033804124,83.91479866016893,301.16692346450765,177.78079197090054,396.4596531586021,22.321374700357826,0.32500002,320.0753,19.65424999861588,,17.958338,-0.09316238,296.31866,29.226294,23.43567,85.94753,29.559345,8.001101,6.0680327,5.0
2015-01-15 00:30:00,-8.677083330845687,69.7574158675921,61.08033253674641,26.54732172043011,0.09486474599462365,51.758461737828895,151.4,81.73689309461122,52.943493124429466,261.58271990301694,163.7125082751344,398.22967540322577,17.14076441551089,0.5,319.66,21.884662855365665,,18.775003,0.6407845,262.17142,26.664999,16.255949,113.34492,85.94753,29.559345,8.001101,5.0
2015-02-15 00:30:00,-27.53137476086429,66.50079336910363,38.96941860823934,30.227207805059525,0.03704397324652778,26.131006422107703,1.8,54.638596778409834,84.71771164456426,327.03214512554314,177.04957716793155,386.3734146577381,32.69549145650475,0.6,322.44946,28.849426041221466,,19.134563,0.041118145,323.30933,29.493214,28.611805,7.8273325,113.34492,85.94753,29.559345,5.0
2015-03-15 00:30:00,-4.787766951722554,35.419215539548915,30.631448587826362,28.72612647849462,0.02539668401052867,20.542980077618328,1.4,15.70222792662161,102.7869290684017,303.02967546787636,145.74390560564518,370.75941787634406,32.1748938386011,0.425,322.14667,24.092329317090666,,20.562944,-0.12796259,298.73804,27.745161,28.73808,10.758812,7.8273325,113.34492,85.94753,5.0
2015-04-15 00:30:00,6.130078348423569,16.310748199599118,22.440826548022688,20.709423324305554,0.04618434228009259,31.85256679686842,15.0,9.827515275578223,84.84482707158125,242.51502620969848,105.22715474789584,329.9900322916667,16.895886638088665,0.33333334,312.3325,22.691782401362033,0.111925684,17.761913,0.11898158,235.87193,20.83434,16.00187,9.078837,10.758812,7.8273325,113.34492,5.0
2015-05-15 00:30:00,-1.6105608728818122,12.609726784987082,10.99916591210527,17.592077756048386,0.0406487028875448,33.168028276714146,0.0,2.9234110685765815,74.76006533162219,222.18908680309812,85.68106837258065,307.7518871639785,13.59234289035805,0.275,307.49997,24.175814596854515,0.09850902,15.318346,0.2918217,218.63051,18.125807,12.5875635,7.4427958,9.078837,10.758812,7.8273325,5.0
2015-06-15 00:30:00,-0.5494125587249696,9.808486069712984,9.259073510988014,15.290704627083333,0.04576174918518519,48.12698264811795,5.800000000000001,4.507913947675341,61.567161843859665,194.72391370680555,70.76227902222223,301.94456875000003,9.089767788847075,0.26666668,302.317,24.322192199582005,0.11359343,13.4620495,-0.052448034,187.3727,15.333666,7.9806595,5.7579584,7.4427958,9.078837,10.758812,5.0
2015-07-15 00:30:00,-6.201725995414801,9.457837142290186,3.2561111468753863,13.474801493005875,0.04006968612455197,35.37797265568576,0.0,2.0040168461082364,70.46513421024552,215.57710805853495,79.09052664865592,283.7173549731183,10.050957805450235,0.26666668,302.49362,18.590520298663463,0.10004781,16.124052,-0.852465,206.84364,12.990969,8.469035,5.9990144,5.7579584,7.4427958,9.078837,5.0
2015-08-15 00:30:00,-5.606422196921567,10.345449751710934,4.739027554789368,16.70974586609785,0.032676441733870965,31.152465145478367,1.2,2.4763763891925747,80.74525970801962,243.1073608735887,100.55466207862902,300.90188534946236,13.228629175754191,0.3,307.83694,19.27636112038248,0.10307211,18.439337,-0.37741947,235.48389,15.894678,11.668243,4.502316,5.9990144,5.7579584,7.4427958,5.0
2015-09-15 00:30:00,-5.072914765883279,12.66617752364483,7.593262757761551,20.010092180555556,0.027206240435185183,19.856223694912085,0.0,1.5357878657366475,103.95179220154718,300.55948850425,129.76403500319446,305.30320020833335,19.013535448180114,0.3,314.4023,16.990243405983072,0.102740735,22.057919,0.66484964,292.9244,18.825169,16.37677,4.563925,4.502316,5.9990144,5.7579584,5.0
2015-10-15 00:30:00,-1.1400444219696713,15.644504321185412,14.504459899215739,27.690773689516128,0.020617359443996414,15.834390490833343,0.0,1.9898679106467099,105.12651173336124,311.36115721922715,141.67843175006047,354.52657607526885,32.036322011069274,0.23333333,322.87045,14.019573589576115,0.10703259,22.71884,-0.63811576,307.5381,26.675325,29.085976,8.211713,4.563925,4.502316,5.9990144,5.0
2015-11-15 00:30:00,5.22242143834192,17.374223008691416,22.596644447033334,29.967726624999997,0.030714169258564815,20.345129517085457,22.4,12.010157777466,105.39344818101716,322.8356044115972,157.55070683902778,375.81654173611105,34.72048893667965,0.26666668,324.60114,14.949851206414467,0.11512017,21.33994,-1.0914071,319.95758,30.011166,34.579006,20.293064,8.211713,4.563925,4.502316,5.0
2015-12-15 00:30:00,19.06038706692599,40.084244960525396,59.14463202745138,27.846107607526882,0.08175772649865592,46.760700834053644,116.599999,54.60446413900637,81.93752538110981,280.4599975155406,168.64999454844758,399.67872237903225,20.454291367357495,0.275,319.345,12.407851909799037,0.13252208,16.440067,-0.41199663,277.50894,29.345486,24.826677,74.449135,20.293064,8.211713,4.563925,5.0
2016-01-15 00:30:00,-15.063388774377096,68.52529791575859,53.46190914138148,29.061730907258063,0.05815358233422939,41.3568983057946,38.79999899999999,58.6546009143554,77.34604399702914,302.7228388638441,176.4345872563172,398.8079918682796,24.225583456177286,0.475,320.98502,22.254685847769043,0.11629611,19.568497,-0.2968872,293.1825,29.137741,24.13853,60.223686,74.449135,20.293064,8.211713,5.0
2016-02-15 00:30:00,-6.966936297565662,47.71698453996554,40.750048242399885,30.282556795977012,0.03584272751676245,29.84433181841186,5.2,32.32718226698765,98.23188257742167,313.29439294177587,163.33131174640803,389.3710275143678,31.153434685858272,0.46666667,325.2233,23.32134537484217,0.1003417,23.315361,-0.47953284,308.34927,29.812416,28.756502,46.819008,60.223686,74.449135,20.293064,5.0
2016-03-15 00:30:00,8.000885355335106,33.02309620080818,41.0239815561433,28.84607206317204,0.045585104484767026,38.29865024361971,27.200000000000003,25.933471379858226,91.49097987648715,261.1818302119851,142.38643099751343,397.5676044354839,25.16409302297787,0.45,321.1906,22.01541756638078,0.11284919,19.857939,-0.67007047,267.5441,28.993227,24.637154,33.992126,46.819008,60.223686,74.449135,5.0
2016-04-15 00:30:00,0.1525290338918479,18.288184130616013,18.44071316450786,25.328557868055558,0.028595916759259262,23.06273142734547,0.0,3.980831966656546,85.40492738929464,248.54624054729172,109.15016980063889,351.65879819444444,25.387811978195714,0.275,317.51218,20.782837061185838,0.09643567,19.95358,-0.6509075,253.83102,24.695498,22.96251,2.9963388,33.992126,46.819008,60.223686,5.0
2016-05-15 00:30:00,6.221014376190762,26.88094012186035,33.101954498051114,20.013484373655913,0.07136623526433691,47.417641827311925,51.8,24.308303523711757,46.82577271646879,169.90511059820602,77.60962486607927,347.2631290711247,12.477460089406422,0.26666668,305.43768,16.587171590109303,0.13272682,12.400251,-0.36924618,178.62154,20.732256,12.835217,40.493713,2.9963388,33.992126,46.819008,5.0
2016-06-15 00:30:00,-3.143674101986303,26.246718450394923,23.103044348408616,16.330409219444448,0.07108621834722223,57.257552739929515,7.800000000000001,16.647957207385975,52.6111262449049,175.10695114128822,82.96334290700163,328.24438299111426,8.013596242019805,0.175,301.11777,15.453024951428569,0.12782174,11.323164,-0.72246075,179.02776,16.629168,7.2069283,11.077611,40.493713,2.9963388,33.992126,5.0
2016-07-15 00:30:00,-0.148582595809307,10.128253723843043,9.979671128033734,15.097862436559138,0.056089503557347674,44.29722714374477,8.600000000000001,8.772631379673959,59.645052064349514,180.385705382967,79.26326314140287,315.2137724192942,9.638728820020921,0.2,303.08197,12.46853668396681,0.108483575,14.741578,-0.9383944,184.0651,15.01242,8.584917,9.079736,11.077611,40.493713,2.9963388,5.0
2016-08-15 00:30:00,-4.634783208867955,13.670879755471017,9.036096546603062,17.081308414650536,0.04548770815188173,36.867515598801816,19.6,6.480278270831654,77.42128256809555,220.60527840053763,103.22422928098119,318.47598568548386,12.424881250615625,0.225,307.62198,13.480751150523718,0.113571405,17.77702,-0.985046,223.68578,16.800648,10.775298,7.5421157,9.079736,11.077611,40.493713,5.0
2016-09-15 00:30:00,8.608642832375509,29.412414047157203,38.02105687953271,19.6054383875,0.08815248805787038,49.52084114275691,70.2,36.24578435363246,69.2652599213326,234.9680170970139,130.6321003523611,344.120661875,11.673184573218645,0.25,308.15442,15.887931607838516,0.1374571,15.730959,-0.074766316,242.50774,19.694334,11.381621,24.991219,7.5421157,9.079736,11.077611,5.0
2016-10-15 00:30:00,-12.184510314216482,40.38444639878108,28.199936084564598,22.732425611559137,0.055378014818548385,26.698540449373926,4.4,24.8910470240389,96.2389529721843,300.41555476801074,157.76398308051077,338.9848383736559,20.62041633514521,0.375,317.1482,22.249172365936474,0.10775083,21.965906,0.99255604,301.06033,22.083227,18.379307,8.517353,24.991219,7.5421157,9.079736,5.0
2016-11-15 00:30:00,4.172239407362012,23.902477721727863,28.074717129089876,27.300501284722223,0.048696675432870366,27.03289705521322,37.4,29.854460454332365,108.38547561791825,316.64544529756944,175.7449321861111,372.52393812500003,27.13037817106169,0.3,323.84314,18.779637836426957,0.1255514,22.497643,0.41068998,330.6752,27.778664,28.17055,15.443712,8.517353,24.991219,7.5421157,5.0
2016-12-15 00:30:00,19.770800652491676,31.578620025393462,51.34942067788515,27.30732933467742,0.08205262097670252,54.35290886900532,364.39999900000004,45.61927574126845,77.38543222020361,236.41650466223118,149.2222085139113,409.5835049731183,16.97931519240806,0.32500002,319.23557,15.248058720307462,0.15168172,20.907503,1.6312608,257.10123,28.855803,20.339256,138.81335,15.443712,8.517353,24.991219,5.0
2017-01-15 00:30:00,-13.158802017781126,99.78611283247845,86.62731081469732,28.054834059139782,0.11993071295922939,61.84322152033764,180.2,111.15258691649811,56.03489900000781,287.1548514511425,204.55048286518817,416.36640692204304,14.844017137947416,0.525,314.62,28.339576170160555,0.16641088,11.771551,2.6019554,297.07288,28.58645,15.324917,232.44127,138.81335,15.443712,8.517353,5.0
2017-02-15 00:30:00,-52.13379230702194,115.66045211112899,63.526659804107055,27.99866086309524,0.061184858563988094,40.78019335836534,10.6,103.79091553221464,55.48262170893323,313.8813772681548,196.08332322470238,388.18783593750004,22.960786835413845,0.87499994,315.761,39.675020963230466,0.11449631,15.410513,1.8729208,307.57272,27.54893,20.307594,25.778225,232.44127,138.81335,15.443712,5.0
2017-03-15 00:30:00,-30.92912989993875,97.38817531927658,66.45904541933783,28.573284536290323,0.03557200128808244,28.012028505024574,0.8,65.52869145391955,62.66186031609071,275.56738651881716,153.11943426579302,386.2223590725807,28.886089382206304,0.8,316.93417,37.89944574600184,0.107773736,15.168673,1.2607113,263.10855,27.933867,27.003328,9.906387,25.778225,232.44127,138.81335,5.0
2017-04-15 00:30:00,-40.55730214185562,85.7666131054641,45.20931096360848,22.59997654861111,0.03205315719444444,29.475757332310817,1.8,29.39893975618861,79.3574300620187,248.23189506805554,122.12596207484029,348.5437901388889,19.67681834286887,0.7,311.21896,37.34179051290206,0.1052815,14.022715,1.1826441,229.74152,22.6715,19.031914,3.6824422,9.906387,25.778225,232.44127,5.0
2017-05-15 00:30:00,-22.68461152014021,57.428894383552404,34.744282863412195,18.681394467741935,0.033861855181451614,33.20562269242743,0.0,12.700369066581338,68.90656063161099,215.93539602822577,93.96558068723118,321.4075627016129,14.565253456602042,0.6,306.57217,35.07376109210024,0.10583029,14.054487,1.2230678,203.77461,18.930162,14.206624,7.972392,3.6824422,9.906387,25.778225,5.0
2017-06-15 00:30:00,-19.235473508241473,44.41003649481337,25.1745629865719,13.798629763194443,0.03707747833333334,39.40510637460665,0.0,8.489818192339785,63.18223915632676,195.32274385659727,75.75285233422223,294.50564777777777,9.628211145731832,0.475,300.98087,34.922362686765645,0.10328793,13.441558,0.64403355,185.38966,13.909333,8.778497,3.1103797,7.972392,3.6824422,9.906387,5.0
2017-07-15 00:30:00,-7.409445248393687,52.18036915876658,44.7709239103729,16.066837574596775,0.07042856647849462,41.42247987354459,23.2,16.449211202164605,55.5857552654687,194.4360758090054,87.44745890188172,314.2800571908602,10.796348738989645,0.425,302.1888,31.950605763961935,0.12881236,13.424291,-0.7281898,189.01208,15.626613,9.834848,11.647861,3.1103797,7.972392,3.6824422,5.0
2017-08-15 00:30:00,-17.77505119345338,48.88878664502718,31.11373545157381,17.54942073999707,0.045948590744091695,27.289837126401913,0.0,10.805234993909483,81.88720553190905,242.7473281532258,111.00802772151296,310.09563235381546,14.747393419884903,0.5,306.89072,29.078607623450285,0.10787074,16.624317,-0.9835221,228.67384,16.615002,12.864155,3.8319218,11.647861,3.1103797,7.972392,5.0
2017-09-15 00:30:00,-8.290343368954916,34.88522037600164,26.594877007046726,21.853461697222222,0.03259235801388889,19.53064331464463,6.2,10.867694439451926,89.76324044086276,271.32146586527784,128.27066740701457,329.66965425607543,21.432600527776707,0.45,312.93387,27.323661931075105,0.11135488,19.073133,-0.43226165,265.18515,20.086168,17.62189,7.557789,3.8319218,11.647861,3.1103797,5.0
2017-10-15 00:30:00,2.845523668282955,33.52336695600627,36.36889062428923,25.073458844086026,0.04003430494623656,31.218927522789233,17.200000000000003,20.58453605284615,101.36726252222238,281.7164059497984,150.18099423340055,360.81998770161294,22.34606578040407,0.46666667,317.75156,21.76317616577652,0.1248388,18.937166,-0.44277987,282.0714,25.14984,21.796906,14.819117,7.557789,3.8319218,11.647861,5.0
2017-11-15 00:30:00,13.669837453130569,50.229406716436806,63.899244169567375,25.943429236111115,0.07480474737268518,40.46347138956268,95.19999999999999,52.542468926092866,83.76516169856778,288.4252117834722,176.0377008217361,379.2859975694444,20.39434173735655,0.45,315.883,24.188902490972183,0.1468389,14.238085,0.5879612,299.27087,26.914167,22.031338,63.581047,14.819117,7.557789,3.8319218,5.0
2017-12-15 00:30:00,-0.6602428097546973,66.1139913830295,65.45374857327481,28.76556927419355,0.050273407612007166,33.05115449097937,28.000000000000004,46.06443067447618,97.81073313445037,297.5068483162634,179.99177035571236,394.5098911962366,27.173663727180397,0.55,319.8362,26.56546456889239,0.12103849,14.783859,0.21417761,305.01797,29.706131,28.718285,26.45447,63.581047,14.819117,7.557789,5.0
2018-01-15 00:30:00,9.482894000997247,41.13510899656534,50.618002997562584,29.944160544354837,0.04019618171370968,36.97378651831781,31.6,27.667391033906412,123.05458010502375,306.8839471551093,185.7657615270653,402.2304381952977,27.434054445266845,0.46666667,322.372,21.344824522648853,0.109661974,18.826227,-0.05294287,310.42407,30.31629,25.725172,54.01517,26.45447,63.581047,14.819117,5.0
2018-02-15 00:30:00,10.46725882052217,29.4390241469476,39.906282967469764,30.49374867559524,0.042814480151289684,33.08707790438371,20.200000000000003,26.98961822424123,105.26671857845902,273.95007086763394,163.68913786093006,410.4062404761905,30.085485019353065,0.42499998,321.9218,20.084813756888707,0.110513814,16.742962,-0.37738398,270.45303,30.10857,26.79059,27.109596,54.01517,26.45447,63.581047,5.0
2018-03-15 00:30:00,12.597815177513674,26.246879575997518,38.84469475351119,27.343924099462367,0.04903766868727598,31.533066108256023,26.000000000000004,22.944261884990492,110.4815281336635,277.14205592997314,150.16773855463708,375.01934892473116,25.523692385974474,0.35000002,319.108,20.317500823194973,0.11160544,17.25995,-0.42711014,265.1247,27.280485,25.391441,27.788399,27.109596,54.01517,26.45447,5.0
2018-04-15 00:30:00,3.7131912585618867,18.684362480097423,22.39755373865931,25.22947526388889,0.035684203476851854,26.1852962274509,8.799999999999999,10.96449076686159,90.60509415459778,241.83796173368052,117.7514762234375,358.4787879861111,24.210765917063082,0.3,315.07547,16.855462356598217,0.10285719,17.086763,-0.5973749,231.72835,25.254667,23.18716,3.1501937,27.788399,27.109596,54.01517,5.0
2018-05-15 00:30:00,0.04149182733098855,8.42701718047217,8.46850900780316,17.187718159468343,0.033002012552580284,30.667352596702635,0.0,2.0463118580679978,82.53962926234018,214.67415370076094,92.48035706168515,310.8021588509518,13.738975106276055,0.275,305.74716,19.8513733354401,0.09656537,14.525475,-0.9565846,198.13693,17.828712,13.034093,7.0209236,3.1501937,27.788399,27.109596,5.0
2018-06-15 00:30:00,-3.4319581614058308,6.067860357605832,2.6359021962,14.443160008785107,0.03378101935747086,31.37593100721593,0.0,1.6572607931200838,81.76157298829885,207.34462939716477,89.77439112741811,298.1641104889121,11.376262353399738,0.22500001,302.40997,21.44733905819353,0.09866752,15.092324,-0.98236346,187.19908,13.734,9.104248,3.0086105,7.0209236,3.1501937,27.788399,5.0
2018-07-15 00:30:00,-7.779267659295325,11.509365088788542,3.7300974294932177,15.010095545717181,0.034383509052421254,26.71429381422856,0.0,1.1849925012631939,72.03852209899208,211.19362107676517,88.67252141602059,294.5049406866998,12.608721060933956,0.25,304.65927,20.208712500788952,0.10283066,17.13733,-1.0025167,196.82646,13.948546,10.524652,6.225265,3.0086105,7.0209236,3.1501937,5.0
2018-08-15 00:30:00,-5.488900292200965,12.204888308972343,6.715988016771379,15.897389099462366,0.03168903404121864,21.603684394567235,0.0,1.5533580146278358,88.09331386786472,246.99606664737905,111.00714384677418,294.0916117607527,14.29100501781356,0.3,307.34897,19.848335684313497,0.10407032,18.934464,-0.69603604,226.60168,14.729356,12.30718,3.921161,6.225265,3.0086105,7.0209236,5.0
2018-09-15 00:30:00,-2.73630188567554,15.2345765709067,12.498274685231161,21.061492825694444,0.02671376212037037,18.673508027178798,0.0,1.9624842826330513,103.95510625385474,274.36970710444444,132.7825250847639,325.75565381944443,20.614085164380707,0.325,314.77997,18.988781490796494,0.11154057,21.366173,-0.7094165,258.831,19.869667,18.581345,4.601177,3.921161,6.225265,3.0086105,5.0
2018-10-15 00:30:00,3.6471299704631077,15.918122770087669,19.565252740550775,27.334816048387097,0.02267984761984767,24.11211441455797,3.2,4.387872004958162,101.35576873578361,266.14734980766127,140.35786021780913,378.07740625,28.274651969817743,0.3,318.48502,18.91522702696078,0.11461884,17.639902,-0.6208244,274.60428,27.049032,26.76543,15.555342,4.601177,3.921161,6.225265,5.0
2018-11-15 00:30:00,5.868290238344348,15.429644135591026,21.297934373935373,28.039341291666666,0.02355283401435185,32.1443504663904,6.8,5.3613296057028546,109.40143712398687,269.2103876572917,150.06784800069443,390.9570246527778,26.37321949895484,0.3,321.59375,16.661827431411282,0.11694596,19.560785,-0.58930075,277.73532,28.479834,26.250225,26.254868,15.555342,4.601177,3.921161,5.0
2018-12-15 00:30:00,7.189676011607034,18.945563757238034,26.135239768845068,32.05093287634409,0.021032525843100357,19.152368447012204,10.200000000000001,7.492174792669823,135.35391968780343,331.3275409311828,181.9142409892473,396.6506109543011,39.82241977992117,0.3,326.12,17.80592757651295,0.10803365,21.323715,-1.6536894,329.6968,32.440323,39.61034,6.634781,26.254868,15.555342,4.601177,5.0
2019-01-15 00:30:00,0.5394813409963918,19.40915917166657,19.948640512662962,33.77377891129032,0.013851339629094982,19.70714984052439,0.2,-0.10483835764057318,133.89172336795764,317.56493257076613,172.7300792869019,412.34635987903226,43.70148752604222,0.3,326.4558,15.31483416273541,0.10546381,19.817787,-2.2372754,318.29077,33.224846,38.495434,14.5881,6.634781,26.254868,15.555342,5.0
2019-02-15 00:30:00,0.6748202922208872,12.948285767829223,13.623106060050109,30.721448125,0.015260759055868059,18.48838092476127,0.0,0.1516974662083076,137.20632028260295,321.3810291122768,166.95606944851193,384.09247529761905,37.14363127352441,0.3,326.63815,18.208228268316546,0.10378341,23.2194,-2.2456918,310.7515,30.178213,33.20482,7.6161127,14.5881,6.634781,26.254868,5.0
2019-03-15 00:30:00,0.5299282028051391,12.094235628760888,12.624163831566026,29.294502284946237,0.016783091051299284,21.880738436736923,0.0,-0.8588262596982418,123.89903626790304,288.43075841780916,144.1730776967742,379.42200530913976,32.72044891559709,0.3,322.4376,17.66527017692432,0.10368891,20.497725,-2.2855303,277.58368,29.02968,30.653542,10.914235,7.6161127,14.5881,6.634781,5.0
2019-04-15 00:30:00,-2.555234309655349,9.798218174227975,7.242983864572626,23.25111054166667,0.02131061948287037,28.814801024207576,0.0,-1.3852891156620977,101.00165012085523,244.86459534284722,113.77867581513195,347.7440213888889,20.67844569179584,0.3,316.14432,19.619342936003115,0.10133608,19.428303,-2.2772386,230.98384,23.368664,19.44279,3.0997438,10.914235,7.6161127,14.5881,5.0
2019-05-15 00:30:00,-0.16097136967795955,10.458148530780026,10.297177161102066,17.886885893817205,0.03810877787858423,41.79770749064049,11.2,10.85986412940954,75.6493114549073,205.42547648689515,89.72587771438843,322.37434993279567,12.063244872004912,0.275,306.90085,20.29605642631202,0.111458555,14.668894,-2.342476,196.46431,18.73113,11.316313,10.312424,3.0997438,10.914235,7.6161127,5.0
2019-06-15 00:30:00,-3.8119738412421778,6.2503792684171495,2.4384054271749718,14.021761373189019,0.03350554451388889,37.7881833171658,1.5999999999999999,1.9495718742271195,70.89827666716927,194.6827202083333,78.28847600486111,298.2903959027778,10.031513404315998,0.275,301.8739,22.777135995313785,0.10094203,14.516483,-2.009587,185.62888,14.138332,8.89794,4.03915,10.312424,3.0997438,10.914235,5.0
2019-07-15 00:30:00,-7.5875133900841805,10.617172611974702,3.0296592218905216,15.538457567876343,0.03021356974014337,28.62954285809606,0.0,0.2612725551074047,71.73712173909574,209.43704784334676,83.69286542271506,298.88844845430106,12.709967395205265,0.25,305.62784,21.988911586233886,0.09501531,17.161686,-1.4616065,196.35976,15.087581,10.95418,6.0919576,4.03915,10.312424,3.0997438,5.0
2019-08-15 00:30:00,-6.372814862183644,11.25965365624992,4.886838794066277,15.426457719758064,0.02761392052419355,25.20704446675519,0.0,0.2634567884615718,91.69320751028332,248.60628635483872,107.33472983198926,292.8889797043011,13.222606416337724,0.3,308.1083,19.02260327198336,0.10307766,19.57491,-1.2302294,226.73611,15.095806,11.714752,3.8319232,6.0919576,4.03915,10.312424,5.0
2019-09-15 00:30:00,-2.2933408153727894,15.735074283026874,13.441733467654085,20.911813381250003,0.030966661157175925,19.228452091732677,8.399999999999999,5.369949735631789,95.68721369657024,268.823516153125,125.40596327159723,324.354704375,20.282040783045673,0.3,315.8965,16.035115550840395,0.114390954,22.42505,-0.24909166,248.13268,20.073668,18.46539,13.127881,3.8319232,6.0919576,4.03915,5.0
2019-10-15 00:30:00,-0.13727558920118632,17.4961182974844,17.358842708283216,26.952370288978493,0.02371929593481183,14.949821546213839,0.6000000000000001,3.015712075011109,108.63996817975885,298.55525124327954,146.08805708716397,358.54104206989246,30.967171197385866,0.3,323.208,14.708768855152373,0.11241222,23.244083,-0.7404897,286.05136,26.575161,28.966473,6.4682455,13.127881,3.8319232,6.0919576,5.0
2019-11-15 00:30:00,-3.3091507578672696,17.81461101774199,14.50546025987472,28.494214805555558,0.01647770724576389,12.835714562162247,3.4000000000000004,4.044872809677019,130.580717496689,336.570167266875,168.4898965527778,362.4025771527777,34.811219585174946,0.3,325.11365,14.492456373585846,0.111918174,23.812178,-0.8593554,328.65738,28.407335,34.537323,9.784344,6.4682455,13.127881,3.8319232,5.0
2019-12-15 00:30:00,-2.2816871654445867,22.163311217505736,19.881624052061152,32.5092022311828,0.015157968714998209,15.503466631255796,9.600000000000001,5.13929478191703,119.1936465297506,316.25759733501343,161.2980793813172,395.9829223790323,42.7445033959405,0.3,327.40088,14.884188296258982,0.113551274,21.756996,-1.7441268,316.57333,32.475,42.08946,17.209412,9.784344,6.4682455,13.127881,5.0
2020-01-15 00:30:00,28.402518855207514,13.643248524553531,42.045767379761045,31.000079018817207,0.056785301682347675,34.30955458680557,75.19999999999999,37.17164620667929,95.15307005300275,271.71285519260755,158.80423559213708,418.514722983871,30.428064462735676,0.275,321.99454,14.072101542167982,0.11971023,17.609346,-1.663572,284.57288,31.630644,32.3637,48.799725,17.209412,9.784344,6.4682455,5.0
2020-02-15 00:30:00,18.13509424199447,38.41808838317484,56.553182625169306,30.02043693247126,0.06860467783285441,29.76525215450166,92.60000000000001,51.0235258598058,88.16697459119482,297.83960919956894,168.74411484885056,398.7908112787356,30.709854185317663,0.35,324.3365,18.74167637712549,0.118410826,20.144024,-1.603644,299.20575,30.25069,31.482494,45.407486,48.799725,17.209412,9.784344,5.0
2020-03-15 00:30:00,-16.449865738397328,67.27194735382945,50.82208161543211,26.520245315860215,0.0586576639202509,34.29972387921055,36.0,45.828530878777,81.79229307979018,276.35036754926074,147.65467093696236,373.18455154569887,23.305878259498176,0.475,318.67166,25.718718752296276,0.116208576,18.590956,-1.2873008,266.67413,26.403063,22.812565,55.85663,45.407486,48.799725,17.209412,5.0
2020-04-15 00:30:00,-3.714310813540273,32.62294831651067,28.908637502970407,24.944097243055552,0.03617607355324074,28.65069323423069,5.2,12.865333242100256,76.60994375747109,232.70899428659723,108.60180273447918,362.62670388888887,22.998064234402083,0.35,316.60474,25.661472349255444,0.10903129,18.399118,-1.2482437,226.93286,24.888998,21.400082,14.602814,55.85663,45.407486,48.799725,5.0
2020-05-15 00:30:00,-3.2752889404727683,18.3492779488622,15.07398900838943,16.24744291129032,0.036470279959677415,35.34214002283551,5.2,6.428255754262849,67.00723728780365,193.9647435284946,78.76973030114247,315.02266646505376,12.057424056672366,0.3,307.10284,27.316351735660614,0.10881883,17.206572,-1.0831592,187.31332,17.00339,12.133007,15.662438,14.602814,55.85663,45.407486,5.0
2020-06-15 00:30:00,-3.7296737714635024,14.153374797492836,10.423701026029333,14.42181221527778,0.038532154245370376,36.43824156505623,0.0,2.1794494229731494,68.10758551036766,198.02897647013887,76.28049106715278,297.962296875,10.522295041616923,0.3,303.93393,26.930500116623957,0.108783446,16.164558,-0.6817754,187.61188,14.376334,9.107097,3.0081842,15.662438,14.602814,55.85663,5.0
2020-07-15 00:30:00,-4.248810710494745,12.291658618170185,8.04284790767544,13.835858795026882,0.03593440909498208,33.41280334678377,0.0,1.6978383733502167,70.2884295807929,205.56687697950267,79.86843360934812,293.0414137768817,10.606354925920462,0.3,304.2696,22.917911486805433,0.111203514,17.371204,-0.31762597,194.46686,13.507581,9.062647,6.6514697,3.0081842,15.662438,14.602814,5.0
2020-08-15 00:30:00,-2.6126071666376074,15.469011411347495,12.856404244709886,18.894352190188172,0.03131115234543011,24.183083543547443,1.4,1.9602496698467817,77.16567468282318,244.33449808568548,106.84574420362904,315.16495450268815,16.75850093451666,0.3,308.9954,19.764858169528235,0.11868617,17.56133,0.14149353,227.3372,17.79484,14.154779,5.0645866,6.6514697,3.0081842,15.662438,5.0
2020-09-15 00:30:00,-0.6842505408079761,14.635777455877045,13.951526915069067,24.461458381944446,0.024259440557870375,18.325070162430293,0.8,2.629571981098115,93.4767847694597,274.2428602634722,129.86158980305555,348.85372173611114,25.56022196822602,0.3,318.87997,16.877023606986906,0.11823702,21.759186,-1.2888862,258.88116,23.432495,22.75499,4.5136223,5.0645866,6.6514697,3.0081842,5.0
2020-10-15 00:30:00,16.85597710201263,26.008798038673376,42.86477514068601,23.995345329301077,0.06621599420138889,32.62514584670444,54.599999999999994,30.18510757455902,88.39931976356706,286.9871594732527,153.60681455907257,357.06307150537634,20.490266368625,0.3,318.18842,16.101485647088158,0.1396993,20.327705,-0.46454158,279.38318,24.227257,20.585518,21.010065,4.5136223,5.0645866,6.6514697,5.0
2020-11-15 00:30:00,6.792128698284641,30.907472757001084,37.69960145528572,30.91227773611111,0.047264714997685184,18.669065127796223,34.8,25.602455707701896,99.05376811999461,318.14100460763893,169.48244466736114,391.0957556944444,37.47914438763754,0.3,325.2934,16.478244350941477,0.12234317,21.12034,-1.7172856,313.94675,31.24233,37.907402,10.932595,21.010065,4.5136223,5.0645866,5.0
2020-12-15 00:30:00,12.87190741311283,63.05266437561684,75.92457178872968,26.345809509408603,0.10443622446236558,49.88060601556505,315.4,73.58979814581272,58.6946054235403,239.43663341290323,154.46847915927418,404.3236067204301,17.592276470114424,0.4,318.08005,18.745924051624822,0.17677139,16.621975,-0.5384182,245.96028,27.675327,20.512714,75.823326,10.932595,21.010065,4.5136223,5.0
2021-01-15 00:30:00,-46.71598636503785,119.3953046055784,72.67931824054055,27.998054243359313,0.06285547218806124,38.16716153899949,44.400000000000006,93.03514614074598,67.66709101501485,317.7320299201613,199.8632912102151,395.7279784274194,23.97304473327519,0.7,318.317,33.86485634385157,0.13289124,16.967266,-0.21542223,318.3356,28.072742,22.379932,59.970844,75.823326,10.932595,21.010065,5.0
2021-02-15 00:30:00,-50.33034154970292,131.62895392593168,81.29861237622876,27.597779590773808,0.06235084796626985,42.19635726578747,38.4,90.38984045695712,67.98220635674112,311.4587701899554,196.1386020528274,392.1649400297619,21.87963520445948,0.9,314.59476,38.32433953019727,0.13170978,13.237421,-0.17873472,305.1463,27.671606,21.160057,32.950836,59.970844,75.823326,10.932595,5.0
2021-03-15 00:30:00,-8.139903700979879,90.5396719470885,82.39976824610861,25.16568363575269,0.06413738527329749,44.55689218014556,47.8,50.38656756037124,68.15433159270668,240.08078195799732,139.45997728172043,382.86864482526886,18.114386648925652,0.675,312.91223,34.60721574645177,0.14753316,14.0317955,0.26903793,235.2524,25.237095,18.050758,60.89028,32.950836,59.970844,75.823326,5.0
2021-04-15 00:30:00,-10.13944988050117,57.28539546644689,47.145945585945725,21.096013159722226,0.04015712056944445,29.619246626486063,0.0,17.779732205156293,92.95106737887488,260.818373684375,125.38979239930555,330.70505784722224,17.87829221843377,0.59999996,311.0437,31.172362578614234,0.109598525,16.094366,0.28496963,240.34718,21.066004,16.820839,2.6185083,60.89028,32.950836,59.970844,5.0
2021-05-15 00:30:00,-11.671433789795854,46.669731394951576,34.99829760515572,17.670641340957495,0.036599916939422605,32.58758198798086,0.0,11.747013035644132,64.89682670732515,211.56173190709927,89.78455343977761,320.21846271595376,13.779724537712013,0.42499998,306.35544,28.81077012514806,0.11283149,14.867071,0.72213763,199.40636,17.881128,12.929095,6.5204515,2.6185083,60.89028,32.950836,5.0
2021-06-15 00:30:00,-5.1088219668,42.4554042852,37.346582318399996,13.530669197986112,0.053641262287037035,44.33543248072511,16.799999999999997,15.225251805555557,44.699026180555556,179.1118185966848,73.01431354194445,309.1398339583333,8.689778069567334,0.32500002,299.71884,29.806645092365628,0.13948853,12.319441,0.3872638,173.91974,13.361834,7.3790894,8.027033,6.5204515,2.6185083,60.89028,5.0
2021-07-15 00:30:00,-11.1765146472,52.9727861124,41.7962714652,16.121743592741936,0.05510163333109319,32.46223452810832,0.0,19.054952016129032,45.221360618279576,208.52234728313172,88.23853503241263,310.107304233871,12.492227187882657,0.3,302.98666,28.260080072260244,0.1294695,14.985936,0.30119142,196.41203,15.011775,10.187101,6.185504,8.027033,6.5204515,2.6185083,5.0
2021-08-15 00:30:00,-16.4124266742,50.2670772324,33.8546505582,16.939583343413975,0.03678186454973118,24.83890405336062,0.0,13.342359744623655,73.63899072580645,242.9035136079301,106.25759945,309.383943077957,14.65763221993133,0.35,307.29626,23.476837167620843,0.11705356,17.936817,0.8566362,223.39082,15.927257,12.648118,3.6583858,6.185504,8.027033,6.5204515,5.0
2021-09-15 00:30:00,-21.6968278752,59.13470516940001,37.4378772942,21.15061139305556,0.029681805261574074,24.13270500492179,1.6,21.503913194444447,88.84185583333333,269.42430554024037,129.639225025,337.5190142361111,19.33807077200072,0.35000002,312.81717,19.58643724653971,0.12544517,18.537039,0.39679712,252.01004,20.263498,17.0504,12.5223,3.6583858,6.185504,8.027033,5.0
2021-10-15 00:30:00,-26.2755743202,98.3815421148,72.10596779459999,25.517944717741937,0.06370019165770609,35.35193708619307,78.4,49.39357620967741,87.4994803763441,289.72517215440183,160.66841631968822,372.904241061828,21.580054085632277,0.3,315.56598,19.869377649556917,0.15063715,16.279127,0.15337625,284.04642,25.82387,22.078773,35.11012,12.5223,3.6583858,6.185504,5.0
2021-11-15 00:30:00,-34.2871229718,119.66530405500001,85.37818108319999,24.24220759722222,0.08819720406249999,42.78273343674097,65.60000000000001,56.209741736111106,96.09933881944445,307.2833801427551,186.026479214572,369.94944194444446,17.667000276671097,0.5,313.84528,25.182989706975462,0.15210216,15.319841,1.4769251,301.73615,24.642836,17.441338,67.49251,35.11012,12.5223,3.6583858,5.0
2021-12-15 00:30:00,-30.534517043999998,101.4787594602,70.94424241620001,30.236877942165435,0.04647387845774491,24.308891181245453,37.6,53.89939310123726,103.98376605040596,321.93780287318333,182.85307199368702,396.52471338264957,33.52109860775276,0.45,320.7136,21.34656758649038,0.1315074,18.728577,0.4979528,310.67804,30.703552,34.84767,18.295225,67.49251,35.11012,12.5223,5.0
