time,NEE_SOLO_EC,GPP_SOLO_EC,ER_SOLO_EC,ET_EC,Ta_EC,Sws_EC,RH_EC,Precip_EC,Fn_EC,Fe_EC,Fh_EC,Fsd_EC,Fld_EC,CO2_EC,VPD_EC,LAI_anom_RS,kNDVI_anom_RS,FPAR_RS,LST_RS,tree_cover_RS,nontree_cover_RS,nonveg_cover_RS,LST-Tair_RS,TWI_RS,NDWI_RS,rain_anom_RS,rain_cml3_anom_RS,rain_cml12_anom_RS,CWD_RS,srad_RS,vpd_RS,tavg_anom_RS,SOC_RS,x_coord,y_coord
2010-08-15 00:30:00,-15.01421296035296,31.630503047905755,31.113000220019018,31.113000220019018,10.981663104818583,0.04136385151686416,59.68495056680494,24.2,58.420068101657264,28.501664180047293,25.821502430967527,138.68037926093365,312.7569963196148,381.7101315653492,5.310287407792894,0.90833306,1.0073483,29.262056,292.10727,2.59493,69.14288,28.857115,8.192623,9.503196,-0.1291446,1.4300463,0.9586499,1.257568,-443.06824,11.279545,6.6468244,0.91766226,1.2749449,140.5875,-34.0027
2010-09-15 00:30:00,-10.824173298139682,33.24473261081276,25.796171743812025,25.796171743812025,12.994787276479185,0.04973870268663967,63.7873164629019,47.6,87.75570711837034,24.4187835611949,53.15315193567044,178.0941700375547,326.0604590614702,382.27170189562554,5.456184485759245,0.9626797,0.9812925,26.353354,300.788,2.59493,69.14288,28.857115,14.832711,9.503196,-0.13829358,2.3885548,1.6847285,1.32849,-407.18668,16.72814,7.9832973,0.87611145,1.2749449,140.5875,-34.0027
2010-10-15 00:30:00,-10.071029867599378,35.23925274583246,35.81898456138547,35.81898456138547,17.086002073252686,0.03899124246378907,55.37987840899394,66.6,123.60897271690399,32.812671938401806,74.08233295764366,242.1174925990136,334.06345643506484,381.46888820666226,8.784185201382122,1.087147,1.0646032,26.293343,311.32285,2.59493,69.14288,28.857115,21.495317,9.503196,-0.14497575,3.3962111,2.3580728,1.5244174,-370.73135,21.741514,13.751573,0.9392253,1.2749449,140.5875,-34.0027
2010-11-15 00:30:00,-7.040645526978769,37.14273270282618,44.44104627679286,44.44104627679286,19.847712256944444,0.03849707864329335,53.26728982498941,34.8,142.27905832051005,42.06811386756904,81.80838037731922,263.6596988179863,351.82772391221937,383.10319433521636,10.973803026462502,1.1671507,1.1566018,26.392183,315.27,2.59493,69.14288,28.857115,22.525593,9.503196,-0.14310801,1.3018069,2.2387805,1.4256076,-363.6642,25.192396,16.256872,0.9310674,1.2749449,140.5875,-34.0027
2010-12-15 00:30:00,-7.5474418486151436,50.54413717669325,57.839085434503446,57.839085434503446,22.335757189516126,0.03764835408447129,47.781439260303785,85.80000000000001,179.23736312082661,52.984610223304074,100.99416293883112,323.6407812312299,356.2921530913979,381.87385728491,14.332215976543923,1.2736648,1.3178161,27.206287,318.49997,2.59493,69.14288,28.857115,23.524954,9.503196,-0.13427243,4.476781,3.043079,1.8976882,-284.9391,27.17738,20.788708,0.94275784,1.2749449,140.5875,-34.0027
2011-01-15 00:30:00,-8.937458009953486,64.9158270409878,56.17125523476845,56.17125523476845,25.345921760752688,0.035060686674099305,47.103911976799104,87.399999,176.29166488140459,51.45676218788376,97.74502114584585,320.15505469502693,375.9117614247312,376.48945183038535,17.47316315935887,1.336724,1.4586128,30.964266,320.88568,6.9673767,75.22248,18.729889,22.609037,9.503196,-0.11754268,4.0720425,3.2179327,2.1571949,-250.41844,27.617344,23.195099,1.0033737,1.2749449,140.5875,-34.0027
2011-02-15 00:30:00,-6.827393094934235,69.17025120841444,67.45672357234079,67.45672357234079,23.515568451636906,0.04068790995317181,59.25680330744748,109.0,144.4979460168445,68.41592962842896,59.80240572619981,256.7019188063571,378.2811073660714,382.10737276790525,12.030224090538344,1.6776437,1.6840992,38.327526,315.50833,6.9673767,75.22248,18.729889,18.52423,9.503196,-0.108621664,6.700892,4.7183986,2.5060987,-179.53091,22.864492,16.682611,0.9909077,1.2749449,140.5875,-34.0027
2011-03-15 00:30:00,-23.504673558272138,85.0299480399849,48.406485319492866,48.406485319492866,19.788227983198926,0.03870773107531537,62.959898299370884,63.4,109.34325461449528,44.34369488497151,55.690501835513324,209.75393265812502,359.78038252688174,376.61120211886595,8.66511729199651,1.4414973,1.8060616,38.852943,308.57126,6.9673767,75.22248,18.729889,15.503904,9.503196,-0.09653448,2.9292886,4.6532826,2.5265307,-172.13388,19.22021,11.699996,0.9371057,1.2749449,140.5875,-34.0027
2011-04-15 00:30:00,-29.956138165616366,80.01926901225445,32.518975717623135,32.518975717623135,16.844691085416667,0.03424056874325631,59.78642797399071,4.4,81.43317631374306,30.78262300183647,44.32195410541345,188.4024563751875,331.88870125,374.791937332879,7.794423203418762,1.4789001,1.8037829,39.772102,304.24576,6.9673767,75.22248,18.729889,14.378286,9.503196,-0.09151763,0.30452454,3.2244322,2.467986,-194.1266,15.960407,12.788134,0.9563681,1.2749449,140.5875,-34.0027
2011-05-15 00:30:00,-24.247633985549744,65.51658539232534,24.125210497075194,24.125210497075194,12.417219372966622,0.034494887167795134,68.37726367400708,14.200000000000001,42.417235451377685,22.10036457423227,23.550110130442604,115.88017630971102,325.58049751344083,372.4403909865705,4.585254464236865,1.5475806,1.6517315,43.177837,294.82727,6.9673767,75.22248,18.729889,9.035591,9.503196,-0.07923526,0.7074448,1.1468712,2.3734963,-201.8452,10.863082,7.5686564,0.9276866,1.2749449,140.5875,-34.0027
2011-06-15 00:30:00,-17.142846570942652,54.52821266787436,17.827638249502733,17.827638249502733,10.92970430327823,0.039308686939577384,71.70280208380981,4.800000000000001,32.80651723781459,16.875730404699034,15.913984420339077,109.85935065191876,311.7173602777778,371.1091866240662,3.714296580878528,1.6074239,1.5674826,45.99699,292.1187,6.9673767,75.22248,18.729889,7.9062853,9.503196,-0.07759392,0.3759559,0.45443383,2.3775477,-206.91893,9.397608,6.426461,1.0198368,1.2749449,140.5875,-34.0027
2011-07-15 00:30:00,-14.640472855085108,46.68345224747047,22.368480023881524,22.368480023881524,10.15641821018632,0.040390505886457095,71.40275453737912,13.399999999999999,36.958345921858864,20.49107772797032,20.111711338279243,114.37305265038039,308.09076626344086,380.12505977016576,3.5629056059287834,1.6613433,1.5796261,45.72213,292.3033,6.9673767,75.22248,18.729889,8.757937,9.503196,-0.09814066,0.89662725,0.6466468,2.3476338,-203.44283,10.102586,6.2705197,0.9867814,1.2749449,140.5875,-34.0027
2011-08-15 00:30:00,-20.406668349683496,53.58263343336586,30.097891838103443,30.097891838103443,12.93178935887097,0.039887266817308545,67.28959685095688,25.0,59.19752972437164,27.571754560174217,27.980508783038633,139.8565710751613,323.74269247311827,381.64182546620145,4.907946844984014,1.5023811,1.6162024,38.40304,297.72375,6.9673767,75.22248,18.729889,11.547177,9.503196,-0.12487584,1.2561351,0.8379266,2.3300326,-191.87302,12.133795,8.62061,1.1104867,1.2749449,140.5875,-34.0027
2011-09-15 00:30:00,-22.068450167571736,50.428218418779885,23.343684314483475,23.343684314483475,15.023616424166665,0.034284474532704494,50.8994870267904,8.2,92.1778349919861,22.097246849543463,63.505610532320034,207.49806535155557,316.6012059027778,376.42578181809915,8.455156814860505,1.4408965,1.5621133,35.227074,304.952,6.9673767,75.22248,18.729889,16.849056,9.503196,-0.12596825,0.17426975,0.75649405,2.1173713,-209.29694,19.248203,14.819733,1.0230496,1.2749449,140.5875,-34.0027
2011-10-15 00:30:00,-12.688217433468692,49.37944138405923,38.8450691190892,38.8450691190892,17.914010205645162,0.03684810950598391,54.47686075601515,29.799999999999997,127.26204302264784,35.584775086095156,77.85332987300025,239.56562953891128,340.3472127688172,382.83933257051166,9.451726850535493,1.1508796,1.4406096,27.212683,308.37128,6.9673767,75.22248,18.729889,17.36349,9.503196,-0.1399395,2.010772,1.0815885,2.0103617,-201.324,21.913214,13.867613,1.0056938,1.2749449,140.5875,-34.0027
2011-11-15 00:30:00,-4.332590312466972,49.24599142802054,51.6930312303854,51.6930312303854,21.65258418888889,0.033723330862777075,49.85250684443023,59.4,154.44638339447917,48.93287863691112,88.3939711832395,277.65649764157644,358.058996875,384.8731433507674,13.190099208171342,1.2453854,1.4261593,28.738338,314.71,6.9673767,75.22248,18.729889,20.125793,9.503196,-0.13096209,2.281075,1.4940012,2.093977,-177.07773,25.457659,17.874823,1.0184892,1.2749449,140.5875,-34.0027
2011-12-15 00:30:00,-16.307871473279118,68.25801023549919,52.090373205795444,52.090373205795444,22.658986209490966,0.03232652235732493,43.01507088740131,91.799999,178.7685142039129,47.718391464209866,110.52190072734739,327.81871126021605,351.8832801392621,380.7298767681334,15.957566201948618,1.4091091,1.4159226,30.173893,316.12433,6.9673767,75.22248,18.729889,20.795094,9.503196,-0.13505994,2.3112504,2.2237942,1.9122863,-158.97978,28.694782,21.47022,0.9580588,1.2749449,140.5875,-34.0027
2012-01-15 00:30:00,-10.244666792443114,71.16054553523782,59.34066349979904,59.34066349979904,24.995506817876347,0.030860560896819978,43.8497242980767,27.4,171.39156821246638,54.36015978311937,98.83309646646869,310.931310476586,370.8511865591398,380.0906905903581,18.155872765205192,1.338551,1.4991292,32.062622,319.4529,7.7228103,73.50033,19.776861,21.388237,9.503196,-0.12103693,1.688001,2.1256707,1.6989304,-170.56044,27.207031,24.251345,0.9949092,1.2749449,140.5875,-34.0027
2012-02-15 00:30:00,-9.559022374167608,59.28028818719799,30.050888751583418,30.050888751583418,23.497354046853435,0.032738312418919634,46.03545703334049,87.40000000000002,138.2884857970203,29.427227267275335,96.2356561286541,262.84042793552874,368.106841463441,374.6062246610085,15.916192232591836,1.3072276,1.4859526,31.954636,316.54877,7.7228103,73.50033,19.776861,20.201725,9.503196,-0.12262586,0.5688808,1.5942386,1.2847991,-195.5257,25.117409,20.699474,0.9644218,1.2749449,140.5875,-34.0027
2012-03-15 00:30:00,-15.547024501161696,73.91051133942875,51.632185257415514,51.632185257415514,20.313279230435647,0.03909194886257629,55.03157163559978,8.8,119.11835339811664,47.298659553313435,63.10019423416147,234.87400701213662,349.615724255605,384.7201251203568,10.87449832431036,1.3830928,1.6333526,37.420345,309.45798,7.7228103,73.50033,19.776861,16.237665,9.503196,-0.114743024,5.100381,2.2153435,1.3985286,-165.4151,20.48253,14.509207,0.9443023,1.2749449,140.5875,-34.0027
2012-04-15 00:30:00,-28.83975886093993,73.7907283456747,28.57549653988081,28.57549653988081,17.15393741666667,0.028618702262890032,56.62012467035543,5.4,77.68144122064652,27.049706138214333,50.85948221462444,180.02420651328475,337.3491640277778,374.38439859274206,8.57748474180475,1.6062207,1.8327198,41.68188,306.07404,7.7228103,73.50033,19.776861,15.487215,9.503196,-0.098811,0.37596917,1.726239,1.4058781,-183.14662,16.375034,15.254759,0.9975204,1.2749449,140.5875,-34.0027
2012-05-15 00:30:00,-20.74583523993535,59.03733523828457,20.21845386549475,20.21845386549475,12.437689713607956,0.02749464991487455,65.15066126483906,9.0,44.58086426890645,18.521504780607053,29.358073156909345,127.37932580771707,318.5876192876344,372.8985991758823,5.059997622561931,1.5522732,1.6501664,42.66103,296.3187,7.7228103,73.50033,19.776861,10.44709,9.503196,-0.085851446,0.5447668,1.6921765,1.3976382,-189.20926,11.969159,9.351111,0.9335517,1.2749449,140.5875,-34.0027
2012-06-15 00:30:00,-20.70684060172766,53.09174297246416,19.12866253244647,19.12866253244647,9.874258343424462,0.03176490184259259,69.85314474944458,11.0,31.305089191149918,18.10728641574485,17.12801139231397,105.57211054175488,307.87228180555553,379.5180561931609,3.684898713416033,1.5204562,1.5786612,43.99164,290.12668,7.7228103,73.50033,19.776861,6.752699,9.503196,-0.08131134,0.50760627,0.47701904,1.4101465,-189.66109,9.1129675,6.1060452,0.9425409,1.2749449,140.5875,-34.0027
2012-07-15 00:30:00,-14.058782282270105,47.94471766075017,20.904743526503136,20.904743526503136,9.548504469664078,0.04542758740591398,73.15940738148146,23.6,34.58756764789482,19.150193666602483,19.526416811691476,105.58375677687499,309.77614623655916,388.088524644106,3.2090510616654306,1.4446374,1.6590322,41.609406,290.31076,7.7228103,73.50033,19.776861,7.127573,9.503196,-0.09474683,1.7520454,0.92722994,1.470021,-167.11662,9.9718895,5.2954154,0.9524006,1.2749449,140.5875,-34.0027
2012-08-15 00:30:00,-22.343510566498136,54.12334172383396,21.591093511930467,21.591093511930467,11.499422969365334,0.03926487620743728,61.64492267273853,8.200000000000001,60.44406459294805,19.77893781394586,35.725451357322015,146.20232775836897,312.45880369623654,386.12781867532806,5.230784762236774,1.3813508,1.603383,36.735832,293.95538,7.7228103,73.50033,19.776861,9.261987,9.503196,-0.099018924,0.6136349,0.92833555,1.4128616,-171.63298,12.412149,8.525215,0.98404896,1.2749449,140.5875,-34.0027
2012-09-15 00:30:00,-22.45461113115728,51.0597553758118,20.590565971830117,20.590565971830117,15.058371582638888,0.03390347958564815,49.04351028229909,5.800000000000001,95.64498764341667,19.491131430741657,69.40677700050588,208.44033402522223,318.27136444444443,378.52659803164903,8.79471406274624,1.4347688,1.4080845,33.829468,302.786,7.7228103,73.50033,19.776861,14.7434435,9.503196,-0.12604858,0.2976551,0.844687,1.4198122,-187.59576,18.954834,15.089445,1.0189191,1.2749449,140.5875,-34.0027
2012-10-15 00:30:00,-16.291710195859807,45.51937611021958,21.52433591923964,21.52433591923964,17.86682200739247,0.029965246187275987,42.52043189580642,3.8000000000000003,135.21393486675336,19.717783233066896,99.77774063687575,269.2039978556989,326.68421619623655,381.65136557962995,11.898139391580601,1.2555195,1.4832164,29.087694,310.67444,7.7228103,73.50033,19.776861,20.04852,9.503196,-0.13036479,0.22353758,0.3834536,1.2843955,-213.65633,24.308218,19.14235,0.9841882,1.2749449,140.5875,-34.0027
2012-11-15 00:30:00,-5.5095020979151474,37.817695411577,24.727764711809208,24.727764711809208,22.439914349305557,0.025045651472222225,37.897181484439244,15.0,159.88270699141597,23.407424188616925,116.79014821442684,300.1711284987778,352.32303534722223,374.45054319427305,17.15580841926123,1.2324265,1.3755311,28.167385,316.62402,7.7228103,73.50033,19.776861,21.570152,9.503196,-0.13320027,0.3228472,0.28734076,1.0655222,-237.76741,26.658184,23.344759,1.0408068,1.2749449,140.5875,-34.0027
2012-12-15 00:30:00,-0.32533232156132574,36.950472027001716,29.755021708433453,29.755021708433453,23.46063253696237,0.030375580375224014,39.71711577070324,5.8,180.1085059902272,27.257661762176046,135.27703706073828,328.58054758450936,354.8706309811828,372.6581215453523,17.73947586285312,1.2274184,1.3415016,26.764555,319.171,7.7228103,73.50033,19.776861,22.979975,9.503196,-0.13634871,0.5429803,0.38136876,0.89761907,-263.3742,28.799316,25.019825,0.9952844,1.2749449,140.5875,-34.0027
2013-01-15 00:30:00,0.8663250945628813,32.26927184452884,17.884601669500363,17.884601669500363,25.117416729838713,0.02259566041061828,35.24803656588584,1.0,182.2892709599462,16.38353444455126,144.75425228780088,344.0526176673723,358.10976041666663,366.05290007612933,21.09357224183907,1.1754389,1.2700756,27.56973,323.38867,9.047628,64.835686,26.244566,25.644,9.503196,-0.13965324,0.06498267,0.3349111,0.75712556,-307.02182,29.783392,28.24845,0.98213077,1.2749449,140.5875,-34.0027
2013-02-15 00:30:00,7.1701657824285245,26.822967123963856,21.100470872103646,21.100470872103646,25.246013155505953,0.027508343850942463,42.80604305648041,57.0,152.5695701903326,21.40051063648872,116.06746792844172,287.0410875297842,372.7625664434524,354.47207868915046,18.77818853125373,1.143971,1.2645935,29.028057,319.22873,9.047628,64.835686,26.244566,21.028461,9.503196,-0.12982894,1.2159984,0.54597014,0.800488,-322.1317,25.735676,24.192347,1.04147,1.2749449,140.5875,-34.0027
2013-03-15 00:30:00,-1.1629021048533232,46.5535138841515,30.013138761183743,30.013138761183743,22.77277066263441,0.04247990990815412,44.54369980078768,2.2,115.9921609117211,27.49411486874269,77.37565290434628,234.13983598629034,363.47675255376345,379.60831902520175,15.639469457448216,1.3131614,1.3778389,34.116413,313.05112,9.047628,64.835686,26.244566,17.535606,9.503196,-0.12549362,0.19133058,0.4854213,0.53914666,-349.49033,21.33696,21.002024,1.0522907,1.2749449,140.5875,-34.0027
2013-04-15 00:30:00,-12.79819538309027,44.01004889985162,21.49115527881273,21.49115527881273,17.694743825694445,0.03082626444812077,53.182369278172274,13.600000000000001,73.31854353593121,20.343633716086,53.260054089597766,173.11681712774444,339.47766375,381.5508590643509,9.584773915048796,1.3077593,1.4090834,36.158703,305.0225,9.047628,64.835686,26.244566,14.151705,9.503196,-0.110048324,0.9751469,0.84526074,0.5848195,-351.67496,15.871251,14.4398575,1.0137655,1.2749449,140.5875,-34.0027
2013-05-15 00:30:00,-9.479736279699091,38.56678147241687,22.120420510576597,22.120420510576597,14.188424084018633,0.03571362944940724,64.21625873326877,35.6,41.28544571379525,20.26383802447384,24.192744604866654,115.61375439473346,331.7943728632892,389.47515582319687,5.833661388231393,1.3093377,1.3944691,37.937973,298.01996,9.047628,64.835686,26.244566,10.465175,9.503196,-0.10859848,2.1085308,1.174143,0.69888675,-331.61044,10.95778,8.877601,1.0570687,1.2749449,140.5875,-34.0027
2013-06-15 00:30:00,-7.072191947273243,36.78057236398995,21.93630197134911,21.93630197134911,10.512043463911894,0.05018671524122638,77.3130574860783,31.800000000000004,30.307545035290975,20.76501177349621,15.819640684258694,94.21072542814028,319.1358399305555,388.89510905730236,2.8952715096243637,1.1841979,1.3221604,35.826225,290.70667,9.047628,64.835686,26.244566,6.3957853,9.503196,-0.10721285,1.9732516,1.6965978,0.82935005,-298.6635,8.508445,4.108439,1.0289129,1.2749449,140.5875,-34.0027
2013-07-15 00:30:00,-15.660897127984235,40.52169976257555,23.66281313510474,23.66281313510474,11.192048898058083,0.04230525758064516,70.57222580281046,24.4,34.29115449706653,21.67677654879517,17.62294916930019,108.6318592608199,313.9907109543011,386.4930445830698,3.9314052205876093,1.2444438,1.3862417,35.4776,292.54,9.047628,64.835686,26.244566,8.055399,9.503196,-0.11015067,1.3512896,1.8098474,0.793912,-284.25467,9.978208,5.411074,1.0759381,1.2749449,140.5875,-34.0027
2013-08-15 00:30:00,-19.097840696302438,42.42426280140378,23.032526160083002,23.032526160083002,13.167094452284948,0.03239722197132616,59.75383716551571,10.6,58.40228807336313,21.099390003875317,37.04790006658116,148.80419587851583,316.77633571708407,384.2318982453639,6.133541404999081,1.301341,1.3648033,35.23578,295.6589,9.047628,64.835686,26.244566,9.566567,9.503196,-0.113644876,0.7566152,1.3648841,0.80540764,-284.77054,12.391085,9.378842,1.1033056,1.2749449,140.5875,-34.0027
2013-09-15 00:30:00,-7.362985187447689,38.05584987744074,24.816815096800795,24.816815096800795,17.925497073129847,0.03501076068055555,49.31649739346422,27.8,91.5469713143202,23.491719722804948,64.38357313640451,202.26297838572663,332.959309086579,386.213578065045,10.530893780458266,1.0727615,1.3951231,28.82275,304.91177,9.047628,64.835686,26.244566,14.224529,9.503196,-0.13593963,0.920434,0.996063,0.86058056,-286.70667,18.885456,17.426498,1.1998625,1.2749449,140.5875,-34.0027
2013-10-15 00:30:00,-13.636699917621272,44.859561079305095,25.19409018382889,25.19409018382889,17.760334760080646,0.03543217174731183,43.072233315306434,7.6,138.17011751357526,23.07953243542509,99.85603490579759,270.14363779442203,326.27501350806455,382.5745375581863,11.703728691172557,1.2163521,1.2658418,28.059917,311.59668,9.047628,64.835686,26.244566,20.964891,9.503196,-0.1354418,0.8752708,0.8514161,0.90720105,-298.54184,23.444227,17.744217,0.9845187,1.2749449,140.5875,-34.0027
2013-11-15 00:30:00,-12.41614729236003,41.0505240197143,18.790839566124564,18.790839566124564,19.528301520833335,0.028201663409722223,41.148452656399634,3.6,165.81016760379165,17.787501527562977,127.48091630376253,313.4267800813889,332.112293125,373.62451679099064,13.542931768893714,1.2439736,1.2976717,28.749115,315.64185,9.047628,64.835686,26.244566,23.366999,9.503196,-0.13736597,0.15024117,0.6080571,0.8801747,-323.62463,27.177565,19.776833,0.90875584,1.2749449,140.5875,-34.0027
2013-12-15 00:30:00,-1.6812668580478092,41.192062725201424,34.352120714878495,34.352120714878495,23.471137630376347,0.0328430326344086,39.447489261202186,27.200000000000003,168.55305376868952,31.468923008522196,118.6054573245776,308.6292517369019,360.03343837365594,375.8696316612785,17.830372381194188,1.1761378,1.3119818,25.77905,319.24225,9.047628,64.835686,26.244566,23.021315,9.503196,-0.14405094,0.8715642,0.6092389,0.94407755,-337.38538,28.6619,25.96271,0.9965768,1.2749449,140.5875,-34.0027
2014-01-15 00:30:00,13.112872044195951,28.258479632432305,31.084511843306856,31.084511843306856,26.92071046715876,0.03275551479943895,34.15853539711954,9.000000000000002,162.7827779729831,28.475566852873996,122.17591173778392,326.9302972431077,370.36802056943714,375.8610231484374,23.92747902466129,0.95449173,1.0291728,22.044268,324.94666,4.602008,72.49044,23.312618,25.520475,9.503196,-0.14469306,0.34052166,0.46909115,0.95502937,-369.20148,29.300749,31.886826,1.0492778,1.2749449,140.5875,-34.0027
2014-02-15 00:30:00,16.7323773978,25.9244828676,31.286064321812844,31.286064321812844,25.045419034693023,0.05131355447425688,40.50838038806368,102.39999999999999,131.99438193141083,31.730938913690476,101.77483444940476,293.12371449188487,362.45805963745573,382.5540954062556,19.294990677075834,0.7535609,0.729089,18.54312,324.87296,4.602008,72.49044,23.312618,27.016325,9.503196,-0.16155234,5.0134177,1.7080632,1.2107604,-311.04575,25.558176,25.315464,1.0271833,1.2749449,140.5875,-34.0027
2014-03-15 00:30:00,13.9894315128,28.0819138698,32.252633730029345,32.252633730029345,22.13137656029073,0.04725724227433858,49.108478403709725,6.335223388671875,103.34118016332485,29.545647446236558,74.0904302419355,236.63448546582578,359.97654516362513,381.0327394032776,13.791497769537605,0.76374114,0.72954273,21.200493,318.25504,4.602008,72.49044,23.312618,23.468641,9.503196,-0.15492907,0.88305527,2.0552537,1.2460898,-322.57977,21.251236,17.13861,1.0179859,1.2749449,140.5875,-34.0027
2014-04-15 00:30:00,17.870289880025556,21.037959020687122,14.321426320850094,14.321426320850094,18.39593452805076,0.05447600783796296,58.64250128472423,46.85454545454546,61.16090351457974,13.556732878409639,45.58030416427101,161.6089930637985,346.5427574678386,379.2967542656376,8.855690060215005,0.70158875,0.65134484,20.419075,307.64334,4.602008,72.49044,23.312618,17.046108,9.503196,-0.15911688,1.9803613,2.7285874,1.3232005,-298.0765,14.532678,11.002839,0.998116,1.2749449,140.5875,-34.0027
2014-05-15 00:30:00,26.333058703735958,7.175111854111238,17.84820070877129,17.84820070877129,16.439893543682796,0.057651831634184594,64.07555521119711,28.400000000000002,38.173056404606186,16.350188642115157,21.701902632427263,121.90395862420029,338.0127962365591,381.7596741240854,6.783240743998543,0.6449089,0.68743116,20.813667,297.7325,4.602008,72.49044,23.312618,9.178435,9.503196,-0.15370448,1.7194606,1.5949854,1.2984514,-281.2569,10.9210205,9.099052,1.1304001,1.2749449,140.5875,-34.0027
2014-06-15 00:30:00,20.33995253911523,4.753993230943615,18.91902603499053,18.91902603499053,12.162638253472222,0.05387407825,74.73881672618685,13.8,25.02839658400044,17.908843472011096,15.026057259540732,96.74362732022223,319.88446555555555,383.83072067217466,3.6012305081495435,0.67872536,0.68755424,23.866882,292.23666,4.602008,72.49044,23.312618,7.460388,9.503196,-0.14594166,0.70906293,1.422628,1.1870453,-276.20972,8.470942,4.9646034,1.0718174,1.2749449,140.5875,-34.0027
2014-07-15 00:30:00,13.30702321733266,5.399002796478955,14.245782495399736,14.245782495399736,11.200017731444893,0.03841200869399642,66.84094925988043,4.6,28.571133458356275,13.050123928730882,20.183417759364083,111.54867300897178,308.1814151971512,380.6909830931433,4.432256192398974,0.8549755,0.7376594,27.040182,294.208,4.602008,72.49044,23.312618,10.543253,9.503196,-0.1656045,0.44625983,0.92701125,1.1104157,-275.3747,10.11542,6.3524575,0.9981134,1.2749449,140.5875,-34.0027
2014-08-15 00:30:00,-1.5804701654095448,21.732567792787915,17.525253495947865,17.525253495947865,11.783910859410728,0.0492559803483423,59.29596523929012,18.8,54.12568430129369,16.05434661650899,36.108525196906335,162.75957387830982,302.3928948252688,364.161191897993,5.657846477032905,0.8341058,0.7607752,26.681738,300.66888,4.602008,72.49044,23.312618,16.915558,9.503196,-0.14494978,1.0199189,0.73421854,1.1319696,-265.7934,13.4166975,8.978496,0.9039101,1.2749449,140.5875,-34.0027
2014-09-15 00:30:00,-3.056840296206421,22.11893439455624,16.8714035555669,16.8714035555669,15.586083642828163,0.03987410519603391,53.008714804691884,20.8,75.37234794557766,15.970553921272742,52.794414512124824,201.7900757259826,318.4542487018481,364.4256742195282,8.39441329385497,0.92270935,0.8819429,25.413794,310.14877,4.602008,72.49044,23.312618,22.267136,9.503196,-0.1488283,0.9861594,0.83380497,1.1344674,-259.7535,18.410233,13.4359255,1.0079086,1.2749449,140.5875,-34.0027
2014-10-15 00:30:00,5.68421661692956,16.031172127033546,11.987828369227113,11.987828369227113,20.540868932517615,0.02772959744677494,43.26390989672577,0.6000000000000001,112.5143952673209,10.981681483996283,84.10374347014397,273.62184551459467,336.317365731375,361.8827565852521,13.918308100119676,0.89121705,0.8349563,21.709671,318.51544,4.602008,72.49044,23.312618,25.869968,9.503196,-0.15254319,0.067048825,0.72786343,1.072243,-282.98972,24.976795,20.99942,1.097923,1.2749449,140.5875,-34.0027
2014-11-15 00:30:00,2.47605045948821,18.30300696651018,19.91770937021765,19.91770937021765,22.52224051458333,0.025154305891203703,39.40652243698475,9.2,134.79544317595835,18.854202048906643,95.89418770767398,305.3750005230486,347.67849618055556,357.8664395627551,16.82466852282536,0.79741365,0.7569529,19.616493,321.95712,4.602008,72.49044,23.312618,27.330872,9.503196,-0.1531345,0.67536,0.6154203,1.1171367,-291.4835,26.943823,24.158207,1.0204875,1.2749449,140.5875,-34.0027
2014-12-15 00:30:00,4.635160919501276,19.686874582622835,23.595690665150858,23.595690665150858,23.337967325268817,0.028623872235663084,44.40437753123334,13.8,158.73056232469088,21.615287715059043,111.70235644427036,339.14093627073925,353.1432635752688,346.2811026335802,16.23674289695103,0.8021701,0.7749623,19.736483,325.77426,4.602008,72.49044,23.312618,29.882292,9.503196,-0.15453759,0.38790938,0.41119486,1.0962567,-313.95605,29.290377,22.670023,0.98236674,1.2749449,140.5875,-34.0027
2015-01-15 00:30:00,17.902710812704893,22.65752443313434,43.16771872386541,43.16771872386541,24.29663538516109,0.053329104953535066,49.93724269544273,68.80000000000001,144.79654231278917,39.54462166251351,86.44963460553913,300.245957541233,371.4665496273421,370.9310680949389,15.50961657294951,0.75267255,0.7505645,20.43919,323.5647,4.6496367,76.32893,19.474127,26.695372,9.503196,-0.14740457,2.239374,0.98256725,1.2353753,-302.18524,26.597864,22.117886,0.9471758,1.2749449,140.5875,-34.0027
2015-02-15 00:30:00,3.5000968679625313,27.1643539035549,22.914028278928303,22.914028278928303,26.398802544642855,0.02927182507688492,40.08165742576731,0.6000000000000001,130.55298427005505,23.239856061995074,90.19484313385958,303.30800047928574,371.36018593750003,373.70233078375827,21.099326770591265,0.8039758,0.7782173,22.752447,325.20297,4.6496367,76.32893,19.474127,26.290495,9.503196,-0.14354618,0.034387406,0.8300793,0.8991642,-328.4532,27.334394,28.540058,1.0710803,1.2749449,140.5875,-34.0027
2015-03-15 00:30:00,0.14730492245975846,23.0484309260902,13.021745562420335,13.021745562420335,20.82324322110215,0.023789642466397847,46.759835394983206,0.0,101.32794874133738,11.928821278358177,77.18516017713505,253.78757771908602,344.14443366935484,377.46089708756483,13.294656847531083,0.8510798,0.7047266,24.113806,316.5092,4.6496367,76.32893,19.474127,23.371517,9.503196,-0.14181656,0.028739216,0.9126602,0.85282445,-349.7236,22.006954,17.128952,0.94041395,1.2749449,140.5875,-34.0027
2015-04-15 00:30:00,1.7810477175395805,22.117434358730648,23.609449154817028,23.609449154817028,15.89674741388889,0.04592348337615741,62.77650498503855,65.4,59.5816211149875,22.34882115982217,36.17807201817622,160.58797207514584,335.1945081944445,383.5556457181646,6.785254775398135,0.9479169,0.7238472,25.694231,308.37332,4.6496367,76.32893,19.474127,19.685614,9.503196,-0.13323574,3.2243667,1.2555283,0.9472695,-305.14795,14.596685,10.750475,0.88887656,1.2749449,140.5875,-34.0027
2015-05-15 00:30:00,-13.974063335480919,36.64382273838558,19.481725259435464,19.481725259435464,14.14230102419355,0.03832512922267024,70.61628535105707,9.8,37.60560412069691,17.84661032577317,21.683179615160327,123.67457526344556,328.1282760080645,380.12622119467477,4.775786373562173,0.98863095,1.0409206,31.156172,294.87112,4.6496367,76.32893,19.474127,8.081435,9.503196,-0.110683285,0.68791366,1.4635878,0.87532026,-305.84775,11.120256,8.141768,1.0009236,1.2749449,140.5875,-34.0027
2015-06-15 00:30:00,-13.71786642242882,32.68738048333806,15.0501679754726,15.0501679754726,11.17858909861111,0.0404639855,75.69748018764933,17.8,27.983561633881948,14.246563327399526,14.66087240683353,98.9879922305486,320.34087020833334,380.32143221135783,3.2437635077076163,0.9149883,1.0860952,31.032112,292.87088,4.6496367,76.32893,19.474127,9.203846,9.503196,-0.09988538,0.67762625,1.4920846,0.87304866,-300.13306,8.846267,5.489351,0.96955734,1.2749449,140.5875,-34.0027
2015-07-15 00:30:00,-17.05038532430953,33.1308512569329,17.770827575480244,17.770827575480244,10.356747396073466,0.03209851149193548,72.32955410290208,6.0,33.04838488619288,16.279309490441427,17.516301508432868,110.90389910386425,311.7256399865592,384.16539915648093,3.494432707292712,1.203085,1.1091199,36.184692,291.15167,4.6496367,76.32893,19.474127,8.404605,9.503196,-0.096788354,0.74571604,0.70307124,0.89212775,-295.86194,9.9324,5.7099347,0.911002,1.2749449,140.5875,-34.0027
2015-08-15 00:30:00,-15.83613453451999,31.818912725296194,25.69105184282707,25.69105184282707,11.890432554973119,0.033298868371415775,73.99522951460136,20.400000000000006,49.66850423443549,23.534783752076056,23.70109519649859,130.73927068280244,321.6064786962366,384.10749535969023,3.640482331305996,1.1940417,1.0809988,33.847023,294.13748,4.6496367,76.32893,19.474127,9.579641,9.503196,-0.09792978,0.9182462,0.7809795,0.8823622,-288.4404,11.794508,6.6843653,0.9724931,1.2749449,140.5875,-34.0027
2015-09-15 00:30:00,-15.757513272017324,37.00615639415737,24.908510184116967,24.908510184116967,14.479754688194445,0.04059566274768518,59.98117007340926,20.0,89.43123994351389,23.57851874527368,54.83105719801915,215.53260420472915,315.0127885416667,382.7053501089825,6.650135811161971,1.1209371,1.0102602,29.697681,307.41248,4.6496367,76.32893,19.474127,20.568184,9.503196,-0.12251426,1.0196031,0.90253633,0.8826602,-285.94482,18.751846,12.586359,0.93693554,1.2749449,140.5875,-34.0027
2015-10-15 00:30:00,1.6362836801366294,24.180081559359813,20.69937282047782,20.69937282047782,22.424389862231184,0.02962120940636201,39.35513178251772,9.799999999999999,112.15970709524866,18.962059868699363,72.73646477544109,262.9295245872312,351.06539267473113,377.9169525145405,16.73689992091401,1.032582,0.89297324,25.820627,317.26248,4.6496367,76.32893,19.474127,22.64646,9.503196,-0.14398623,0.4020721,0.8038386,0.90574354,-309.5801,24.581863,25.484056,1.208898,1.2749449,140.5875,-34.0027
2015-11-15 00:30:00,2.4442147834745636,23.70713290331363,26.651220596648386,26.651220596648386,22.120732843749998,0.03374294203009259,48.56068359840154,19.0,143.88130775552082,25.228177027753276,99.81164627735092,304.0813742669722,352.7428899305556,383.7940875298256,13.93071408559723,0.9647339,0.87050945,22.61233,318.8381,4.6496367,76.32893,19.474127,23.905426,9.503196,-0.14784941,0.75420886,0.7484666,0.9052302,-321.8352,26.552727,22.640541,1.035048,1.2749449,140.5875,-34.0027
2015-12-15 00:30:00,4.384303722015123,21.44044418077172,21.35658300824742,21.35658300824742,27.0356780530914,0.025520375501792116,31.700201858113974,3.8,145.7793589402957,19.56410994214302,106.15543002541413,326.5063503368817,370.41948951612903,375.24997178128984,24.993430077702126,0.8128696,0.7976446,20.167711,326.92773,4.6496367,76.32893,19.474127,28.381046,9.503196,-0.14800219,0.13173953,0.42770174,0.90368116,-355.0499,30.174767,34.245575,1.0970405,1.2749449,140.5875,-34.0027
2016-01-15 00:30:00,9.254477024415028,19.101399136657296,31.81528314780561,31.81528314780561,25.825473454301076,0.03225022435259856,45.76656811029419,35.800000000000004,144.6692803260867,29.145004006666607,96.31661233747573,301.0717826599664,376.0344952284947,374.3937757966503,18.44520327303937,0.9092413,0.81577665,22.05871,325.69498,4.2771897,70.12192,26.633516,27.121788,9.503196,-0.1448456,1.9873168,0.8481297,0.87287074,-352.2152,26.98488,25.814571,1.0152156,1.2749449,140.5875,-34.0027
2016-02-15 00:30:00,2.9664628531542108,23.62460644838003,18.972764446265224,18.972764446265224,24.937915639367816,0.033274172658045977,49.015165587836286,0.4,143.5036903145115,18.579012949136477,105.74434274891149,312.89368822017957,363.75118512931033,366.57149730420036,16.42776684277457,0.86705,0.82039887,22.74052,323.922,4.2771897,70.12192,26.633516,26.32211,9.503196,-0.1379122,0.030448625,0.64890474,0.872287,-385.6614,26.880457,24.859104,1.0165092,1.2749449,140.5875,-34.0027
2016-03-15 00:30:00,-0.5686700835110603,23.94578468211301,15.972907579826781,15.972907579826781,23.90675978629032,0.02695239901657706,52.14177986995166,6.199999999999999,100.79714872559812,14.63229018737418,73.35645514903779,235.4358286360215,370.9653424731182,363.6762508932988,14.475724176041254,0.8325706,0.7794042,23.466122,316.34573,4.2771897,70.12192,26.633516,20.0046,9.503196,-0.14610548,0.6013225,0.96238804,0.9016781,-403.68597,21.062742,21.473827,1.091136,1.2749449,140.5875,-34.0027
2016-04-15 00:30:00,-4.451118577645492,19.645690314816385,10.087897300658145,10.087897300658145,18.84354041041667,0.025174077909722224,55.14415665135563,4.0,58.26311129474444,9.549253401579792,44.84371620354454,171.380105572125,340.62489569444443,382.29760470796765,9.882874605299675,0.8921203,0.7425159,25.150074,308.13467,4.2771897,70.12192,26.633516,16.905684,9.503196,-0.13866511,0.19360237,0.24810101,0.6758327,-417.31702,16.19981,16.412224,1.0342574,1.2749449,140.5875,-34.0027
2016-05-15 00:30:00,-0.8092413756671843,16.60659243308338,16.063232475266744,16.063232475266744,15.441261053091397,0.033701501319444445,72.77811035505029,21.400000000000002,31.134331515060477,14.715034050669983,22.521328104618323,113.73333438834679,333.94752090053765,379.9902507560596,4.817189360663513,0.8072776,0.67323935,27.330442,301.58218,4.2771897,70.12192,26.633516,13.436797,9.503196,-0.109938316,1.9597057,0.93663645,0.7690973,-393.5811,10.759882,9.541457,1.100409,1.2749449,140.5875,-34.0027
2016-06-15 00:30:00,-4.438028847499068,17.73124620377873,19.564876893706142,19.564876893706142,11.348359969583335,0.03745919695138889,88.22090526631162,15.8,24.388214068265277,18.52020908425825,12.231724623357165,95.18168869428402,317.409931875,387.32563208395425,1.5902227456296016,0.7854068,0.70694846,28.927156,291.80597,4.2771897,70.12192,26.633516,7.5888186,9.503196,-0.11883713,0.8882611,0.99417317,0.78824234,-388.89548,8.267127,4.9714007,1.0202721,1.2749449,140.5875,-34.0027
2016-07-15 00:30:00,-8.24040427403035,19.03358324305822,19.08187261720832,19.08187261720832,11.59594668004013,0.03241628965277778,85.7272742572296,15.000000000000002,34.36368821067908,17.480317597663653,18.345035638905728,107.50879237096102,319.2083742852739,396.28253856886164,1.9591089379783462,0.82900125,0.7590844,27.91074,294.77777,4.2771897,70.12192,26.633516,10.916272,9.503196,-0.14664578,0.9308161,1.22481,0.7988031,-379.58597,9.602787,5.467485,1.0167893,1.2749449,140.5875,-34.0027
2016-08-15 00:30:00,-9.805888311757109,25.001965513794566,20.522170662851508,20.522170662851508,12.738242063346402,0.039079103322132616,63.60780684169645,28.6,54.523307408135075,18.79973041307215,31.896349896107573,150.90154636175066,312.22773313172047,395.41004049199165,5.390671694075198,0.8568773,0.72610676,25.372107,300.68332,4.2771897,70.12192,26.633516,15.760245,9.503196,-0.13992903,1.5564971,1.1300157,0.85311687,-359.34695,12.403149,8.743833,1.0036285,1.2749449,140.5875,-34.0027
2016-09-15 00:30:00,-15.181913926680963,34.72400219975707,45.72033002698174,45.72033002698174,13.63927021536775,0.05703228895138889,76.87423174122863,90.79999900000001,81.79093554659723,43.27909018294845,44.22641909824675,178.16665919111804,325.2806763888889,397.1986828355101,3.636137048387883,0.8461827,0.89311874,23.449354,302.3686,4.2771897,70.12192,26.633516,16.213799,9.503196,-0.1293914,4.727883,2.5119379,1.1941603,-267.45032,16.51762,8.418744,0.88976157,1.2749449,140.5875,-34.0027
2016-10-15 00:30:00,-15.863514955365734,37.714534133205596,34.54636126943604,34.54636126943604,16.752883496639786,0.04224553197468638,49.47372853389003,13.0,118.21387071607865,31.646860816415874,72.31905415723588,255.8630562929503,324.12388810483867,391.07990765532304,9.735404194348535,1.026125,0.93883395,25.312798,312.13058,4.2771897,70.12192,26.633516,22.885002,9.503196,-0.1519735,0.88584304,2.5206394,1.2276536,-274.77814,22.589375,14.121371,0.90645206,1.2749449,140.5875,-34.0027
2016-11-15 00:30:00,-14.437906559078183,39.04558499886172,29.221727397442102,29.221727397442102,19.8957399698043,0.033322986312500004,47.56432979087727,14.8,146.3771369434923,27.661431459245346,100.56153874144489,303.5381162516184,338.78958259122317,385.8025539659788,12.350420936841266,0.9587806,0.92064404,21.543016,318.72943,4.2771897,70.12192,26.633516,26.079,9.503196,-0.15479255,0.911001,2.1970973,1.2322186,-279.7894,26.923416,19.594122,0.9266024,1.2749449,140.5875,-34.0027
2016-12-15 00:30:00,-5.770540778052495,38.09760034265536,38.096909040532765,38.096909040532765,23.57542082653773,0.03388984507952509,46.29138304478353,38.400000000000006,151.95698114636255,34.89940861030884,95.88001443434628,298.8211930639143,367.95904138428256,387.3963526142291,15.91715859770005,0.9340197,0.8889576,21.249525,324.99002,4.2771897,70.12192,26.633516,28.878136,9.503196,-0.15277193,1.2973107,1.0516367,1.4015721,-284.72144,28.034128,22.874979,0.9918663,1.2749449,140.5875,-34.0027
2017-01-15 00:30:00,-1.0434027365245941,40.1617259977276,42.94530522805144,42.94530522805144,25.903965940860218,0.03972600797043011,45.641094815985284,23.200000000000003,158.33477496214178,39.34087548818213,98.29606372243248,313.25764120232327,376.8939538306451,394.35219407875957,18.57619385762919,0.94082355,0.9176039,23.133509,325.41782,4.6496367,72.07317,24.27719,26.866268,9.503196,-0.15095781,1.6898152,1.259042,1.3612658,-287.61417,27.774767,26.166697,1.0143514,1.2749449,140.5875,-34.0027
2017-02-15 00:30:00,-2.731671173876213,31.723247313226743,21.536773665129438,21.536773665129438,24.02638123363095,0.031928594303075396,48.23094519042688,6.200000000000001,133.59731409896057,21.84301747055291,94.4196876635661,276.20996524458184,371.13013303571427,392.3779833199043,15.77424560254052,0.93325657,0.9031705,25.19053,323.1035,4.6496367,72.07317,24.27719,26.276123,9.503196,-0.14397533,0.6633635,1.1997191,1.4034504,-302.82687,25.672123,23.062067,0.9843912,1.2749449,140.5875,-34.0027
2017-03-15 00:30:00,-7.229845731374164,35.907041951879066,16.190466251888587,16.190466251888587,24.368878875,0.02718124302867384,48.03421821436059,1.2000000000000002,108.41140021952957,14.831589006733065,80.44614484122258,248.51390857379033,367.8289192204302,383.86179515357554,16.170682268880366,0.8969404,0.8830408,26.590942,318.26187,4.6496367,72.07317,24.27719,21.354765,9.503196,-0.14072017,0.09090494,0.9213203,1.3747853,-329.5726,22.0938,22.524199,1.1177648,1.2749449,140.5875,-34.0027
2017-04-15 00:30:00,-7.319753242225959,32.54192336680865,18.303095430619596,18.303095430619596,17.955913985416665,0.04122288322685185,58.20124330361296,45.800000000000004,64.51648552511806,17.325800520280957,41.509632779798196,166.42703012472916,343.9014159027778,390.2503209408812,8.701783745050331,0.9010021,0.9224013,27.07263,307.4723,4.6496367,72.07317,24.27719,16.883427,9.503196,-0.12889417,2.0286822,1.0311233,1.5142715,-307.8734,15.319502,13.577507,0.9976372,1.2749449,140.5875,-34.0027
2017-05-15 00:30:00,-15.64675399760944,36.22030353199658,21.500937917285718,21.500937917285718,13.282936909946237,0.038733509918234765,67.33766465804698,18.400000000000002,40.08043370171371,19.69634904191018,22.64506313953802,129.26774545610888,319.67150793010757,386.1032804918854,5.016078198093765,1.0348433,0.93767303,33.314373,298.2891,4.6496367,72.07317,24.27719,12.34156,9.503196,-0.11946813,0.7062025,1.0384482,1.427739,-307.96832,11.427498,8.395721,0.9391236,1.2749449,140.5875,-34.0027
2017-06-15 00:30:00,-19.366504309117854,34.60116057609986,12.974737158171173,12.974737158171173,10.441730465515043,0.032478074655092594,75.10505801709428,2.0,33.3321383985125,12.28195026670092,24.602598398597344,117.81618031954167,306.2794877777778,383.92854129284046,3.1620133723515362,0.93657976,0.897021,32.36219,294.112,4.6496367,72.07317,24.27719,11.172443,9.503196,-0.12357359,0.057309277,0.8834972,1.3548515,-317.99774,10.160324,6.094318,0.90249175,1.2749449,140.5875,-34.0027
2017-07-15 00:30:00,-18.591431362450606,32.50928941492822,17.518038389904216,17.518038389904216,11.472578124193548,0.0309480321953405,64.35358590758297,7.2,33.44049645057795,16.047737079401507,18.58054612741946,120.95168873754032,307.9064438844086,388.9201866374958,4.852646267031658,0.9484529,0.91049296,31.15758,293.88913,4.6496367,72.07317,24.27719,9.571465,9.503196,-0.1319843,0.4038808,0.36642063,1.3069447,-320.7193,10.541853,8.017536,1.0600909,1.2749449,140.5875,-34.0027
2017-08-15 00:30:00,-15.784631473151794,33.18762064364161,25.27741286829209,25.27741286829209,11.438400731326242,0.0466728333624552,65.1689364137085,32.800000000000004,52.178232186149195,23.155861788247265,27.224952920243467,143.85662295809814,309.8007172715054,395.2854329972027,4.7308015198512345,0.9210086,0.93429464,29.926664,296.798,4.6496367,72.07317,24.27719,12.452535,9.503196,-0.13318835,1.5530062,0.6760662,1.3052156,-300.28784,12.144647,8.10519,0.954389,1.2749449,140.5875,-34.0027
2017-09-15 00:30:00,-13.971173698709881,30.39939096462527,15.626779538128336,15.626779538128336,15.388564625,0.033010877752314816,50.76660921037423,3.8000000000000003,82.43123318194444,14.792386680073953,58.60821281043817,202.91942297213888,320.169649375,392.890824898214,8.682468087268632,0.92741996,0.9166374,27.331127,306.43198,4.6496367,72.07317,24.27719,18.100285,9.503196,-0.13342173,0.12922248,0.69050485,0.8747805,-316.12186,18.781467,15.263916,1.0387003,1.2749449,140.5875,-34.0027
2017-10-15 00:30:00,-10.175850989015586,30.229128786471733,23.62310048679403,23.62310048679403,19.052433484543013,0.03245922157706093,49.59913203105631,10.600000000000001,125.0976551141801,21.640397011050563,88.33544926246681,266.5389593088239,338.3042521505376,396.27312754311595,11.253157823687276,0.9375852,0.8859343,24.074625,315.13715,4.6496367,72.07317,24.27719,23.472178,9.503196,-0.14113434,0.7313702,0.79060364,0.86156994,-328.9778,23.343725,17.110691,1.0427041,1.2749449,140.5875,-34.0027
2017-11-15 00:30:00,-5.143630025833597,28.783634572882043,29.500276717822846,29.500276717822846,22.779735445833335,0.04316872920486111,46.053668999931205,32.8,134.0389651628639,27.925107621469962,84.36677004766054,272.4125625593708,365.43035000000003,394.9937058479189,15.220206276981,0.9674178,0.8896399,21.993698,317.8123,4.6496367,72.07317,24.27719,22.105114,9.503196,-0.14660175,1.4635959,0.81271523,0.91141135,-318.15265,25.991596,23.096941,1.0718497,1.2749449,140.5875,-34.0027
2017-12-15 00:30:00,-14.786180611492135,45.41912280104685,41.348484244093264,41.348484244093264,23.29987529905914,0.04600577896617384,45.482733243873916,39.0,150.32237527893076,37.87807681500419,93.3896675657495,306.4155783529294,360.40108004032254,389.6292971872912,15.884394147612033,1.0311917,0.90599024,22.99673,323.36887,4.6496367,72.07317,24.27719,27.40388,9.503196,-0.14408533,1.1915859,1.1737833,0.9270847,-330.8119,28.506094,23.501093,0.98552084,1.2749449,140.5875,-34.0027
2018-01-15 00:30:00,-1.451674283001255,28.39423114080165,25.053089555669096,25.053089555669096,26.865141619623657,0.029704404516129036,38.046348332888186,7.6000000000000005,152.7864845402016,22.950366089377873,110.86816562421154,318.8820922778763,378.649738172043,386.1026243365335,22.43929313648198,0.9104499,0.8603287,22.252756,327.83276,6.9268265,72.87689,21.521101,28.299435,9.503196,-0.1430695,0.44663882,1.0857294,0.8166532,-359.26343,29.257784,31.698578,1.0535566,1.2749449,140.5875,-34.0027
2018-02-15 00:30:00,-1.0884845975408803,22.96499974862755,16.704609357291243,16.704609357291243,25.85472152529762,0.03023253693700397,39.95406739211018,3.2,128.78036068607884,16.942141831617807,91.88854413472947,277.9351076480506,376.23804129464287,393.3476548082065,20.45838218523101,0.9191051,0.9282449,24.735065,323.85715,6.9268265,72.87689,21.521101,25.354715,9.503196,-0.14084113,0.16743273,0.6654859,0.7829125,-384.5135,26.082586,26.98831,1.0540326,1.2749449,140.5875,-34.0027
2018-03-15 00:30:00,-7.2688142222962036,25.655465143343502,12.51094384756915,12.51094384756915,22.141259663306453,0.027496215351702512,45.6019991574053,1.6,109.80747700459678,11.460891511497785,83.4317766253887,254.31403131625672,351.71091821236564,386.1873412268276,14.75081983089981,0.9830151,0.80724114,27.593948,315.91458,6.9268265,72.87689,21.521101,21.330175,9.503196,-0.14437488,0.23829731,0.29759824,0.7898472,-409.57794,22.022688,19.837214,1.0084825,1.2749449,140.5875,-34.0027
2018-04-15 00:30:00,-9.030939294929192,25.847062509532048,10.760897139621441,10.760897139621441,20.403191322916665,0.02633547902777778,47.9705045315628,2.8,65.988493744125,10.186318372598445,52.61845790038796,187.74931678828474,344.9145624305556,383.5399733319431,12.653531719624773,0.9340124,0.77033824,28.270596,310.595,6.9268265,72.87689,21.521101,17.683102,9.503196,-0.13546984,0.07467538,0.15113543,0.6445367,-427.05988,17.127241,20.872236,1.1305327,1.2749449,140.5875,-34.0027
2018-05-15 00:30:00,-9.153184478890239,20.389524054415716,14.525230363665319,14.525230363665319,13.541831814516128,0.02719368644265233,65.5913765222112,12.0,36.04630235340769,13.306117540430566,23.881142007395045,121.52589131712367,323.98931908602145,393.49085775311414,5.375481250086765,0.8759284,0.7670634,30.859241,297.55112,6.9268265,72.87689,21.521101,11.133861,9.503196,-0.12713817,0.6233982,0.31535205,0.6401669,-427.96976,11.30225,9.052485,0.97359335,1.2749449,140.5875,-34.0027
2018-06-15 00:30:00,-12.206058735715645,22.935570162675603,14.421663165596573,14.421663165596573,10.033133433705771,0.04041330613888889,72.54704809445468,24.400000000000002,24.125084566436172,13.651617570643424,15.71491313246912,102.4946250416875,305.9876804508912,394.9861317563938,3.391924335164288,0.8173074,0.80851585,30.1634,292.05997,6.9268265,72.87689,21.521101,8.787918,9.503196,-0.12757628,1.2201641,0.6729979,0.7437281,-411.05896,8.925478,6.022432,0.933144,1.2749449,140.5875,-34.0027
2018-07-15 00:30:00,-12.599338254157875,23.820529449008006,13.191164663088951,13.191164663088951,11.46886442093935,0.03138099152777778,61.595485644398906,9.0,28.472397610248652,12.084020914484412,19.474431543113987,121.69728839052419,302.97526518817205,393.34946381492273,5.226813232142606,0.7942692,0.7215484,29.32218,294.83273,6.9268265,72.87689,21.521101,10.449366,9.503196,-0.1207381,0.39723074,0.7704008,0.7395209,-414.045,10.561003,8.225166,1.0663277,1.2749449,140.5875,-34.0027
2018-08-15 00:30:00,-16.9061578411306,27.814713540583142,18.18872413327278,18.18872413327278,12.315994006518816,0.03238423135528674,57.58948422420721,24.799999999999997,48.123835035088035,16.662131695563797,32.367314253082576,157.0393740590464,300.53644052419355,387.6974434396138,6.108154101050196,0.9046724,0.7960599,27.910158,298.14664,6.9268265,72.87689,21.521101,12.808879,9.503196,-0.12780225,1.0729458,0.91556334,0.69720477,-404.83255,12.474201,9.846265,1.0389793,1.2749449,140.5875,-34.0027
2018-09-15 00:30:00,-22.78179055122188,35.7617765994148,15.285427214194613,15.285427214194613,13.818313239930555,0.034645688606481484,49.93737852506161,2.8,84.67005594719285,14.469260884547804,65.8408256417176,224.2205312735417,299.6653650956914,355.3867861287209,7.965017365352468,0.9290409,0.762012,24.567493,307.37646,6.9268265,72.87689,21.521101,21.09997,9.503196,-0.14278916,0.13397467,0.52903277,0.6954311,-418.5942,19.362955,13.528799,0.8980881,1.2749449,140.5875,-34.0027
2018-10-15 00:30:00,-11.052353498822018,27.129804526241386,14.988250597876977,14.988250597876977,19.32040209139785,0.03090901033154122,45.12578981736904,6.800000000000001,110.28385971702956,13.730276160002594,81.22413974825582,252.63146051540323,335.4756682795699,377.03015825296114,12.462268642970841,0.8130707,0.8087194,21.118366,317.51202,6.9268265,72.87689,21.521101,25.584084,9.503196,-0.14397626,0.55035454,0.57580507,0.6806109,-432.17035,23.08955,18.138,1.0575138,1.2749449,140.5875,-34.0027
2018-11-15 00:30:00,-1.3393144952747145,19.638664904199008,24.639020935975005,24.639020935975005,20.08685675,0.03490422478472222,47.09235804081423,20.4,136.03583027468278,23.323418892171404,95.91068848214611,280.9826848476368,343.5376928472222,395.4718654811591,12.612951921695165,0.79911435,0.7695109,18.986275,319.68143,6.9268265,72.87689,21.521101,26.602293,9.503196,-0.14839953,0.75143343,0.4876618,0.59893197,-434.95294,25.497784,18.768196,0.94697315,1.2749449,140.5875,-34.0027
2018-12-15 00:30:00,10.031791998167627,18.01490744242659,26.909361736734894,26.909361736734894,25.595205954301072,0.03983704493167563,41.238401783217476,26.2,156.3857410215987,24.65084003780344,102.70198264287546,310.4200992906102,376.62431196236554,394.5535862024077,19.70752240606333,0.75682,0.75965565,18.875929,324.78625,6.9268265,72.87689,21.521101,26.625547,9.503196,-0.14569663,1.134226,0.84597534,0.61060363,-436.9435,28.785767,28.201794,1.0803676,1.2749449,140.5875,-34.0027
2019-01-15 00:30:00,1.9662435870015496,23.25758775252625,15.645933740610843,15.645933740610843,28.069285799731187,0.03106809775761649,34.586720847127175,2.8,154.10923483677882,14.332759492966982,115.11966916029104,338.5052865696035,374.50212701612907,378.94504056165374,25.469544950311,0.7933318,0.7173218,19.164318,329.36002,7.379525,64.06609,29.554379,28.396345,9.503196,-0.14131993,0.18493712,0.74022347,0.58246905,-469.65842,29.857597,34.94094,1.1106739,1.2749449,140.5875,-34.0027
2019-02-15 00:30:00,-4.387800072852349,21.70786118131511,13.449788070534954,13.449788070534954,24.288030320684523,0.03011097377232143,39.343579922410356,5.8,138.11824172397544,13.641038363865974,105.28556956057277,311.47372617497996,353.4990555059524,363.17015918267873,18.781651051414535,0.7435152,0.6998561,20.547949,323.80814,7.379525,64.06609,29.554379,27.003284,9.503196,-0.14495987,0.16608183,0.5641786,0.5821657,-495.881,26.653236,24.776133,0.98345536,1.2749449,140.5875,-34.0027
2019-03-15 00:30:00,-2.0368824762484525,17.899955980835365,12.50548068910821,12.50548068910821,22.76684939516129,0.028507185340501794,43.73232614181043,5.8,93.69205100746909,11.455886879777442,72.38332666642594,235.82909495137096,354.81834375,390.7242468781774,15.862464762660741,0.7283315,0.68853563,21.85604,320.86502,7.379525,64.06609,29.554379,25.627577,9.503196,-0.14452358,0.34557945,0.22113599,0.5871994,-512.5373,21.771833,21.519112,1.0392077,1.2749449,140.5875,-34.0027
2019-04-15 00:30:00,-6.254247421642046,18.805808759005455,6.409626307464416,6.409626307464416,18.67941471111111,0.02733398595833333,46.75850333218932,0.0,59.13658136123819,6.067383915121408,52.80506326249914,182.98349723881944,333.5296040972222,374.42728359836667,11.608432789159957,0.85089445,0.6343842,23.741468,311.0525,7.379525,64.06609,29.554379,20.019163,9.503196,-0.14125024,0.016299501,0.15744539,0.58366233,-526.18207,16.616411,17.474325,1.023064,1.2749449,140.5875,-34.0027
2019-05-15 00:30:00,-7.837247563439723,19.341216652563546,17.1445249295799,17.1445249295799,14.205405143817202,0.03458202347558243,65.98008607041625,21.6,35.76511349665726,15.705572867091266,24.67607318445039,128.48524166063842,320.9325142473118,382.76263907960595,5.552308087594448,0.7698322,0.7217525,28.348469,297.996,7.379525,64.06609,29.554379,10.957339,9.503196,-0.15049425,0.8888748,0.41738293,0.6042249,-520.788,11.3091,9.345863,1.0191941,1.2749449,140.5875,-34.0027
2019-06-15 00:30:00,-9.371218656320114,19.666956436494186,12.357927613119518,12.357927613119518,10.89501041947484,0.03673403885069444,68.69611717094146,18.8,21.012711565144564,11.698075305381964,19.9654099904772,113.71315409131252,299.0357460183657,383.2614590930915,4.099375106493544,0.7363722,0.6464919,28.363327,293.69092,7.379525,64.06609,29.554379,10.061426,9.503196,-0.14322677,0.95216566,0.63469774,0.58080226,-511.38638,9.27476,6.7449574,0.96609634,1.2749449,140.5875,-34.0027
2019-07-15 00:30:00,-13.286131011423471,21.220010969990433,14.910514112418422,14.910514112418422,11.945867995449731,0.0317894921055025,70.07824858002009,10.0,28.893883662268806,13.659064152564902,17.789009550965314,110.76981549662386,314.4616700424539,385.470054906978,4.204372884334069,0.80375445,0.63509655,27.886227,295.24,7.379525,64.06609,29.554379,10.46977,9.503196,-0.16223466,0.70511067,0.85202503,0.60198885,-506.21112,9.908398,6.429673,1.1030496,1.2749449,140.5875,-34.0027
2019-08-15 00:30:00,-15.003851722929515,20.60144146252988,11.930245398545942,11.930245398545942,11.44065356009882,0.031079252990591395,59.55876889721601,2.4000000000000004,49.62605895295822,10.92893149263453,40.78208940837428,153.8271630074597,302.9372492850422,368.84588204502325,5.493611448341327,0.7731708,0.5806399,23.343164,300.93774,7.379525,64.06609,29.554379,17.025902,9.503196,-0.14818513,0.23858495,0.63172024,0.52918833,-514.76587,12.71328,8.336377,0.91742325,1.2749449,140.5875,-34.0027
2019-09-15 00:30:00,-9.941079335885224,19.62346655416595,16.243088480646065,16.243088480646065,15.148140304513888,0.0327375905192933,50.75543388101263,13.8,85.50945596718637,15.375787768562189,61.86883085399502,220.5094425235875,309.92621038817526,383.7007306209751,8.549243218320694,0.74857974,0.6243617,21.950487,307.24777,7.379525,64.06609,29.554379,19.650515,9.503196,-0.1380739,0.60983175,0.51407915,0.5716191,-517.2892,18.842163,14.052861,0.98845196,1.2749449,140.5875,-34.0027
2019-10-15 00:30:00,-7.469629925965843,21.85904219757983,10.691693249620188,10.691693249620188,19.56591724865591,0.031021001713709674,40.37673478567479,0.2,112.76450805960754,9.7943318986216,90.34380851883336,274.01851312060484,327.7169252688172,368.13478897354577,13.753261662138591,0.7255498,0.67008907,18.45432,316.8909,7.379525,64.06609,29.554379,25.325104,9.503196,-0.14551781,0.029611748,0.31315315,0.53184664,-538.1002,24.353134,20.16083,1.037119,1.2749449,140.5875,-34.0027
2019-11-15 00:30:00,-0.0782345560819615,16.796977223455364,18.615140770595744,18.615140770595744,20.053975291666667,0.03688756383101852,43.223412347206605,17.0,147.90288543904376,17.62118418006702,114.27716509910013,322.53700105462497,329.7523596527778,383.22983844647564,13.507220426131294,0.742032,0.67285246,18.052692,319.69998,7.379525,64.06609,29.554379,26.967018,9.503196,-0.14283706,0.8078823,0.5294132,0.53261477,-542.76154,26.541178,20.306496,0.9305242,1.2749449,140.5875,-34.0027
2019-12-15 00:30:00,-0.589986486089052,21.922597974317767,14.646428640841783,14.646428640841783,26.00634142876344,0.029759326133512547,33.56124997685888,1.8,152.35930812067943,13.417143560771132,121.69535644870682,338.31086488739317,362.3819637768817,366.30668223704936,22.845742173675053,0.7159066,0.65351564,18.529615,326.65817,7.379525,64.06609,29.554379,28.308012,9.503196,-0.14361225,0.032731034,0.31485188,0.42404702,-575.0992,30.74544,32.999485,1.0885513,1.2749449,140.5875,-34.0027
2020-01-15 00:30:00,1.8337155270037657,17.94932904795817,15.080948412592543,15.080948412592543,24.440130860215053,0.031493472724014336,42.548790914712285,19.0,140.72766659940322,13.81519378178654,105.0928385821166,311.0704877459355,358.5934496639785,384.54619384237805,17.955905240557207,0.71290845,0.624335,18.122177,325.45175,4.0547066,69.408226,27.212248,28.196499,9.503196,-0.14387988,0.54158187,0.44511476,0.44760996,-593.10175,28.607056,24.862425,0.9625869,1.2749449,140.5875,-34.0027
2020-02-15 00:30:00,-4.642942303874129,24.385440531294023,20.47775872732644,20.47775872732644,22.677970370689657,0.035740288952346745,52.284671907387974,9.0,134.9448128347579,20.052773313125858,98.07129085813321,287.63498419465515,358.212345545977,370.4908894164611,13.377532314493285,0.69639313,0.6262366,18.502707,319.49,4.0547066,69.408226,27.212248,23.45823,9.503196,-0.13890666,0.88437206,0.3935601,0.49588478,-604.80743,24.775852,17.235025,0.951314,1.2749449,140.5875,-34.0027
2020-03-15 00:30:00,-13.260067584735221,33.66140544474733,17.020971030455037,17.020971030455037,21.020758963709678,0.03955845956205197,47.46041892359257,18.2,96.12681302038305,15.592388933812902,70.46033747230251,235.92699055663306,345.9065912634409,353.7270106615357,13.283393601182675,0.6495967,0.5939589,18.810741,314.40002,4.0547066,69.408226,27.212248,20.829845,9.503196,-0.13899682,1.1699965,0.8232356,0.5390616,-609.53046,20.839811,17.273954,0.96076345,1.2749449,140.5875,-34.0027
2020-04-15 00:30:00,-9.59960297042721,26.308665922856576,22.48105793006166,22.48105793006166,16.827809597916666,0.04310521484490741,62.8656780503035,48.2,60.05932689750972,21.28068045416639,37.65689722179824,160.8463526033639,337.3444696527778,394.96091390971367,7.189745831090055,0.76258665,0.62861353,21.901533,304.112,4.0547066,69.408226,27.212248,14.380304,9.503196,-0.124774605,2.7615607,1.6814828,0.7455663,-574.42316,14.435637,11.048935,0.94860065,1.2749449,140.5875,-34.0027
2020-05-15 00:30:00,-14.96367630833463,26.051701869388076,15.861234670059376,15.861234670059376,12.935588281518818,0.03703117694444445,62.9091016671271,3.4,36.25704845706855,14.52999006364161,27.272799621256006,132.45472144791532,312.9232254032258,386.38514730303365,5.566609288673093,0.74283874,0.6060597,25.648241,297.016,4.0547066,69.408226,27.212248,11.544306,9.503196,-0.11439809,0.43685088,1.5031669,0.71485525,-576.8632,11.136396,8.182829,0.9042044,1.2749449,140.5875,-34.0027
2020-06-15 00:30:00,-14.740512001569606,23.581794273346,14.187546927233516,14.187546927233516,10.624226850779936,0.03239425908018491,70.1595076364795,13.6,21.84037397460605,13.43000198327938,17.414052581346365,111.69156350440666,300.4605029224086,397.6265779730939,3.837117341516247,0.6962899,0.6437194,26.544926,293.952,4.0547066,69.408226,27.212248,10.582342,9.503196,-0.11484072,0.5795751,1.2311047,0.68221736,-571.9651,9.332188,6.0746717,0.94214207,1.2749449,140.5875,-34.0027
2020-07-15 00:30:00,-20.93542856729161,29.934319320526928,9.25563230247564,9.25563230247564,10.310379964181152,0.031549230940623965,69.41213939085003,5.3999999999999995,30.631359401507893,8.478800559048025,23.90264681766226,124.8877295269215,298.2000031861618,406.4206393999132,3.850785329054069,0.74629444,0.6313901,25.410885,295.5543,4.0547066,69.408226,27.212248,12.649405,9.503196,-0.11796609,0.31027803,0.44821924,0.6479717,-576.30707,10.83683,6.1559644,0.9259829,1.2749449,140.5875,-34.0027
2020-08-15 00:30:00,-19.838468466587155,33.908318552867286,16.538084133139275,16.538084133139275,11.61786355834599,0.03377090014336917,65.4404944652482,17.2,46.75401223387263,15.150031074175073,30.66986512781988,146.08599433360885,305.4985628194506,408.9409238781953,4.750687215091571,0.86721236,0.64717174,24.451216,297.445,4.0547066,69.408226,27.212248,13.2548895,9.503196,-0.12664406,1.3357185,0.7550601,0.7421276,-557.4063,11.94853,7.3693414,0.9411456,1.2749449,140.5875,-34.0027
2020-09-15 00:30:00,-23.03283947420357,45.244105651241476,18.525002781825947,18.525002781825947,16.10463385347222,0.039342230783564816,53.12463245663969,33.6,80.00362953394445,17.53585911477166,52.41690900923775,200.13541165555554,323.73210687500006,409.24485339358375,8.660755514838362,0.7115155,0.6245329,20.098864,305.33533,4.0547066,69.408226,27.212248,16.55207,9.503196,-0.14227016,1.6405886,1.1349058,0.83532053,-534.3965,17.660183,13.442596,1.0695956,1.2749449,140.5875,-34.0027
2020-10-15 00:30:00,-18.445239876576636,48.40873805378155,35.9271051796496,35.9271051796496,17.772648022849463,0.04682495113799284,57.42339650086726,46.4,101.07197212110216,32.91171791696097,54.618706194282616,218.40733303331993,340.35317137096774,410.23963423233744,8.76020205153175,0.7602334,0.7074186,18.586779,311.64,4.0547066,69.408226,27.212248,21.08923,9.503196,-0.14588508,2.9369793,1.9173465,1.0493094,-502.23364,21.282444,13.976623,0.97995687,1.2749449,140.5875,-34.0027
2020-11-15 00:30:00,-35.40508212819863,69.23949990416608,21.890756132999414,21.890756132999414,23.81272504144037,0.03523302029398148,38.44683996159233,6.800000000000001,150.65256684094444,20.721897857996666,104.95770949210792,324.4109309669028,351.7877107638889,411.6292434346373,18.51062206533163,0.8060982,0.7560973,20.204302,321.331,4.0547066,69.408226,27.212248,25.37015,9.503196,-0.13467452,0.22206552,1.4399577,0.9773537,-529.1889,27.444382,25.970928,1.0839034,1.2749449,140.5875,-34.0027
2020-12-15 00:30:00,-50.07145981590701,80.61191432189344,20.24810351056511,20.24810351056511,22.412390659837428,0.032673800805451535,40.451131355386806,6.6,150.51082899723292,18.548665910066664,105.70083081487232,320.7028807838208,345.7715450846922,411.77718269014815,16.42217438846214,0.8360559,0.7620429,20.36771,323.05426,4.0547066,69.408226,27.212248,28.005436,9.503196,-0.13417359,0.38223907,0.97371465,1.0465734,-558.343,28.581161,21.800137,0.9459461,1.2749449,140.5875,-34.0027
2021-01-15 00:30:00,-43.40856531680321,72.86860088214395,18.04069689925752,18.04069689925752,24.423840977801465,0.03268779445465643,41.88799601616376,13.0,150.97089148122885,16.526528491643614,104.39384567574467,323.68593768392674,355.91135632882043,411.81193571495487,18.14430373911074,0.78127396,0.7463856,20.283268,324.42737,4.0547066,69.408226,27.212248,27.321497,9.503196,-0.13461828,0.6850258,0.40428126,1.0457443,-577.1369,28.567026,24.483747,0.9566217,1.2749449,140.5875,-34.0027
2021-02-15 00:30:00,-40.498348618667144,63.25653475604239,8.740203484184205,8.740203484184205,23.14846358184524,0.03198576065518144,43.352262753600385,0.6000000000000001,134.14100426720984,8.864485478172274,98.81958029283496,298.5198668214211,351.69350357142855,412.8257933407438,16.351411864791704,0.75560665,0.7388567,22.34247,321.34998,4.0547066,69.408226,27.212248,25.42127,9.503196,-0.12908247,0.18947075,0.40726638,0.9985026,-600.4567,25.774961,21.6337,0.9470294,1.2749449,140.5875,-34.0027
2021-03-15 00:30:00,-36.17561244861368,58.15565301823969,13.04237079407548,13.04237079407548,20.64576560215054,0.029696598852984375,52.00148706366318,10.2,99.03456972850806,11.947715419781806,69.36805001763804,236.4427255741599,345.0118603494624,411.17093755990993,11.852799399105212,0.84516376,0.73351073,25.32195,314.6,4.0547066,69.408226,27.212248,21.188803,9.503196,-0.13251093,0.54573303,0.48153096,0.96425545,-615.65753,21.07168,15.540524,0.95328367,1.2749449,140.5875,-34.0027
2021-04-15 00:30:00,-26.78414352620412,44.42535725793252,4.296134628041907,4.296134628041907,17.42049218221228,0.028517320645693223,51.196516840731256,0.0,61.60303024443817,4.066742254384113,52.08079367166999,187.39090094478152,326.53925125303294,410.99355858562956,9.816856370017035,0.81979483,0.6620492,24.455437,311.48,4.0547066,69.408226,27.212248,21.840614,9.503196,-0.1299253,0.007301476,0.2164513,0.7592212,-630.4094,17.00022,15.365661,0.94332045,1.2749449,140.5875,-34.0027
2021-05-15 00:30:00,-17.50364995118533,32.37256529644535,9.569023018064428,9.569023018064428,13.527059152119481,0.027799404771505377,59.2558798220573,10.200000000000001,29.445849033867166,8.765888170968816,23.265329747221518,123.50620534124434,315.6274414927395,408.30101045124485,6.35903518888233,0.72442466,0.74987316,27.01872,295.64502,4.0547066,69.408226,27.212248,9.3095665,9.503196,-0.13692744,0.37264076,0.28168452,0.756474,-633.5402,11.945573,9.710693,0.9675904,1.2749449,140.5875,-34.0027
2021-06-15 00:30:00,-10.409024884875395,27.14666551921654,15.49274983013093,15.49274983013093,11.734209467440952,0.030224116657478026,75.26276323782078,19.400000000000002,25.152532210391957,14.665513496608506,10.369034525106496,100.19628779548657,316.6268307761924,405.4171584044022,3.427056918293354,0.76564854,0.78522044,29.07623,292.75665,4.0547066,69.408226,27.212248,7.701709,9.503196,-0.13245411,0.84832036,0.43512797,0.780768,-623.6328,8.389199,5.7273803,1.0975076,1.2749449,140.5875,-34.0027
2021-07-15 00:30:00,-16.30482669001739,34.54112202042174,19.308487708298934,19.308487708298934,10.74459745614163,0.03364399913082437,68.941049974682,35.0,29.624912828551615,17.68791272441841,9.8345578894443,112.23980796493952,306.365305577957,405.3968382401519,4.026322364578793,0.7703435,0.7678029,28.095415,292.685,4.0547066,69.408226,27.212248,8.87958,9.503196,-0.13629925,1.7397959,0.9976965,0.88863885,-602.11926,9.783069,6.478384,1.0114659,1.2749449,140.5875,-34.0027
2021-08-15 00:30:00,-21.480093318952818,43.21040135323239,18.19877159933673,18.19877159933673,12.635557380231868,0.033953642313433535,60.8493258688581,11.399999999999999,54.499734173873286,16.671335870718565,31.177957325818277,156.39643455552584,309.4936632592497,404.89974435773934,5.759844835787185,0.83068794,0.76109207,27.62212,301.4,4.0547066,69.408226,27.212248,15.965128,9.503196,-0.1261584,0.65537035,1.0577229,0.8288421,-600.5302,12.642612,9.243806,1.0472575,1.2749449,140.5875,-34.0027
2021-09-15 00:30:00,-31.892021487863047,55.094103567836584,15.081629519677035,15.081629519677035,15.26693705,0.03569465849768519,52.442223351760205,20.2,82.61428131713524,14.27634498050909,53.69860018831885,206.6157145133403,316.3715421628497,407.53583785312674,8.320688250046627,1.00217,0.72764504,27.142902,309.2853,4.0547066,69.408226,27.212248,21.3527,9.503196,-0.13196568,1.1233014,1.1531128,0.7782579,-590.24274,18.389612,13.679838,1.011396,1.2749449,140.5875,-34.0027
2021-10-15 00:30:00,-42.00179080357239,63.767737742184885,19.747821677506398,19.747821677506398,16.88821160424762,0.034740845729814354,48.13595519118958,16.0,122.335028368186,18.090373083904456,82.37675963318493,267.9434756675666,321.0261942282889,408.35285843929705,10.08086054877769,0.8174863,0.7825179,20.730806,313.46,4.0547066,69.408226,27.212248,23.890081,9.503196,-0.13151553,0.60019773,0.8104785,0.603362,-601.5869,22.670553,14.55584,0.9247171,1.2749449,140.5875,-34.0027
2021-11-15 00:30:00,-26.18202408696523,58.98513291223528,34.68765803150788,34.68765803150788,19.512164689583333,0.044902516396990735,51.29466457184775,52.4,128.47353516738576,32.83550838970206,71.03904238937842,254.95159121353475,350.4576138194444,409.9402384491676,11.196626546885847,0.8216208,0.8071352,19.611097,315.28287,4.0547066,69.408226,27.212248,22.98629,9.503196,-0.13003574,2.2881353,1.435109,0.81521183,-563.0696,23.875195,15.623749,0.90978837,1.2749449,140.5875,-34.0027
2021-12-15 00:30:00,-51.71481125939361,83.58844671690304,15.519087242522914,15.519087242522914,23.690167149193545,0.03460102322356631,38.033671019339806,1.8000000000000003,165.3217550386761,14.216559310877475,118.0192918423558,352.5896642304771,347.2622192876344,411.1339156090945,18.4947580571234,0.8125939,0.7516126,20.489456,324.07333,4.0547066,69.408226,27.212248,27.93514,9.503196,-0.1344828,0.07769767,1.0173883,0.8054552,-595.98627,30.152822,24.626167,0.99300265,1.2749449,140.5875,-34.0027
2022-01-15 00:30:00,-34.31301523862126,63.83503507253488,17.61145965941589,17.61145965941589,27.02142831989414,0.03225291082082096,45.165288299331635,11.799999999999999,152.31045314267783,16.133317435910552,106.37072192128582,305.4041854591884,386.82541665175944,411.6690526834946,20.048836854161664,,,,,,,,,,,,,,,,,,,140.5875,-34.0027
2022-02-15 00:30:00,-20.819575845736164,33.67543010126431,5.646695849108578,5.646695849108578,24.45815333780161,0.03352714636282395,38.62632784026053,1.0,144.82646213016088,10.317793368612458,103.73424061720154,317.4153827151475,355.64533284182306,410.47397005894095,19.203040068586816,,,,,,,,,,,,,,,,,,,140.5875,-34.0027
