time,NEE_SOLO_EC,GPP_SOLO_EC,ER_SOLO_EC,Ta_EC,Sws_EC,RH_EC,Precip_EC,Fn_EC,Fe_EC,Fh_EC,Fsd_EC,Fld_EC,VPD_EC,LAI_RS,EVI_RS,LST_RS,Fpar_RS,LST-Tair_RS,AI_RS,solar_RS,Ta_RS,VPD_RS,precip_RS,precip_cml_3_RS,PFT_RS
2009-02-15 00:30:00,-7.2344878129777825,157.64858375902236,150.41409594604454,26.074931512673412,0.343437205134846,94.58619565876272,5.099999999999984,121.4087695826147,115.610712915934,8.576318650997237,181.82354249999997,442.73873574089487,1.8693594485003828,1.9680866,,,35.76559968783479,,1.4752409844704557,226.34753,26.804998,7.4556637,653.20044,1969.1438,10.0
2009-03-15 00:30:00,-55.947207243164605,178.9286047487877,122.98139750562308,25.409476113054296,0.3201972033045374,89.32722032073211,20.0,127.7760994939488,116.06656934368674,5.663388425138457,159.2814372960499,427.1363332702379,3.539213698048069,2.484932,,,42.811042357412155,,1.4752409844704557,270.8968,26.489033,9.599247,170.68057,1874.8885,10.0
2009-04-15 00:30:00,-68.23541432921093,119.13360055462184,50.89818622541091,24.586084756813822,0.30042380157641474,88.17113753854431,301.79999999999995,95.76257951879879,96.14945342971184,5.573074096436328,116.67132325854651,419.6148651377219,3.7302217159482685,2.3324597,,,40.43969498996147,,1.4752409844704557,227.27621,25.586494,8.536005,233.49538,1057.3763,10.0
2009-05-15 00:30:00,-86.31344763891504,133.7499804933585,47.436532854443456,22.82062042029781,0.31104921635229515,88.51976646955958,194.14999999999998,73.28851441671917,91.06114590690788,1.1832593829371936,124.2047792279599,412.2162072874853,3.2472060595100243,2.0571837,,,35.74505622215123,,1.4752409844704557,181.93323,22.782099,6.6713943,121.22403,525.4,10.0
2009-06-15 00:30:00,-43.49169200383722,129.37828095548258,85.8865889516454,22.35442985020283,0.2897711928052155,89.60784943463254,29.900000000000002,90.35801971028536,75.74338659440143,6.097822008608525,116.86139551963457,402.0560538176069,2.8556043761433436,2.8726244,,,49.916497575651206,,1.4752409844704557,200.82178,22.04817,6.7717075,37.42576,392.14517,10.0
2009-07-15 00:30:00,-58.31367039409556,120.91793012620906,62.60425973211349,21.80058406378618,0.2720765989102705,89.22111354083046,77.08846153846154,77.51277321390114,74.20843362112211,2.275704492710213,103.19628475627725,393.106229473955,2.861445765632433,2.7357152,,,46.31982593042152,,1.4752409844704557,210.46893,21.37,7.7475414,32.86916,191.51894,10.0
2009-08-15 00:30:00,-69.4253756439331,155.52790319761698,86.10252755368387,22.13314097498791,0.26558817654163863,89.74464750530126,25.4,118.32416602414493,74.79870261445926,24.2624672378614,164.9868153021041,395.2595782254588,2.7794847651950088,2.9064639,,,47.55133271489981,,1.4752409844704557,238.8814,22.379679,8.287605,24.207275,94.5022,10.0
2009-09-15 00:30:00,-55.819973106046746,169.05756157611395,113.23758847006721,23.4909947488575,0.23421212408687378,83.69541287929404,10.400000000000002,138.20828412765138,68.79126997697485,38.14493537092619,162.26743432069583,403.42569891093,4.806955541090267,3.225919,,,50.11571118419799,,1.4752409844704557,269.2438,24.255667,11.004246,17.782494,74.85893,10.0
2009-10-15 00:30:00,-42.42874948694316,171.24283029963496,128.8140808126918,23.986582907756173,0.22952407684290999,72.57784391997049,33.0,140.8297902543021,72.36045588114479,42.74598205453581,180.1108106800358,405.38653190594255,8.335226274416977,3.04311,,,48.49804960487665,,1.4752409844704557,280.70117,24.785969,12.428064,30.76061,72.75038,10.0
2009-11-15 00:30:00,-24.994005446420275,150.8834934869556,125.88948804053535,24.61772227510648,0.2815812024205191,87.0990222012662,212.39999999999998,120.66383510647445,85.25104256539396,14.914874689290382,183.49434471481015,415.36331696377067,4.076201069418061,2.606117,,,42.626519181262125,,1.4752409844704557,264.8958,25.586498,10.535006,48.708973,97.252075,10.0
2009-12-15 00:30:00,2.3703470812900616,173.17443352329587,175.54478060458592,25.51295714473246,0.2803618324016129,92.5291533295481,301.2,135.73771336764415,94.85144688830758,15.890575543673124,213.05160636575093,428.16589100985743,2.4930731202024994,2.4378831,,,42.23753078607083,,1.4752409844704557,268.21982,27.10484,11.2237835,160.09525,239.56482,10.0
2010-01-15 00:30:00,22.21408836932283,177.23854348726152,199.45263185658433,25.385332483482202,0.33687945573635697,96.75697520882026,1031.0689795918368,115.62035217204355,112.89059538967027,-6.242619663653403,174.7938900637876,441.20841681098966,1.0738432715554211,1.7389361,,,30.998927071345197,,1.4752409844704557,186.12979,26.590157,7.2005444,781.93726,990.74146,10.0
2010-02-15 00:30:00,76.69329989256609,124.91641266122096,201.60971255378703,26.167059762225936,0.34028312780012293,96.98535816413158,955.2,129.27141588207118,125.58979384079255,6.353075065692927,186.86021985425631,442.2302767681978,1.0467694587650878,1.8788279,,,34.34389577447492,,1.4752409844704557,237.14865,27.255362,8.516216,687.7093,1629.7417,10.0
2010-03-15 00:30:00,21.851623346814414,171.67154159213106,193.52316493894548,25.62939277183691,0.33453839478174413,94.91225327045717,880.2,111.25342989985205,122.32007108049177,-6.984500803987037,175.9406207426075,434.3578387393781,1.7098848707194056,2.1153288,,,34.75818523866281,,1.4752409844704557,219.85889,26.298548,7.70825,605.0476,2074.694,10.0
2010-04-15 00:30:00,1.6821829758601758,181.7668116992653,183.44899467512548,24.583871493830763,0.33454397486431325,94.39466974188859,947.5999999999999,63.61204016316451,100.94819864891438,-13.936186717147113,111.09709666319443,435.3700428879728,1.7673965695966027,1.3208299,,,25.109507926487126,,1.4752409844704557,164.88812,24.613003,5.1349487,323.3197,1616.0765,10.0
2010-05-15 00:30:00,-23.808472604806454,188.7134658482679,164.90499324346146,23.85557255576932,0.3024272204022941,80.36717306061655,103.00000000000001,81.81435097176164,82.3721726210019,-6.320251983543402,122.5143448427013,417.2873704034681,5.919687811223534,1.9964548,,,36.937470275909234,,1.4752409844704557,194.15694,23.885485,7.2392673,70.07114,998.4385,10.0
2010-06-15 00:30:00,-34.8094830039022,173.63288646289735,138.82340345899516,22.782105928472223,0.2794354081580038,86.93529549534317,119.2,77.22525240638889,65.72952090542073,0.23287058686105577,115.43069701736111,409.25909794446704,3.686566154140188,2.2149854,,,41.43880643316789,,1.4752409844704557,188.03624,22.226164,6.427805,38.636612,432.02747,10.0
2010-07-15 00:30:00,-59.64789262534926,170.8464263451437,111.19853371979443,22.769705044018817,0.3201109428936884,87.69373058486318,116.69999999999999,53.22368769157931,61.53109464957274,-13.137062103255268,95.02520321526187,419.94576767058066,3.4698844250868373,1.6192359,,,32.07983535621965,,1.4752409844704557,144.2279,22.5179,5.131054,45.093754,153.8015,10.0
2010-08-15 00:30:00,-69.40152743048918,176.76750678583,107.3659793553408,22.43786680141129,0.31700173091620815,86.72485734357662,133.60000000000002,79.45279644963038,75.02552197566598,2.762372770516406,126.65074332509107,413.24791788354173,3.6667713122941494,2.0069137,,,38.52180556871153,,1.4752409844704557,193.53346,22.747097,6.823864,32.59616,116.32652,10.0
2010-09-15 00:30:00,-41.30351300910542,167.93860155238846,126.63508854328302,24.55289847371218,0.33368976483652757,94.37989834294828,299.8,114.61640419963489,91.58845747676298,5.086313967206542,167.0823259007626,425.3481759224357,1.7686958273653999,1.9200609,,,37.695270996308125,,1.4752409844704557,229.08563,24.854666,7.0279083,66.446495,144.13641,10.0
2010-10-15 00:30:00,-38.781460009414104,182.6066105925934,143.8251505831793,24.371039270129415,0.3256229132033504,96.78547809887485,291.3,97.93971965390863,93.90628379863821,-7.326773396573974,146.28042461799095,430.9075614003279,1.000425623633632,1.9492689,,,34.87098321873408,,1.4752409844704557,224.30551,24.584675,7.208687,84.52347,183.56613,10.0
2010-11-15 00:30:00,-29.308418503140366,177.81952195900044,148.51110345586008,24.846781654779054,0.32437059513803324,92.17017231442195,486.7,120.98366387524584,93.81679090232683,6.401545752507011,159.5353455514268,436.712486463956,2.508828673462917,2.171811,,,38.16815358780279,,1.4752409844704557,243.18674,25.366835,7.2204723,262.13165,413.10162,10.0
2010-12-15 00:30:00,-9.821401589061637,178.67596130111548,168.85455971205386,26.039150751562072,0.34271597709918256,87.74848382549739,573.9,115.28538832129983,110.9137139245006,11.02733054019144,166.71636457116628,441.3495009188781,4.2212186847661295,2.070643,,,36.767524647432104,,1.4752409844704557,253.7784,27.009031,8.035713,493.18414,839.83923,10.0
2011-01-15 00:30:00,-10.093239725977089,166.0051138134191,155.911874087442,25.71890767240292,0.34038652218140375,86.52955083980648,372.59999999999997,103.60571915091398,110.03160996178315,6.240351430230824,152.35048675861657,439.46487721477786,4.551837905068399,3.0912986,,,48.72218395705747,,1.4752409844704557,228.43484,26.738388,7.931761,548.49097,1303.8068,10.0
2011-02-15 00:30:00,17.396945068014283,142.38200740816222,159.77895247617653,23.62281435618396,0.33930129964941325,89.17972563891271,411.79999999999995,81.68942271112944,88.76664117111685,-1.474958391716472,118.97439533095691,438.16494289155094,3.216093567898661,1.5529264,,,29.150144787429177,,1.4752409844704557,190.36874,25.881607,5.934202,1201.5939,2243.269,10.0
2011-03-15 00:30:00,0.6593613855505116,197.8005248141833,198.45988619973377,22.211670471244723,0.34201322114498955,89.36627923387097,458.2,90.25292340488087,99.28098572169803,7.800705684688969,134.0064414649341,439.52310285552795,2.896154564774226,1.695126,,,30.502296282859728,,1.4752409844704557,207.9749,26.257095,6.2299767,583.92804,2334.013,10.0
2011-04-15 00:30:00,-24.885944003245065,174.41810048275204,149.53215647950697,24.13113892084931,0.31624721479906404,84.76285820184444,234.0,71.2820147689392,95.51243140813385,-5.756402489138231,119.95568557050137,424.8079055803702,4.672802379053782,2.4121547,,,39.94814599047202,,1.4752409844704557,213.54941,24.530169,7.057478,220.0129,2005.5349,10.0
2011-05-15 00:30:00,11.13036393897914,156.2993684779773,167.42973241695645,22.39349550761638,0.29042372950506007,81.53323008182079,103.39999999999999,64.65143891559543,74.13165576081853,5.263115402274937,128.366867232219,398.33288615206243,5.086723293276651,2.6821492,,,46.24144058009242,,1.4752409844704557,223.38339,22.184029,7.607876,62.819412,866.7603,10.0
2011-06-15 00:30:00,1.9455561917571522,132.29548929064592,134.24104548240308,21.070951571446933,0.29673407534033125,78.90962769584884,121.40000000000002,54.53284370878646,64.95507524451622,-0.7746928235134652,114.43580119202281,386.02262414209207,5.349015855660196,3.0247421,,,49.28677644126917,,1.4752409844704557,195.76004,20.069166,6.6208267,44.670124,327.50244,10.0
2011-07-15 00:30:00,-34.945127766683754,162.73357240830475,127.788444641621,20.97506389802007,0.30793368206442495,83.19266184584723,81.0,62.86391874323706,55.66875773905778,12.068164980968541,121.75645996234199,391.2683287789877,4.237173756913913,2.9692826,,,50.075927821400164,,1.4752409844704557,205.23819,20.063387,5.9249115,23.940983,131.43051,10.0
2011-08-15 00:30:00,-13.157061494198963,139.95052659280083,126.79346509860187,21.29415039374684,0.27902207908206167,81.6325315156914,71.80000000000001,88.39055953472496,61.38194290159167,19.246689911790018,153.323581263549,390.84418125137904,4.7240342390248,3.0135968,,,49.105347810853885,,1.4752409844704557,228.2482,20.693548,6.97501,25.631872,94.24298,10.0
2011-09-15 00:30:00,-14.043063968068665,152.54778393584638,138.5047199677777,22.351673176928745,0.29203889547746026,82.23447254777695,26.0,97.55677376450302,65.00602976173022,25.49258006633375,160.5635480448244,402.07615012101127,4.880859298918849,3.169381,,,49.360550942596625,,1.4752409844704557,254.41357,22.161663,8.823736,36.441845,86.014694,10.0
2011-10-15 00:30:00,2.8060116056182407,155.4622261338831,158.26823773950133,25.38671155239016,0.26774287593724044,85.12497280289791,340.4,95.887502651342,66.94526699244865,18.961247784223566,158.39137206071373,418.86289895751486,4.925891934183782,3.071904,,,48.80040128326577,,1.4752409844704557,250.03734,24.648708,8.931383,124.49248,186.5662,10.0
2011-11-15 00:30:00,-13.173732572722122,182.84204713109406,169.66831455837195,26.24556596146833,0.3072104665533474,85.79311873916389,228.8,100.90339018743317,87.47567906113717,7.780620796353706,153.32457872983443,432.34396809568443,4.956548779983773,2.531584,,,43.49461995431318,,1.4752409844704557,266.07635,25.918667,9.93116,72.52245,233.45679,10.0
2011-12-15 00:30:00,17.39113678311361,163.77290600633924,181.16404278945282,27.18308903977926,0.32993590454516425,84.6712837214828,639.5,103.26700230363026,107.24241412939637,5.158238739352841,150.70803075115035,441.5977014791713,5.659355291624497,2.3378034,,,40.072689031133635,,1.4752409844704557,246.41205,27.051939,9.878958,405.54654,602.56146,10.0
2012-01-15 00:30:00,3.1004527388441723,200.3671800386157,203.46763277745984,25.866861800749195,0.3266008853129693,86.47684128827377,569.2,121.33398326442256,100.42657430320436,20.1163670621411,181.01689006659188,436.3027427026192,4.610902712537317,2.2550755,,,39.420761716261445,,1.4752409844704557,293.93298,26.818708,9.667292,308.8084,786.87744,10.0
2012-02-15 00:30:00,28.712568343484268,177.85984361405292,206.57241195753716,26.4129611260608,0.31054673099761415,81.32110383577006,551.6,96.01704951763479,98.13436587731876,7.045737940566599,144.6951357290116,440.04315984128044,6.583123414022536,2.212553,,,37.63123021807922,,1.4752409844704557,225.4031,26.77638,8.352438,396.61514,1110.9701,10.0
2012-03-15 00:30:00,31.902146008258537,173.05062895042602,204.95277495868459,25.587630957106445,0.35454383071589346,83.74641136753836,1477.3999999999999,80.83837711706005,110.33589238639465,-1.7601741045694117,124.68017590891031,437.49438611633923,5.448633441384618,2.1299405,,,34.66516121116434,,1.4752409844704557,173.16682,26.036772,6.5146885,1076.0325,1781.456,10.0
2012-04-15 00:30:00,7.352136897336227,172.70911666903834,180.06125356637457,24.181952542813082,0.3178570430069217,79.73080134474618,486.4,79.60881398204457,96.50319160107121,-6.602146905685582,132.7929078107111,421.91818685733693,6.235420932504486,1.8335558,,,31.13978240282632,,1.4752409844704557,214.3248,24.508665,8.0810795,253.48161,1726.1292,10.0
2012-05-15 00:30:00,-4.043735245643827,167.03547153246075,162.99173628681694,22.52815211757513,0.3130017232660176,79.53914908969732,203.6,54.12410228637802,86.35032101254374,-10.286101160742835,93.82546961211814,419.14617971466436,5.683341440930154,1.6879483,,,32.16992556586959,,1.4752409844704557,181.56737,22.557579,6.394747,160.8332,1490.3473,10.0
2012-06-15 00:30:00,1.9057162942538213,146.1829842089203,148.08870050317415,20.44969711111111,0.283139124308025,80.79372754861112,111.0,70.22051936125068,60.96858057944844,9.582094276459298,123.55415045061733,392.92056214102826,4.684652272162765,2.6602817,,,46.19313023080088,,1.4752409844704557,211.80171,20.415165,5.344593,38.82078,453.1356,10.0
2012-07-15 00:30:00,-31.88168136495034,158.88058126806814,126.99889990311777,20.32739987903226,0.3005422245750048,79.97933170698926,167.8,57.70063219404099,64.26912423960302,-4.055097031312752,98.92160771033319,400.1563131545779,4.8458127787175815,2.6027317,,,43.55822568250166,,1.4752409844704557,178.15114,20.402576,5.6305084,51.966095,251.62009,10.0
2012-08-15 00:30:00,-30.3791010053017,153.25016889368948,122.87106788838777,20.664539334677418,0.250817744858871,77.29908622983871,122.0,88.17301029888979,67.1291940433128,21.329880674954364,153.87566164578683,392.05466939523563,5.6124079698494524,2.7822633,,,45.16886121833334,,1.4752409844704557,234.40862,20.752905,6.9972744,25.392035,116.17892,10.0
2012-09-15 00:30:00,-46.6458435032388,174.1667221485178,127.52087864527903,22.239324100521017,0.22754903682374816,79.55948545833334,47.400000000000006,96.7810905115875,69.7976536735062,23.487913271282636,163.07146174364863,406.5832268205232,5.5766779030883615,3.0372932,,,48.14810436535812,,1.4752409844704557,273.1019,23.158834,9.47245,23.959423,101.31755,10.0
2012-10-15 00:30:00,-43.96575856276135,175.54039291697308,131.57463435421172,23.100930168010755,0.2382164526982374,78.52715377688172,141.8,101.11302922010753,79.56543004629866,16.065185116311525,163.06745326896507,414.83703971774196,6.179959813276557,2.8691711,,,44.96194924423493,,1.4752409844704557,268.2721,24.09952,10.187044,40.55989,89.91135,10.0
2012-11-15 00:30:00,-14.638532291780624,159.3968124784648,144.7582801866842,24.684262041666667,0.1891586680126195,77.76382941666667,44.2,109.84642547915556,69.50542861626668,27.803177633166797,176.5005493453493,421.7398597916667,7.054428136942511,2.586295,,,44.421585938530335,,1.4752409844704557,298.07095,26.094835,12.379286,32.19155,96.71087,10.0
2012-12-15 00:30:00,-18.128047360826606,163.25780011119414,145.12975275036754,25.563246639784943,0.19928198298979874,79.82727061155914,225.8,117.97760681920698,76.20668849979651,30.82812146995579,185.62676280383064,427.70351323924734,6.7524096640206,2.6370559,,,44.16664653418776,,1.4752409844704557,311.91385,27.018549,12.801289,59.14106,131.8925,10.0
2013-01-15 00:30:00,28.85676148563673,114.97170791818898,143.82846940382575,26.805478219086023,0.30794082876344087,80.65317430107527,599.2,112.30572214822178,144.3174737936097,1.8613188086662678,167.64590261306924,441.78383588709676,6.982146495034428,2.157034,,,37.51754584272614,,1.4752409844704557,256.1604,27.417744,10.402479,430.70343,522.036,10.0
2013-02-15 00:30:00,18.715805360575125,146.71483337105508,165.4306387316302,26.630645349702384,0.2940211144717262,83.49458878720237,444.4,124.07534992983706,109.45732832681563,16.742334877313358,181.57807703983931,442.79384441964277,5.894158888368675,2.5392196,,,43.25394902670201,,1.4752409844704557,275.28937,27.379108,10.061216,101.227905,591.0724,10.0
2013-03-15 00:30:00,-32.55218665084814,178.37493156417662,145.82274491332845,25.487599348118277,0.3276760045362903,86.36498745967741,537.0,91.23782488576289,133.7369705023458,-7.26671670821893,135.30356595764397,438.3658942876344,4.5430809107486665,2.266299,,,37.04488148860584,,1.4752409844704557,212.90323,26.121454,8.076889,280.31,812.24133,10.0
2013-04-15 00:30:00,-27.619009977514573,150.3888660438206,122.76985606630605,24.284468131944443,0.30987724788194443,86.95861479166668,283.0,88.52906113373271,112.43403262575565,-1.5530266294654287,137.06178600982804,426.7233240277778,4.037251350083231,2.564972,,,42.501208363142595,,1.4752409844704557,221.07639,24.678835,7.4489365,190.70616,572.2441,10.0
2013-05-15 00:30:00,-38.8608546869551,142.69304992073899,103.83219523378392,22.866445,0.3277716557795699,89.67514864919355,401.8,56.33943292135935,105.38268502011374,-16.636522741339427,85.26987090130775,423.78873407258067,2.9287077220288884,1.902935,,,35.885416167195984,,1.4752409844704557,167.14082,22.945166,5.4584503,163.13348,634.14966,10.0
2013-06-15 00:30:00,-36.9513604031188,142.70981613786125,105.75845573474245,21.664317631944446,0.29173750934027776,84.3800804236111,41.8,69.5886060394765,73.42195886914416,0.6672844974374884,110.88757483018877,408.7285325,4.111458481555377,2.503477,,,44.19295347820869,,1.4752409844704557,186.48532,21.507,5.7656956,31.404713,385.2444,10.0
2013-07-15 00:30:00,-68.37271321685225,161.17329981224455,92.80058659539233,20.950334764784944,0.2791246524193548,86.34627802419354,124.4,71.34378961697313,102.06232971885288,-4.280193805672344,112.70033424928702,406.56444455645163,3.436801188532889,2.4017084,,,42.97665609666452,,1.4752409844704557,185.95802,20.689837,5.202095,11.734729,206.27292,10.0
2013-08-15 00:30:00,-25.375865919650572,137.1696655417194,111.79379962206883,21.17428565188172,0.24076719785285589,81.2990518077957,51.800000000000004,100.6682553486559,69.7200973611015,18.8991951023835,168.26407514004387,392.87625557795695,4.773825365429811,2.9267633,,,48.415842858572226,,1.4752409844704557,238.91504,21.594515,8.018808,36.424847,79.564285,10.0
2013-09-15 00:30:00,-38.22452259429146,147.56902876399107,109.34450616969964,22.481911895833335,0.23173067975694445,83.59941302777779,73.6,117.07576436804585,82.99459311532166,31.433330530109096,188.99472889758724,402.59885784722223,4.542472572082186,3.3296106,,,50.923842101602865,,1.4752409844704557,276.31943,23.078497,8.8211,41.96146,90.12103,10.0
2013-10-15 00:30:00,-33.00314189473029,161.4681889174749,128.4650470227446,23.98371040322581,0.19490113454301078,80.70991190188172,55.2,108.19335114009813,72.75314190010032,30.293938399506906,177.61191323153201,415.3798241263441,5.8623710538696105,2.9882658,,,47.61886282256785,,1.4752409844704557,283.40802,25.07032,11.568903,33.65002,112.03633,10.0
2013-11-15 00:30:00,-16.84590569415175,153.50369860529224,136.6577929111405,24.786722347222224,0.21553816927083333,87.03746879166667,127.80000000000001,103.67564513852639,90.26048022859838,22.258647678859614,158.0316257570486,432.22895270833334,4.138222311452149,2.322673,,,40.65331123426285,,1.4752409844704557,248.49149,26.277002,10.770575,214.34052,289.952,10.0
2013-12-15 00:30:00,-17.824211515603203,172.0132116725373,154.18900015693407,24.61061120060484,0.2404594009408602,83.47090365427327,76.8,124.47750492174966,106.89341899890074,20.2524927194298,187.0727701011784,428.3954295026882,5.220270401233479,3.0036044,,,47.82469303336841,,1.4752409844704557,291.07306,26.464676,11.608202,45.819946,293.8105,10.0
2014-01-15 00:30:00,-17.89902227806542,175.1832347119646,157.28421243389914,25.611966868951615,0.29458630409946235,82.30693422641355,808.6,105.45766774829154,115.4506487669922,2.378516319250004,152.39157557020363,441.41588850806454,5.9399698909687855,2.300799,,,40.46631917692097,,1.4752409844704557,242.23419,27.185808,10.10421,471.58243,731.7429,10.0
2014-02-15 00:30:00,26.876472773508997,136.90435611848113,163.7808288919901,24.974275887533675,0.36105523833512054,86.42773386939196,1355.9999999999998,92.42722302817418,128.4300657280021,-2.532504662116209,130.65962190656523,439.9341957937403,4.382828535640397,1.4231323,,,29.1028338076911,,1.4752409844704557,197.84642,25.815538,6.9670506,610.8513,1128.2537,10.0
2014-03-15 00:30:00,-8.90313120003517,189.85413513970383,180.95100393966862,24.432342523521505,0.3688528176257855,95.23567930628705,1736.6000000000001,75.26731304421034,115.91332710310391,-11.103364773698065,107.9366737023192,437.5160551506834,1.4883387185658972,1.1714027,,,25.099423455859387,,1.4752409844704557,185.0881,25.564516,7.3678055,765.601,1848.0347,10.0
2014-04-15 00:30:00,20.87559906425777,157.43544970250133,178.3110487667591,24.397092762552184,0.3742995150119207,94.41948698256945,796.0,65.06162808396519,122.26397918655768,-35.36249512640224,96.50387955398075,435.2463027691369,1.7395478304536975,1.3638899,,,30.241577496432875,,1.4752409844704557,200.6906,25.050331,6.936529,403.96817,1780.4205,10.0
2014-05-15 00:30:00,24.818077481695447,141.54041157609265,166.35848905778806,22.90027643146022,0.3419898867160445,82.58243690575576,315.8,66.10128770537165,96.85788715981467,-25.267000168334345,103.22407699665528,419.0631157716186,4.950963737419186,2.088674,,,37.58180699897803,,1.4752409844704557,200.25012,22.940649,6.4533653,126.514595,1296.0839,10.0
2014-06-15 00:30:00,5.851570466570273,141.17349379093514,147.02506425750545,21.448723655555554,0.3518992597247527,77.57388554251358,242.20000000000002,53.802494489910956,79.56064945324941,-10.452946402779244,88.34077445989821,409.69791526201556,5.8239669390980175,2.1121488,,,38.427695392615874,,1.4752409844704557,159.40971,21.298834,4.9837666,99.1681,629.6509,10.0
2014-07-15 00:30:00,-12.620910614414218,154.53288613405664,141.91197551964245,20.50663848017473,0.25698254419176403,71.91337695991787,31.4,76.71392573176911,73.02016142347408,2.317699671315255,133.72855479076054,390.4428248574648,6.8752871277256755,2.804701,,,47.57780943832169,,1.4752409844704557,205.03659,20.186775,5.8777676,9.389473,235.07217,10.0
2014-08-15 00:30:00,-21.171209504991324,159.37062185580106,138.19941235080972,20.85621450033602,0.29574892105580197,74.98129589869237,39.4,77.37160639274083,74.34604879007809,4.631753466572365,128.1444809357793,401.42189881736124,6.260397693926069,2.6316748,,,44.98685294611283,,1.4752409844704557,217.83899,20.934355,6.361742,19.506817,128.06439,10.0
2014-09-15 00:30:00,-35.46671696544121,170.8686733163418,135.4019563509006,21.94163116666667,0.16069445876756125,71.22851905755527,6.0,110.61976323057723,59.10196511754855,29.972652457180867,187.61602604797918,395.87080237438784,7.705385375262937,3.2007613,,,50.10472476730133,,1.4752409844704557,287.2724,22.551165,9.404753,13.413998,42.310287,10.0
2014-10-15 00:30:00,-49.264440723885095,185.05215658011772,135.78771585623264,23.22388325604839,0.12651435084063123,69.75911835966964,27.000000000000004,113.15152969473482,58.409855139555816,35.684298728328834,186.9162077120074,407.7413173252658,8.769845094323621,3.3387864,,,50.53292386730042,,1.4752409844704557,299.98135,23.68871,10.921539,20.773989,53.6948,10.0
2014-11-15 00:30:00,-30.63919295836132,170.94059789337146,140.3014049350101,25.0619118,0.11814046443037217,72.57403870261435,42.0,120.75496522448505,60.48763768089221,36.75024926694995,192.1767814938382,422.07625652405454,8.904056099412777,3.0805278,,,48.95979826330062,,1.4752409844704557,307.05243,26.145168,12.583506,23.017471,57.20546,10.0
2014-12-15 00:30:00,12.49747330775342,171.1631044812101,183.66057778896354,26.623436048387095,0.14417521476388492,74.0641231937417,78.8,133.1644122498878,84.02073986498655,33.101532854925445,199.9115200862218,436.35754280769714,9.257789406816496,3.195721,,,50.360781996338815,,1.4752409844704557,294.94473,28.013712,13.588675,114.7571,158.54855,10.0
2015-01-15 00:30:00,54.19027722408734,160.9880301064677,215.17830733055507,26.408457208443696,0.271995783350781,79.9722378860935,297.2,120.55947576218931,127.30516884737226,8.253213197620424,173.6397676144292,447.2524739080699,7.056590043550917,2.3750672,,,41.895467935691684,,1.4752409844704557,259.22565,27.914999,11.257124,319.51132,457.2859,10.0
2015-02-15 00:30:00,23.86506170537892,160.31357832488,184.17864003025892,25.983005055803574,0.2826766769988814,80.50041189084115,524.2,111.46969217084254,124.71212564197364,1.0817794162751315,165.57051061145984,442.1233845545286,6.695676485221057,2.655155,,,42.652194943145076,,1.4752409844704557,242.99355,26.830896,8.979761,367.76114,802.02954,10.0
2015-03-15 00:30:00,32.44455464314726,181.5676154560709,214.01217009921817,25.268189450940863,0.26927043530802125,80.18620493312103,467.6000000000001,104.06291025629719,104.5417024368202,-7.2955238810400225,152.2797435948321,436.4512788588562,6.514158823891968,2.330202,,,37.383258840410775,,1.4752409844704557,234.01282,26.500969,9.366243,439.93723,1127.2097,10.0
2015-04-15 00:30:00,27.85553352061553,180.28113956395538,208.13667308457093,24.040000134027782,0.30153577364097267,80.52956120514705,476.4,78.45509517801563,97.35634687616508,-1.3945776996544017,126.06789436064992,427.74742115354996,5.937691704340178,2.874213,,,47.46984417380632,,1.4752409844704557,220.61342,25.453497,9.224474,130.22894,937.9273,10.0
2015-05-15 00:30:00,-31.36429767182487,199.29673907526376,167.93244140343887,23.147501967741935,0.22746871142671932,36.209092793925166,141.39999999999998,67.52577103133578,71.06942263157116,4.15358822537905,111.46273181267036,415.1203630463181,18.412198418480713,2.5226357,,,43.83993481525079,,1.4752409844704557,206.45161,23.614197,8.056417,75.21512,645.3812,10.0
2015-06-15 00:30:00,-19.750578957019286,143.76154495278274,124.01096599576346,22.428613312499998,0.3170790343402778,0.8493324452083335,343.79999999999995,53.253036045979165,94.16698584251183,-17.55498095279763,81.47841753355979,415.9317972222222,27.370994379779408,2.2655091,,,38.91830830470409,,1.4752409844704557,161.85184,22.04,5.419361,117.48562,322.9297,10.0
2015-07-15 00:30:00,-31.629924724014685,156.87193024878874,125.24200552477407,21.050902845450093,0.2659782017453393,0.9171830544495767,91.00000000000001,68.81956089262862,73.71408654762166,4.43169107411249,104.39334429028817,398.0962241770119,25.09816269214274,2.575721,,,43.21033531701339,,1.4752409844704557,193.75746,20.61,5.652443,10.228567,202.9293,10.0
2015-08-15 00:30:00,-28.93379602523828,167.3644569619924,138.43066093675412,21.44900803763441,0.2360480374327957,0.7858891552419355,60.0,82.2672481338488,69.65528923363853,14.167997052739961,142.30266409736367,393.10656653225806,25.765942680947948,2.7635221,,,46.23223056105304,,1.4752409844704557,242.43578,21.271452,7.222088,17.653666,145.36786,10.0
2015-09-15 00:30:00,-13.750270492353916,174.87129873606477,161.12102824371087,22.43918225173611,0.2235633120281957,0.8457031267520682,148.0,85.23642621210207,81.48903155316813,15.118149254037709,147.6304719039414,404.4033771324788,27.389976651558012,2.9637392,,,46.97122749516803,,1.4752409844704557,258.66125,23.043169,9.423721,23.675533,51.557766,10.0
2015-10-15 00:30:00,-33.308388309006475,193.27697449577477,159.96858618676828,23.353592082325267,0.24026206800189048,0.8444565387961022,130.8,98.09388360819815,81.02260511939446,11.49210418293373,158.30187853206385,413.5678827442899,28.9864039512342,2.945463,,,48.13612709173442,,1.4752409844704557,265.625,23.540161,9.569515,41.88429,83.213486,10.0
2015-11-15 00:30:00,-2.0474073498320147,197.57020089952357,195.52279354969158,25.622897554513887,0.20946118896571755,0.8902178105773159,194.0,121.95692901041039,73.76087791857677,31.493970033784112,182.17464076571179,432.3771957305364,33.295563480869816,3.0426342,,,49.19444640652932,,1.4752409844704557,282.1875,26.384333,11.04999,82.223724,147.78354,10.0
2015-12-15 00:30:00,23.508572870253808,193.26759136687542,216.77616423712922,25.690189152793835,0.28542467569223184,0.9800680593979636,399.0,88.4507212618775,88.00671146413742,4.281640803907032,131.43925622138443,436.8446403753709,33.401754338390106,1.9776362,,,34.78274964867193,,1.4752409844704557,206.62335,26.537418,9.916973,280.06384,404.17188,10.0
2016-01-15 00:30:00,63.43945251989439,171.88798820248317,235.32744072237756,27.184765420450365,0.28972477985367934,0.868866608145216,279.8,126.56791883805762,111.29708850292265,16.7682447361404,189.0405050594212,439.2147125792563,36.60286332236102,2.745486,,,43.771058933393505,,1.4752409844704557,284.41608,27.658388,11.382149,171.15735,533.44495,10.0
2016-02-15 00:30:00,70.36469734987385,165.54692416008828,235.91162150996212,28.167483381090026,0.26044124622799497,0.8514997896422961,138.20000000000002,141.51537585774645,121.87969154482381,26.113995453695033,210.80649173026245,443.34530430476684,38.832205474270395,3.4777737,,,51.733583171761424,,1.4752409844704557,292.17352,28.54414,12.748653,85.331924,536.5531,10.0
2016-03-15 00:30:00,42.08037094577702,199.9134631185292,241.99383406430624,26.608645310359734,0.32507390544857434,0.9307300577904868,183.2,103.22275179844839,125.82922046716988,4.896161195437039,146.20282573241988,441.5424527486024,35.33110979828412,2.78078,,,45.69724289928976,,1.4752409844704557,227.47905,26.892418,8.3901005,508.02707,764.51636,10.0
2016-04-15 00:30:00,-3.924501936219439,204.78693112387336,200.86242918765393,25.6545116590541,0.30453481170309504,0.8793240248096091,6.8,77.22126576451261,134.46974292804902,-21.53079487698303,114.06046525366462,433.98986995392045,33.36329684547832,1.9212327,,,35.50448563999796,,1.4752409844704557,208.79628,25.509666,8.020365,103.61393,696.97296,10.0
2016-05-15 00:30:00,1.597528960979433,168.20866055673065,169.8061895177101,25.097442782689786,0.3417083683167377,0.9146368757316199,46.00000000000001,65.49696680135347,109.0811511434343,-14.918838881945163,94.97903400193594,429.5198304770838,32.238687289008425,1.7393799,,,32.5170917361299,,1.4752409844704557,163.10484,24.675316,6.1228256,168.16704,779.80804,10.0
2016-06-15 00:30:00,-26.891938528741672,124.17553355057856,97.28359502183689,23.46251683230546,0.3313578336210412,0.9138579684175726,16.200000000000003,54.5127281785836,107.26958872496317,-9.905357133036416,87.56172644743035,417.60857563134743,29.161521110417162,1.9904835,,,31.770394242758066,,1.4752409844704557,153.41818,22.871668,5.2374763,89.57892,361.3599,10.0
2016-07-15 00:30:00,-16.13499167612397,133.0838882532953,116.94889657717134,22.488235893817205,0.3307128846102151,0.8276707132392475,8.2,59.21823651435302,98.77562679566347,-10.21340338946771,90.6949938544629,411.9758553091398,27.47856329425715,2.0026727,,,35.210536131237895,,1.4752409844704557,175.08212,22.199518,5.7859516,22.317034,280.06302,10.0
2016-08-15 00:30:00,-42.37876625291267,164.47268447314735,122.0939182202347,21.812665495245344,0.31694216413706944,0.8928679894417788,0.8,76.56469227067261,97.60826325515393,0.2769227661518203,120.20460866845018,405.49146872887525,26.32957940870812,2.8773005,,,47.60824028352896,,1.4752409844704557,210.03957,21.445969,6.405781,40.43762,152.33357,10.0
2016-09-15 00:30:00,-43.92665525783055,166.2081448768643,122.28148961903375,24.430652562500004,0.25878037881944443,0.8449142335416667,10.4,86.28833371221499,77.25693224713095,14.772773806273333,140.24003566794514,420.93300784722226,30.97211025182848,2.790569,,,45.1966173084138,,1.4752409844704557,244.14354,24.258162,7.635929,57.501244,120.2559,10.0
2016-10-15 00:30:00,-41.02248634019362,168.1630490340654,127.14056269387177,24.917482654008,0.22230496784609124,0.821130940617793,3.0,108.75721674837197,85.99833366116972,16.88528147637583,174.2758488211043,416.54191754751577,31.91644424824838,3.1269805,,,49.42669724871003,,1.4752409844704557,279.45413,25.068064,11.110569,58.620075,156.55893,10.0
2016-11-15 00:30:00,-30.419037533768964,169.40526952008776,138.9862319863188,26.38046165032818,0.18240472612798467,0.8433374034855845,36.0,127.54640784474864,94.77195894904835,25.6886296693309,199.6294457654433,425.4459561082141,34.87777667437504,3.3041375,,,50.24843861477994,,1.4752409844704557,314.19748,26.774,13.299177,38.52725,154.64857,10.0
2016-12-15 00:30:00,-28.49445162824256,184.3716112145159,155.87715958627336,27.19666375490077,0.17917114922634278,0.8475373154663701,38.8,120.72474212936997,92.09348993852846,20.88150985960753,186.23265477144562,432.7182946593644,36.636962628547465,2.8601923,,,45.930959745956294,,1.4752409844704557,288.07123,27.44274,13.583828,85.50073,182.64806,10.0
2017-01-15 00:30:00,11.032125051640934,148.1672862680718,159.19941131971274,28.071324548314987,0.2749167434402384,0.975297049284476,280.6,119.90068801853354,123.73290898306779,15.499461070951828,174.42947021338867,443.59509086540487,38.56131058584492,2.8058205,,,45.1670877428457,,1.4752409844704557,245.80348,27.731133,9.503765,515.9032,639.93115,10.0
2017-02-15 00:30:00,38.873082082407294,111.4045594929927,150.2776415754,27.3025577917458,0.2997768362335683,23.805591202544594,127.6,94.65625688220163,106.0152828239616,-1.234281017402447,137.7085169126808,443.6748113095238,28.333847722021147,1.9018642,,,34.201823508243194,,1.4752409844704557,204.3155,26.843035,7.984455,506.89484,1108.2988,10.0
2017-03-15 00:30:00,40.13668120928392,139.15996621077852,179.29664742006247,27.35173428537217,0.3201842458058843,0.9510686373313338,134.0,110.15715564004167,121.4702854325481,7.119815332889363,161.9631355112486,439.96352421976087,36.941653056368615,3.0952466,,,49.11743884272966,,1.4752409844704557,247.19235,27.586933,9.256098,296.89484,1319.6929,10.0
2017-04-15 00:30:00,-30.76391830538673,187.22325694358065,156.4593386381939,24.902573300410506,0.32897647708446365,0.8555987685915276,5.4,74.13841948694977,142.35480632029515,-21.456990951338433,112.56926871444108,426.776663611747,31.87629910265473,2.3397627,,,39.81473936762342,,1.4752409844704557,186.16898,24.907501,8.430075,130.68547,934.47516,10.0
2017-05-15 00:30:00,-31.766228035996818,192.60030684959207,160.83407881359528,23.496335237989154,0.3035928367649979,0.8546774063485084,13.8,80.96259839430579,103.90451125989557,-2.2661796435076327,119.4882316071009,416.9479213768263,29.239881495181056,2.23782,,,40.66507894640115,,1.4752409844704557,185.80498,23.375002,7.1951694,99.3827,526.963,10.0
2017-06-15 00:30:00,-29.73957601704469,155.15916144764049,125.41958543059579,21.428606231360632,0.28680874681975005,0.8413189593185235,13.2,56.23977543559922,96.62191067786617,-12.910184455403472,92.64754437785982,405.8091253110891,25.718704462132465,2.2830899,,,42.43761602137329,,1.4752409844704557,159.9807,21.248833,6.395031,67.49863,297.5668,10.0
2017-07-15 00:30:00,-39.36256321833181,209.02783238310855,169.66526916477676,22.09483808139933,0.30099081369926944,0.9075167384758093,4.6,66.94771456609797,86.77842512947865,-6.292381696930174,105.20179202353361,409.95171063685723,26.79283186498048,2.8423924,,,48.9368019464055,,1.4752409844704557,177.98685,21.877256,6.2472916,22.76562,189.64694,10.0
2017-08-15 00:30:00,-70.68151778815178,191.69175497739067,121.01023718923888,22.402765846935118,0.22599757572293352,0.8169713856266803,3.8000000000000007,86.02818392567056,74.48076599020634,12.33522811030002,140.29615333161084,402.7897766258716,27.33598643676467,3.0136206,,,49.06696787316431,,1.4752409844704557,227.54259,22.794031,8.952831,18.862844,109.12709,10.0
2017-09-15 00:30:00,-75.36145046879764,164.27177150037724,88.9103210315796,22.824348104166667,0.19900228194444441,0.7622839099305556,21.0,78.62712611348611,67.67701711202557,21.113923976175613,141.3693823952639,407.3344964583333,28.076063094462476,2.925815,,,47.41569438188579,,1.4752409844704557,234.55244,23.589834,9.901499,28.73913,70.36759,10.0
2017-10-15 00:30:00,-56.163686139130846,145.69391895986666,89.53023282073582,24.23694250672043,0.24153695742607528,0.81910894422043,65.60000000000001,93.35896232972446,99.86989691825033,13.981261790258856,149.2173397819422,421.58992278225804,30.614231644128612,2.3169913,,,38.72026098889239,,1.4752409844704557,236.7906,24.858707,9.245945,87.664764,135.26674,10.0
2017-11-15 00:30:00,-75.4436768989963,149.9798187572905,74.53614185829417,25.059268110647828,0.2747610228692413,0.8566594586710847,99.00000000000001,107.92832417652613,107.42129337327698,8.317252807451261,161.75436121860042,429.09836631206394,32.18247879634153,2.8022366,,,46.61999394668149,,1.4752409844704557,262.86652,25.492502,9.757164,65.119064,181.52295,10.0
2017-12-15 00:30:00,-43.388429617287954,136.61401279809806,93.2255831808101,26.389703225883025,0.22609577563532793,0.879715990430803,16.999999999999996,136.5991523810058,93.27621526779417,30.444468971063188,208.6063042364073,429.9162870290492,34.88448076517754,3.3028834,,,50.49911693848573,,1.4752409844704557,310.85352,27.656294,14.045088,45.06867,197.8525,10.0
2018-01-15 00:30:00,-39.97115344058818,135.22126002477486,95.2501065841867,26.26793543682796,0.3064157804099462,83.42264297715053,991.0,97.49652075274395,94.22868246419489,8.00699501035438,144.3627894579187,439.25544643817204,5.791408705074669,1.9273467,,,35.67524960483528,,1.4752409844704557,222.22221,26.85597,9.472984,427.67117,537.8589,10.0
2018-02-15 00:30:00,-4.218900776107663,87.56134768234746,83.3424469062398,26.37122336386414,0.29785795221836414,82.27790961593979,572.8000000000001,117.48981389574026,91.06950128377746,24.75582903093729,179.3943060698462,432.4505230351626,6.230158225323341,2.9330611,,,46.62873802868952,,1.4752409844704557,246.5236,26.867325,9.4981365,264.73724,737.47705,10.0
2018-03-15 00:30:00,-30.845375889986414,139.24224732641198,108.39687143642557,25.856916189132125,0.3183240972446236,85.2736355761223,1338.8000000000002,77.48591180663928,86.90158850646462,3.4541910948363146,116.99242793070239,437.1773672778061,5.018120760720738,1.849553,,,32.21107144130101,,1.4752409844704557,180.45473,25.923225,7.0796337,744.81433,1437.2228,10.0
2018-04-15 00:30:00,-67.69990866939702,173.36344976312648,105.66354109372946,25.24487818312904,0.2534892178472222,78.58690673246018,225.8,82.95302212997682,95.28505713351832,2.552714547539129,137.5035727361033,425.1717001105817,7.02996088202143,3.0128136,,,48.274079579862864,,1.4752409844704557,214.12036,25.493,9.517546,56.426765,1065.9784,10.0
2018-05-15 00:30:00,-50.73439218093945,142.66295580003276,91.92856361909332,23.450494049473676,0.30499763222446236,80.49434076352412,369.8,52.89156390034553,73.11477426615352,-8.277183370836797,90.33958239470937,417.30398054297865,5.736350789374748,2.1716278,,,39.181031210501544,,1.4752409844704557,174.42128,23.065649,7.0801563,101.5051,902.7462,10.0
2018-06-15 00:30:00,-58.53792083965922,147.19575043220672,88.6578295925475,21.74390741462058,0.2331468184027778,77.59627092635948,145.4,52.11380858460329,70.15767557163818,2.5329108968795873,106.77929884138221,395.6435286050286,5.926464815317049,2.3201509,,,42.5383291714457,,1.4752409844704557,181.86725,21.167501,7.0420322,58.11109,216.04294,10.0
2018-07-15 00:30:00,-59.73448785602365,145.85162428551854,86.11713642949488,21.890120359228646,0.23285735493951612,81.08129065134307,220.8,56.168631822232335,62.074646624147974,10.011825517497089,112.01234954737637,397.29083911628356,5.050435270449993,2.5945199,,,43.22388457860017,,1.4752409844704557,190.82661,21.180162,6.1224155,8.86488,168.48106,10.0
2018-08-15 00:30:00,-70.26883275047962,150.1454763982735,79.87664364779388,22.041238582115678,0.17147170164650538,75.63843283334755,6.2,75.39174631896407,63.44955848825713,24.506404111867788,143.4877878504187,392.91194282634194,6.564977224072658,3.2324986,,,50.939934781692955,,1.4752409844704557,220.38533,22.01274,9.426077,12.268794,79.24476,10.0
2018-09-15 00:30:00,-92.37201248343133,152.25410227533172,59.8820897919004,23.04876573352187,0.1598898664236111,79.06101108610449,63.4,85.36568136927913,68.88782743185283,27.93372672569902,154.11051758490117,401.6413998316887,6.006897734860066,2.903363,,,46.76909305219168,,1.4752409844704557,240.9375,23.364664,10.181917,14.998121,36.131798,10.0
2018-10-15 00:30:00,-68.9219975189647,133.10345236160762,64.18145484264292,24.581455061461217,0.15938111249373607,77.424661704636,50.199999999999996,123.50590958813146,60.29264190472201,43.52328684765921,200.04716659885193,411.61759871930326,7.117095654169184,3.373252,,,50.689409207634235,,1.4752409844704557,286.8765,25.274035,11.529921,33.656307,60.92322,10.0
2018-11-15 00:30:00,-59.09398175831916,113.84586825566805,54.75188649734889,26.705979125573876,0.15457043750498245,74.10013153518379,68.8,118.25019606259133,73.00623897656122,35.24792841844037,185.4842581609212,430.19476356080384,9.291135555837963,2.841824,,,46.02391904800256,,1.4752409844704557,275.14273,27.036003,12.941799,57.649582,106.30401,10.0
2018-12-15 00:30:00,-20.203148981380046,88.07455475482422,67.87140577344417,27.003271455491944,0.27781483983550515,80.39406583012584,1919.2000000000003,89.54153358259826,103.2913799346859,8.63182559688198,135.72412598720115,441.6066241919594,7.16054463772807,1.7022067,,,28.382367270892367,,1.4752409844704557,190.37112,26.993387,8.474112,894.02356,985.32947,10.0
2019-01-15 00:30:00,-55.724445872158874,129.58655906910224,73.86211319694334,26.341990826612903,0.32511690430881907,0.8386489490591398,0.0,93.71785198979356,95.9150536618698,4.88047823255827,138.358391521814,439.239470417588,34.798321603806485,2.0512066,,,34.86887728679447,,1.4752409844704557,198.99193,26.133871,6.984085,344.59332,1296.2665,10.0
2019-02-15 00:30:00,-13.15936819346635,110.04362256503795,96.8842543715716,27.982889285714286,0.3020189223940493,0.7606903039434524,325.199995,115.03211262806694,147.4460559711889,2.0419694748605246,174.3892259106787,441.71607680461835,38.440896584323866,2.4497895,,,40.3440663634112,,1.4752409844704557,249.99585,27.345892,9.679707,270.26135,1508.8783,10.0
2019-03-15 00:30:00,-36.23309729324194,141.73597498940813,105.5028776961662,26.19009139784946,0.34783589558443134,0.8610105823924732,1073.999933,87.2257607991193,90.19159815917342,1.196694749179343,129.76991943855555,438.960721068367,34.47194824091436,1.7981697,,,33.57753966916197,,1.4752409844704557,195.38531,26.135483,6.948744,710.5873,1325.4419,10.0
2019-04-15 00:30:00,-51.51650146293564,132.19865434274993,80.68215287981431,25.0995934375,0.34561457504246074,0.8247823025,626.7999609999999,72.19938614554805,81.80066455294968,-4.76449349856149,113.5164039875582,431.06912317169093,32.27215797453215,2.3092735,,,40.72934535147722,,1.4752409844704557,195.68674,24.894,7.133566,94.0648,1074.9135,10.0
2019-05-15 00:30:00,-23.022367938868044,113.96532911905874,90.9429611801907,23.560057204301078,0.332051013356702,0.8291295127688171,395.59997899999996,57.74106099491252,79.3388158818858,-5.50182262486415,96.81248604195117,420.72418613287573,29.362585555378928,1.6796176,,,33.0525143107876,,1.4752409844704557,179.26747,23.214518,6.0057526,128.58655,933.23865,10.0
2019-06-15 00:30:00,-19.647019053834292,100.2592476140567,80.61222856022242,21.384384729166666,0.3170598226256907,0.8049242769444445,198.39999900000004,46.050759178912685,53.929097011403954,-1.145534686234977,88.00024123325896,403.6266791129934,25.65705787176627,1.9431468,,,37.34686599061086,,1.4752409844704557,167.07175,21.11117,6.144081,59.58209,282.23343,10.0
2019-07-15 00:30:00,-28.08803033880473,97.6423476336775,69.55431729487276,20.704703528225807,0.3012208823836656,0.7988447392473119,140.599999,55.97017033828651,53.906631025015535,11.309769362321687,113.98999784714235,391.2361823583616,24.587782019322606,3.169895,,,51.33629517775534,,1.4752409844704557,191.86455,20.534193,5.991354,11.46417,199.63281,10.0
2019-08-15 00:30:00,-29.08809216914376,117.4688153071547,88.38072313801095,21.24242178763441,0.25284123264009484,0.7742623271505377,73.6,78.40059258370314,59.03011776334941,20.90724510252235,139.85836705327372,395.5859097991476,25.437894190721345,2.9509468,,,48.665720200599964,,1.4752409844704557,214.74391,21.373386,7.925186,23.026913,94.073166,10.0
2019-09-15 00:30:00,-39.3276335395002,126.63796929435566,87.31033575485544,22.10953409027778,0.17979243151182753,0.7088056488194444,13.6,91.35219669211533,50.421277573456,34.13595549710578,167.30496224851882,393.3893307339235,26.87113973412413,3.1085145,,,49.17550971837603,,1.4752409844704557,252.68903,22.391335,10.648554,16.203465,50.694546,10.0
2019-10-15 00:30:00,-53.85716556579285,138.48786282241144,84.6306972566186,23.76341204973118,0.17426033534502625,0.7860270698252688,109.199996,105.05321976055869,62.414057418738906,28.656599566916597,170.0973909097255,412.6360145831335,29.74575285751155,2.7073421,,,44.60135478841772,,1.4752409844704557,255.5705,24.393387,10.354399,33.06476,72.295135,10.0
2019-11-15 00:30:00,-45.91994567982457,132.70298637241098,86.78304069258641,25.064746722222218,0.1534018951165814,0.7478898101388888,7.0,129.67011515703678,57.08018646383599,51.444989327772085,208.78362605591454,414.462247675023,32.22856220386094,3.2506368,,,49.28828038958121,,1.4752409844704557,298.37576,26.08,13.193779,14.095026,63.36325,10.0
2019-12-15 00:30:00,-18.753670281909034,130.71048700514527,111.95681672323624,26.553742560483872,0.16132765602524324,0.7908013498655914,146.199999,124.1147801367515,73.83767196910979,36.038673832398175,187.83926094818543,434.0974701254411,35.26383244112334,3.3182025,,,49.802746503452916,,1.4752409844704557,275.88483,27.610804,12.324163,105.51624,152.67603,10.0
2020-01-15 00:30:00,14.268873885442433,105.28118859320257,119.550062478645,26.891925080645162,0.2849350566216566,0.8259576620295699,933.53004242,108.2139255486132,98.88815399167216,12.530410764422019,166.89462451859276,441.34954116571896,35.978390573650245,2.1549737,,,37.16931919828898,,1.4752409844704557,235.06195,27.636772,9.822273,538.8601,658.4714,10.0
2020-02-15 00:30:00,34.00653499499019,109.52288734064345,143.52942233563363,28.137480376086398,0.2596194968012603,0.9703021232090825,260.15999979,128.90251941208996,93.59791769403773,24.983320524986713,193.08299513066993,444.08245471022803,38.7161552217033,2.955891,,,47.145471582679974,,1.4752409844704557,262.08087,28.22431,10.2993145,270.27115,914.64746,10.0
2020-03-15 00:30:00,1.0456925968718558,151.16426080560794,152.2099534024798,25.73214073142222,0.30993083571177316,1.1628617148293796,671.0,88.13448422972317,90.83670825035468,1.285992335050032,132.8073521081456,438.5960416055415,33.42520853238229,1.9362946,,,34.82120002567335,,1.4752409844704557,209.09125,26.30226,7.908968,219.54443,1028.6757,10.0
2020-04-15 00:30:00,-21.411465694256872,156.98949319231343,135.57802749805654,25.13927408304733,0.31861805717727965,10.314893431483132,260.8,86.17761423127793,87.58257794892081,4.898447798859743,136.87500101156368,430.46671240259053,29.25477097738509,2.8312201,,,47.557612301178644,,1.4752409844704557,215.98378,25.767168,8.67255,58.223606,548.0392,10.0
2020-05-15 00:30:00,-72.75144286084853,181.23002358777586,108.47858072692735,22.465388409329222,0.32161236974452656,19.113854422583916,190.88999189,294.5552565971769,70.5282411298546,10.38415248217145,336.2464193288947,411.2279313540331,22.38006361507555,2.078801,,,39.01112896039483,,1.4752409844704557,168.63051,22.500969,6.644354,144.80363,422.57166,10.0
2020-06-15 00:30:00,-38.017799706041245,136.8362157171548,98.81841601111353,22.148652257283167,0.31210476324149644,1.1409365842545531,77.26999893,48.40318440551763,61.85232896706623,-5.086054935943705,83.94118170999916,413.88852303767504,26.819432357088857,2.298977,,,42.27242051893748,,1.4752409844704557,158.40665,21.7875,5.318449,56.436897,259.46414,10.0
2020-07-15 00:30:00,-62.862395624080534,160.8420593554519,97.97966373137136,20.72093682551064,0.311704549907354,16.256378885369553,37.22999969,84.24476404421513,70.05149343479076,2.570735912487529,142.97804640734896,394.941296136705,20.777703510826274,2.9761071,,,49.593246941021505,,1.4752409844704557,196.69951,20.692741,6.62298,14.993122,216.23366,10.0
2020-08-15 00:30:00,-59.986644607799995,144.136793583,84.1501489752,21.99135862231183,0.2358689526292168,0.7711903653225806,35.31999744,80.69794054914334,71.73391384408602,9.833981115591397,141.1260258173788,400.65578096851027,26.65729141023258,2.4327068,,,39.5069938403156,,1.4752409844704557,204.24881,22.001125,7.7005253,16.263588,87.69361,10.0
2020-09-15 00:30:00,-86.902349526,174.48146567459997,87.5791161486,23.11878313888889,0.2503474899322294,0.7916964650694445,107.33000203,106.4055178649418,87.23232305555555,10.927372083333333,161.65609827257776,411.5633335887973,28.584039541799687,3.0285904,,,48.89047484867218,,1.4752409844704557,219.99611,23.051003,7.709261,49.534237,80.79095,10.0
2020-10-15 00:30:00,-86.1732954468,195.63046532639999,109.4571698796,24.43347942876344,0.18237240511473793,0.7574458803763442,50.33999747,144.08529639876886,94.40315282258067,29.743660618279566,221.32935547846066,406.338864038717,31.004804189521792,2.7993164,,,45.60802071864839,,1.4752409844704557,268.90683,25.131775,11.73514,18.38434,84.18216,10.0
2020-11-15 00:30:00,-67.21175282643158,182.44935581332356,115.23760298689199,25.88549966666666,0.17944910178846554,0.7475462858333333,79.24999867,181.35363727899028,70.01986121989242,36.62895644278903,239.8095889449164,416.11315420420294,33.87977114956933,2.6092784,,,43.64259010779406,,1.4752409844704557,261.4159,26.579336,12.777975,72.08737,140.00595,10.0
2020-12-15 00:30:00,-19.109272926308282,140.19207467486387,121.08280174855558,26.832626854838708,0.24556514057523143,0.8073600362231182,284.16999646,145.35315627276725,69.8660439576487,26.53788913789573,175.79014470568782,429.5184944522459,35.856672690238,2.7108524,,,45.23317409625399,,1.4752409844704557,257.18338,27.85016,12.074682,234.14436,324.6161,10.0
2021-01-15 00:30:00,-17.20049745110979,132.20460877622966,115.00411132511988,26.535471935483873,0.33201823075772546,0.8449887551075269,922.84997037,103.7949042297207,86.96157034213066,9.93274859946193,131.6555569560477,437.18006201834424,35.20567404688576,2.1826153,,,37.77150265616357,,1.4752409844704557,201.26195,26.437098,7.416744,624.1337,930.3655,10.0
2021-02-15 00:30:00,-10.40055360520242,122.23196010647322,111.8314065012708,26.37579174107143,0.3264038790953478,0.8513690697916667,562.4899991699999,120.56384507764852,89.23036278617785,16.814229562677735,149.65101939055603,435.890817017515,34.86509878307287,1.7764821,,,34.20546079002807,,1.4752409844704557,216.80722,26.619287,7.8034725,301.6948,1159.9729,10.0
2021-03-15 00:30:00,-19.950119540406476,139.98333020375958,120.03321066335312,26.156716545698924,0.31293835915554397,0.8232135754032258,374.43995027999995,113.2356576397965,81.85494130375977,9.340843642701994,152.1393166854088,431.46270318102637,34.41542734060808,1.9868081,,,35.86769849172002,,1.4752409844704557,232.30284,26.480478,9.210724,246.14456,1171.973,10.0
2021-04-15 00:30:00,-8.805142474705605,126.49246088886832,117.68731841416272,25.193535472222226,0.31475805365095716,0.8312993425694445,633.5299676899999,74.73073597130698,78.36222421549581,-0.3738588195186771,114.18773843627848,428.9488299827198,32.45551170322061,2.248607,,,36.10714339380177,,1.4752409844704557,180.30484,24.820164,6.395504,459.6623,1007.50165,10.0
2021-05-15 00:30:00,-54.175059429800086,160.3404405398947,106.16538111009459,23.168015260830387,0.2873559362009888,5.331250892230338,129.13999242,70.53422289545094,70.92091135178106,2.297220851844559,121.78307643733197,409.5035951612904,27.359258962457968,2.13675,,,39.82144687980522,,1.4752409844704557,188.19073,22.890001,6.280945,84.108894,789.9158,10.0
2021-06-15 00:30:00,-19.881264985384064,117.80412069516301,97.92285570977893,22.381774382626983,0.26131591727245734,10.5789118826559,80.84000161,62.32756389522917,57.48474263188493,4.182043962590636,108.5207546033493,405.66762729166663,24.613351072798686,2.697663,,,46.65601218975716,,1.4752409844704557,174.0085,21.999836,5.5433445,63.67054,607.4417,10.0
2021-07-15 00:30:00,-28.551317049688922,129.7677237436469,101.21640669395798,22.527184038978493,0.26340509914413823,0.8059479985887097,38.89000100999999,64.89504796415756,56.70706298547568,8.177447622283456,115.02175925552285,403.2966656890791,27.55114057421394,2.6176217,,,43.64728948101929,,1.4752409844704557,178.92773,22.165482,5.8699684,20.347473,168.1269,10.0
2021-08-15 00:30:00,-58.09479692628514,156.5727299174297,98.47793299114457,22.592755134408602,0.22213798918086528,0.7912737694892472,80.47999216,73.93501292350598,55.30353795006722,9.850284587232826,121.45965422432991,407.70952607526874,27.667611691686712,2.0498173,,,37.18640996580171,,1.4752409844704557,185.05823,22.324196,6.915251,40.965633,124.98364,10.0
2021-09-15 00:30:00,-78.76014945582963,159.99942204634044,81.23927259051081,23.089147180555553,0.23642128481864166,0.75289259,67.74999588,81.94123435857013,61.17239623564864,11.470458414239435,137.49125686699307,405.9126735416666,28.542851880268014,2.8201244,,,46.341960946009266,,1.4752409844704557,211.87112,23.0005,8.512371,40.619324,101.932434,10.0
2021-10-15 00:30:00,-27.84283824691395,149.8126042419628,121.96976599504886,25.483832452956985,0.15112731967639165,0.7896398595430107,5.6399998700000005,119.4468338113508,57.31008958617926,46.16253530363345,201.05558177206993,407.0053662634409,33.04854765289338,3.3946013,,,50.73708669910395,,1.4752409844704557,298.1257,26.239193,11.041372,14.373663,95.958626,10.0
2021-11-15 00:30:00,-44.16844511499173,149.6478767679361,105.47943165294438,26.564431555555554,0.2395107397456496,0.789536564861111,154.20001001,115.97709246899653,68.28593679447201,24.214748761623206,175.96585514914165,428.51040895833336,35.287068962573464,2.5990157,,,44.007431366206085,,1.4752409844704557,248.86963,27.269499,11.203751,167.62236,222.61536,10.0
2021-12-15 00:30:00,-11.222287945105352,129.43501400148352,118.21272605637819,26.289823827556162,0.25970441502118086,0.09871442745226186,0.05,127.00119978712979,86.25023305214604,23.14383271314919,189.38723110198933,427.77761816259374,34.94745491976803,2.5744953,,,41.55715583970369,,1.4752409844704557,261.2455,27.27823,11.035788,230.52484,412.52087,10.0
