time,NEE_SOLO_EC,GPP_SOLO_EC,ER_SOLO_EC,ET_EC,Ta_EC,Sws_EC,RH_EC,Precip_EC,Fn_EC,Fe_EC,Fh_EC,Fsd_EC,Fld_EC,CO2_EC,VPD_EC,LAI_RS,EVI_RS,LST_RS,FPAR_RS,tree_cover_RS,nontree_cover_RS,nonveg_cover_RS,LST-Tair_RS,AI_RS,TWI_RS,NDWI_RS,Months_since_burn_RS,PFT_RS,solar_RS,Ta_RS,VPD_RS,precip_RS,precip_cml_3_RS,precip_cml_6_RS,x_coord,y_coord,LST-Tair_EC
2009-02-15 00:30:00,-7.2344878129777825,157.64858375902236,113.9898258421208,113.9898258421208,26.074931512673412,0.343437205134846,94.58619565876272,5.099999999999984,121.4087695826147,115.610712915934,8.576318650997237,181.82354249999997,442.73873574089487,387.93330763354794,1.8693594485003828,2.9436975,0.6808223,302.84665,58.71409,64.97094,30.545322,4.970476,2.6913395,2.048252607459019,7.6650515,0.047764413,120.0,10.0,226.34753,26.804998,7.4556637,653.20044,1969.1438,2142.8193,145.42715,-16.238189,3.6217237607640875
2009-03-15 00:30:00,-55.947207243164605,178.9286047487877,126.70064367872945,126.70064367872945,25.409476113054296,0.3201972033045374,89.32722032073211,20.0,127.7760994939488,116.06656934368674,5.663388425138457,159.2814372960499,427.1363332702379,376.11988837197856,3.539213698048069,3.7672758,0.46689975,300.40442,68.98314,64.97094,30.545322,4.970476,0.060710907,2.048252607459019,7.6650515,0.05226819,120.0,10.0,270.8968,26.489033,9.599247,170.68057,1874.8885,2266.5151,145.42715,-16.238189,1.8449489357738287
2009-04-15 00:30:00,-68.23541432921093,119.13360055462184,101.57294721625901,101.57294721625901,24.586084756813822,0.30042380157641474,88.17113753854431,301.79999999999995,95.76257951879879,96.14945342971184,5.573074096436328,116.67132325854651,419.6148651377219,376.6488849486913,3.7302217159482685,3.9187315,0.46077335,299.82834,65.73337,64.97094,30.545322,4.970476,0.014549255,2.048252607459019,7.6650515,0.049821854,120.0,10.0,227.27621,25.586494,8.536005,233.49538,1057.3763,2433.4097,145.42715,-16.238189,2.092259969748678
2009-05-15 00:30:00,-86.31344763891504,133.7499804933585,99.40421144321083,99.40421144321083,22.82062042029781,0.31104921635229515,88.51976646955958,194.14999999999998,73.28851441671917,91.06114590690788,1.1832593829371936,124.2047792279599,412.2162072874853,378.00445679847826,3.2472060595100243,3.7901936,0.6050115,297.37003,65.34502,64.97094,30.545322,4.970476,1.2180538,2.048252607459019,7.6650515,0.050796863,120.0,10.0,181.93323,22.782099,6.6713943,121.22403,525.4,2494.544,145.42715,-16.238189,1.3994113179834393
2009-06-15 00:30:00,-43.49169200383722,129.37828095548258,80.01583715874165,80.01583715874165,22.35442985020283,0.2897711928052155,89.60784943463254,29.900000000000002,90.35801971028536,75.74338659440143,6.097822008608525,116.86139551963457,402.0560538176069,371.06191850039346,2.8556043761433436,5.3818784,0.54162574,296.26712,87.576866,64.97094,30.545322,4.970476,0.54374886,2.048252607459019,7.6650515,0.053834256,120.0,10.0,200.82178,22.04817,6.7717075,37.42576,392.14517,2267.034,145.42715,-16.238189,0.7626966146409195
2009-07-15 00:30:00,-58.31367039409556,120.91793012620906,81.00744563531687,81.00744563531687,21.80058406378618,0.2720765989102705,89.22111354083046,77.08846153846154,77.51277321390114,74.20843362112211,2.275704492710213,103.19628475627725,393.106229473955,372.1485102939733,2.861445765632433,5.143279,0.58019346,296.8518,82.737656,64.97094,30.545322,4.970476,2.1946964,2.048252607459019,7.6650515,0.053573884,120.0,10.0,210.46893,21.37,7.7475414,32.86916,191.51894,1248.8953,145.42715,-16.238189,1.9012286803544463
2009-08-15 00:30:00,-69.4253756439331,155.52790319761698,81.65179535481239,81.65179535481239,22.13314097498791,0.26558817654163863,89.74464750530126,25.4,118.32416602414493,74.79870261445926,24.2624672378614,164.9868153021041,395.2595782254588,367.8306462416602,2.7794847651950088,5.12094,0.5085559,298.5,81.4342,64.97094,30.545322,4.970476,2.2147121,2.048252607459019,7.6650515,0.040687893,120.0,10.0,238.8814,22.379679,8.287605,24.207275,94.5022,619.9022,145.42715,-16.238189,3.216865128527715
2009-09-15 00:30:00,-55.819973106046746,169.05756157611395,72.67157310903114,72.67157310903114,23.4909947488575,0.23421212408687378,83.69541287929404,10.400000000000002,138.20828412765138,68.79126997697485,38.14493537092619,162.26743432069583,403.42569891093,360.6383734858104,4.806955541090267,5.840948,0.621048,299.89767,87.99215,64.97094,30.545322,4.970476,1.561594,2.048252607459019,7.6650515,0.040985115,120.0,10.0,269.2438,24.255667,11.004246,17.782494,74.85893,467.00412,145.42715,-16.238189,3.2566859152050007
2009-10-15 00:30:00,-42.42874948694316,171.24283029963496,78.99015529510035,78.99015529510035,23.986582907756173,0.22952407684290999,72.57784391997049,33.0,140.8297902543021,72.36045588114479,42.74598205453581,180.1108106800358,405.38653190594255,347.3087249986266,8.335226274416977,5.1435733,0.49834034,301.40375,83.964615,64.97094,30.545322,4.970476,2.7801018,2.048252607459019,7.6650515,0.024562541,120.0,10.0,280.70117,24.785969,12.428064,30.76061,72.75038,264.26932,145.42715,-16.238189,4.267170754353202
2009-11-15 00:30:00,-24.994005446420275,150.8834934869556,90.05979064619382,90.05979064619382,24.61772227510648,0.2815812024205191,87.0990222012662,212.39999999999998,120.66383510647445,85.25104256539396,14.914874689290382,183.49434471481015,415.36331696377067,369.50126360541697,4.076201069418061,4.4999824,0.42347667,300.8765,74.25954,64.97094,30.545322,4.970476,1.8702583,2.048252607459019,7.6650515,0.032496274,120.0,10.0,264.8958,25.586498,10.535006,48.708973,97.252075,191.75427,145.42715,-16.238189,3.1087791897372696
2009-12-15 00:30:00,2.3703470812900616,173.17443352329587,103.54178160484311,103.54178160484311,25.51295714473246,0.2803618324016129,92.5291533295481,301.2,135.73771336764415,94.85144688830758,15.890575543673124,213.05160636575093,428.16589100985743,380.15154673252044,2.4930731202024994,3.1042933,0.5040052,301.382,60.58832,64.97094,30.545322,4.970476,0.7198982,2.048252607459019,7.6650515,0.040969096,120.0,10.0,268.21982,27.10484,11.2237835,160.09525,239.56482,314.42377,145.42715,-16.238189,2.719037484173789
2010-01-15 00:30:00,22.21408836932283,177.23854348726152,123.23368547917055,123.23368547917055,25.385332483482202,0.33687945573635697,96.75697520882026,1031.0689795918368,115.62035217204355,112.89059538967027,-6.242619663653403,174.7938900637876,441.20841681098966,376.09147514441906,1.0738432715554211,2.849346,0.4283659,300.73248,50.327454,71.04659,22.644516,6.8221498,0.93383026,2.048252607459019,7.6650515,0.049549274,120.0,10.0,186.12979,26.590157,7.2005444,781.93726,990.74146,1063.4918,145.42715,-16.238189,2.197156530189673
2010-02-15 00:30:00,76.69329989256609,124.91641266122096,123.82899790497446,123.82899790497446,26.167059762225936,0.34028312780012293,96.98535816413158,955.2,129.27141588207118,125.58979384079255,6.353075065692927,186.86021985425631,442.2302767681978,391.0319241384906,1.0467694587650878,3.664199,0.6710796,299.54666,62.761284,71.04659,22.644516,6.8221498,1.0523777,2.048252607459019,7.6650515,0.037410997,120.0,10.0,237.14865,27.255362,8.516216,687.7093,1629.7417,1726.9939,145.42715,-16.238189,0.22960771824281423
2010-03-15 00:30:00,21.851623346814414,171.67154159213106,133.5270942215476,133.5270942215476,25.62939277183691,0.33453839478174413,94.91225327045717,880.2,111.25342989985205,122.32007108049177,-6.984500803987037,175.9406207426075,434.3578387393781,371.63672143697846,1.7098848707194056,3.441696,0.35107508,301.035,57.624027,71.04659,22.644516,6.8221498,1.6248837,2.048252607459019,7.6650515,0.048668217,120.0,10.0,219.85889,26.298548,7.70825,605.0476,2074.694,2314.259,145.42715,-16.238189,2.2556169937880917
2010-04-15 00:30:00,1.6821829758601758,181.7668116992653,106.64237483615345,106.64237483615345,24.583871493830763,0.33454397486431325,94.39466974188859,947.5999999999999,63.61204016316451,100.94819864891438,-13.936186717147113,111.09709666319443,435.3700428879728,365.22791471661833,1.7673965695966027,2.3295236,0.4284249,299.44,44.239243,71.04659,22.644516,6.8221498,1.2430458,2.048252607459019,7.6650515,0.04146932,120.0,10.0,164.88812,24.613003,5.1349487,323.3197,1616.0765,2606.8179,145.42715,-16.238189,1.7061370510911118
2010-05-15 00:30:00,-23.808472604806454,188.7134658482679,89.91915028859287,89.91915028859287,23.85557255576932,0.3024272204022941,80.36717306061655,103.00000000000001,81.81435097176164,82.3721726210019,-6.320251983543402,122.5143448427013,417.2873704034681,358.5092007554725,5.919687811223534,3.2684221,0.5963009,297.7911,59.600826,71.04659,22.644516,6.8221498,-0.45466805,2.048252607459019,7.6650515,0.048109118,120.0,10.0,194.15694,23.885485,7.2392673,70.07114,998.4385,2628.18,145.42715,-16.238189,0.7855407254806792
2010-06-15 00:30:00,-34.8094830039022,173.63288646289735,69.43712022613732,69.43712022613732,22.782105928472223,0.2794354081580038,86.93529549534317,119.2,77.22525240638889,65.72952090542073,0.23287058686105577,115.43069701736111,409.25909794446704,356.66242881887115,3.686566154140188,4.590003,0.5092941,296.74747,77.580734,71.04659,22.644516,6.8221498,0.93982124,2.048252607459019,7.6650515,0.046588693,120.0,10.0,188.03624,22.226164,6.427805,38.636612,432.02747,2506.7214,145.42715,-16.238189,0.8153672160590268
2010-07-15 00:30:00,-59.64789262534926,170.8464263451437,67.16860283233439,67.16860283233439,22.769705044018817,0.3201109428936884,87.69373058486318,116.69999999999999,53.22368769157931,61.53109464957274,-13.137062103255268,95.02520321526187,419.94576767058066,352.4897564413999,3.4698844250868373,3.2845085,0.6032006,295.22998,59.18167,71.04659,22.644516,6.8221498,0.18675041,2.048252607459019,7.6650515,0.08436734,120.0,10.0,144.2279,22.5179,5.131054,45.093754,153.8015,1769.878,145.42715,-16.238189,-0.6897184717531921
2010-08-15 00:30:00,-69.40152743048918,176.76750678583,81.89939601386686,81.89939601386686,22.43786680141129,0.31700173091620815,86.72485734357662,133.60000000000002,79.45279644963038,75.02552197566598,2.762372770516406,126.65074332509107,413.24791788354173,355.5589607580763,3.6667713122941494,2.942682,0.48996028,295.25,53.89421,71.04659,22.644516,6.8221498,0.16479874,2.048252607459019,7.6650515,0.05448326,120.0,10.0,193.53346,22.747097,6.823864,32.59616,116.32652,1114.765,145.42715,-16.238189,-0.337860697895664
2010-09-15 00:30:00,-41.30351300910542,167.93860155238846,96.75467956462734,96.75467956462734,24.55289847371218,0.33368976483652757,94.37989834294828,299.8,114.61640419963489,91.58845747676298,5.086313967206542,167.0823259007626,425.3481759224357,363.8467274482818,1.7686958273653999,3.2777708,0.4225729,298.61996,64.01317,71.04659,22.644516,6.8221498,-0.0015468597,2.048252607459019,7.6650515,0.046607457,120.0,10.0,229.08563,24.854666,7.0279083,66.446495,144.13641,576.1639,145.42715,-16.238189,0.9170722294128204
2010-10-15 00:30:00,-38.781460009414104,182.6066105925934,102.51002222296731,102.51002222296731,24.371039270129415,0.3256229132033504,96.78547809887485,291.3,97.93971965390863,93.90628379863821,-7.326773396573974,146.28042461799095,430.9075614003279,364.3873842057658,1.000425623633632,2.7438095,0.42393968,297.01797,55.079952,71.04659,22.644516,6.8221498,0.03196335,2.048252607459019,7.6650515,0.080351144,120.0,10.0,224.30551,24.584675,7.208687,84.52347,183.56613,337.3676,145.42715,-16.238189,-0.5030583130981654
2010-11-15 00:30:00,-29.308418503140366,177.81952195900044,99.1087063982846,99.1087063982846,24.846781654779054,0.32437059513803324,92.17017231442195,486.7,120.98366387524584,93.81679090232683,6.401545752507011,159.5353455514268,436.712486463956,359.2619712919546,2.508828673462917,2.9482024,0.49082306,299.13715,60.281185,71.04659,22.644516,6.8221498,0.88139534,2.048252607459019,7.6650515,0.07413564,120.0,10.0,243.18674,25.366835,7.2204723,262.13165,413.10162,529.4281,145.42715,-16.238189,1.140370444830321
2010-12-15 00:30:00,-9.821401589061637,178.67596130111548,121.07568119309684,121.07568119309684,26.039150751562072,0.34271597709918256,87.74848382549739,573.9,115.28538832129983,110.9137139245006,11.02733054019144,166.71636457116628,441.3495009188781,364.3917590487944,4.2212186847661295,3.5710173,0.5504205,300.60748,64.027885,71.04659,22.644516,6.8221498,0.4447956,2.048252607459019,7.6650515,0.059689894,120.0,10.0,253.7784,27.009031,8.035713,493.18414,839.83923,983.9757,145.42715,-16.238189,1.4183382621098026
2011-01-15 00:30:00,-10.093239725977089,166.0051138134191,120.11275844540268,120.11275844540268,25.71890767240292,0.34038652218140375,86.52955083980648,372.59999999999997,103.60571915091398,110.03160996178315,6.240351430230824,152.35048675861657,439.46487721477786,356.4892489002743,4.551837905068399,5.1684775,0.6061348,300.58002,83.210846,73.93264,23.653284,2.9273398,0.44413757,2.048252607459019,7.6650515,0.08135041,120.0,10.0,228.43484,26.738388,7.931761,548.49097,1303.8068,1487.3729,145.42715,-16.238189,1.7111155209564544
2011-02-15 00:30:00,17.396945068014283,142.38200740816222,87.52211375984915,87.52211375984915,23.62281435618396,0.33930129964941325,89.17972563891271,411.79999999999995,81.68942271112944,88.76664117111685,-1.474958391716472,118.97439533095691,438.16494289155094,345.2978958772251,3.216093567898661,2.1599627,0.50072825,301.57333,43.4943,73.93264,23.653284,2.9273398,2.0965729,2.048252607459019,7.6650515,0.054001328,120.0,10.0,190.36874,25.881607,5.934202,1201.5939,2243.269,2656.3706,145.42715,-16.238189,4.800525487566041
2011-03-15 00:30:00,0.6593613855505116,197.8005248141833,108.37715689476525,108.37715689476525,22.211670471244723,0.34201322114498955,89.36627923387097,458.2,90.25292340488087,99.28098572169803,7.800705684688969,134.0064414649341,439.52310285552795,369.9432923871065,2.896154564774226,3.5932932,0.59787285,300.93002,65.29873,73.93264,23.653284,2.9273398,0.6459198,2.048252607459019,7.6650515,0.04869377,120.0,10.0,207.9749,26.257095,6.2299767,583.92804,2334.013,3173.852,145.42715,-16.238189,5.568358825630277
2011-04-15 00:30:00,-24.885944003245065,174.41810048275204,100.89999274938171,100.89999274938171,24.13113892084931,0.31624721479906404,84.76285820184444,234.0,71.2820147689392,95.51243140813385,-5.756402489138231,119.95568557050137,424.8079055803702,373.4249589892128,4.672802379053782,3.7764835,0.5658724,298.74002,61.236713,73.93264,23.653284,2.9273398,0.6147289,2.048252607459019,7.6650515,0.05035662,120.0,10.0,213.54941,24.530169,7.057478,220.0129,2005.5349,3309.3416,145.42715,-16.238189,1.4588879346194403
2011-05-15 00:30:00,11.13036393897914,156.2993684779773,80.9236333509033,80.9236333509033,22.39349550761638,0.29042372950506007,81.53323008182079,103.39999999999999,64.65143891559543,74.13165576081853,5.263115402274937,128.366867232219,398.33288615206243,388.0437626363556,5.086723293276651,4.6525254,0.57304645,295.76,75.34051,73.93264,23.653284,2.9273398,0.291008,2.048252607459019,7.6650515,0.04630664,120.0,10.0,223.38339,22.184029,7.607876,62.819412,866.7603,3110.0293,145.42715,-16.238189,0.21652036152424614
2011-06-15 00:30:00,1.9455561917571522,132.29548929064592,68.61899047676314,68.61899047676314,21.070951571446933,0.29673407534033125,78.90962769584884,121.40000000000002,54.53284370878646,64.95507524451622,-0.7746928235134652,114.43580119202281,386.02262414209207,385.70507337796363,5.349015855660196,5.3743687,0.63425875,295.92252,85.67649,73.93264,23.653284,2.9273398,2.2037525,2.048252607459019,7.6650515,0.05286791,120.0,10.0,195.76004,20.069166,6.6208267,44.670124,327.50244,2661.5154,145.42715,-16.238189,1.7015704012093167
2011-07-15 00:30:00,-34.945127766683754,162.73357240830475,60.769155823399224,60.769155823399224,20.97506389802007,0.30793368206442495,83.19266184584723,81.0,62.86391874323706,55.66875773905778,12.068164980968541,121.75645996234199,391.2683287789877,383.72074393882144,4.237173756913913,5.5027514,0.56536156,295.0554,87.21321,73.93264,23.653284,2.9273398,0.98739433,2.048252607459019,7.6650515,0.04393019,120.0,10.0,205.23819,20.063387,5.9249115,23.940983,131.43051,2136.9653,145.42715,-16.238189,0.9303316097924288
2011-08-15 00:30:00,-13.157061494198963,139.95052659280083,67.00578573020181,67.00578573020181,21.29415039374684,0.27902207908206167,81.6325315156914,71.80000000000001,88.39055953472496,61.38194290159167,19.246689911790018,153.323581263549,390.84418125137904,394.128188220222,4.7240342390248,5.4346633,0.5661625,297.2958,85.213905,73.93264,23.653284,2.9273398,2.3904667,2.048252607459019,7.6650515,0.04263913,120.0,10.0,228.2482,20.693548,6.97501,25.631872,94.24298,961.0033,145.42715,-16.238189,2.8516625945344103
2011-09-15 00:30:00,-14.043063968068665,152.54778393584638,68.6728191809605,68.6728191809605,22.351673176928745,0.29203889547746026,82.23447254777695,26.0,97.55677376450302,65.00602976173022,25.49258006633375,160.5635480448244,402.07615012101127,399.28058181138135,4.880859298918849,5.3196435,0.48425567,297.7677,84.127205,73.93264,23.653284,2.9273398,1.768177,2.048252607459019,7.6650515,0.037031416,120.0,10.0,254.41357,22.161663,8.823736,36.441845,86.014694,413.51712,145.42715,-16.238189,2.2660331218993797
2011-10-15 00:30:00,2.8060116056182407,155.4622261338831,73.07882422260126,73.07882422260126,25.38671155239016,0.26774287593724044,85.12497280289791,340.4,95.887502651342,66.94526699244865,18.961247784223566,158.39137206071373,418.86289895751486,403.84081609391075,4.925891934183782,5.5145264,0.5033144,301.15866,84.14668,73.93264,23.653284,2.9273398,2.5979347,2.048252607459019,7.6650515,0.02982716,120.0,10.0,250.03734,24.648708,8.931383,124.49248,186.5662,317.9967,145.42715,-16.238189,2.6219554397973397
2011-11-15 00:30:00,-13.173732572722122,182.84204713109406,92.4099120176343,92.4099120176343,26.24556596146833,0.3072104665533474,85.79311873916389,228.8,100.90339018743317,87.47567906113717,7.780620796353706,153.32457872983443,432.34396809568443,398.479588488993,4.956548779983773,4.710822,0.41003677,299.40997,78.254814,73.93264,23.653284,2.9273398,0.5220375,2.048252607459019,7.6650515,0.040878262,120.0,10.0,266.07635,25.918667,9.93116,72.52245,233.45679,327.69977,145.42715,-16.238189,0.014413286578545126
2011-12-15 00:30:00,17.39113678311361,163.77290600633924,117.06801516309717,117.06801516309717,27.18308903977926,0.32993590454516425,84.6712837214828,639.5,103.26700230363026,107.24241412939637,5.158238739352841,150.70803075115035,441.5977014791713,409.6155038532331,5.659355291624497,3.4209623,0.5062152,298.46,62.933598,73.93264,23.653284,2.9273398,-0.6314678,2.048252607459019,7.6650515,0.04831006,120.0,10.0,246.41205,27.051939,9.878958,405.54654,602.56146,688.5762,145.42715,-16.238189,-1.8730914811855115
2012-01-15 00:30:00,3.1004527388441723,200.3671800386157,109.6277048474497,109.6277048474497,25.866861800749195,0.3266008853129693,86.47684128827377,569.2,121.33398326442256,100.42657430320436,20.1163670621411,181.01689006659188,436.3027427026192,406.4191726936144,4.610902712537317,4.198342,0.5755115,301.746,72.7752,70.373245,28.0,2.2186852,1.714983,2.048252607459019,7.6650515,0.055130117,120.0,10.0,293.93298,26.818708,9.667292,308.8084,786.87744,973.4436,145.42715,-16.238189,2.729146500032055
2012-02-15 00:30:00,28.712568343484268,177.85984361405292,100.21416169799882,100.21416169799882,26.4129611260608,0.31054673099761415,81.32110383577006,551.6,96.01704951763479,98.13436587731876,7.045737940566599,144.6951357290116,440.04315984128044,407.61832147991254,6.583123414022536,4.08306,0.6168704,301.89502,68.85231,70.373245,28.0,2.2186852,2.1705189,2.048252607459019,7.6650515,0.06665628,120.0,10.0,225.4031,26.77638,8.352438,396.61514,1110.9701,1344.4269,145.42715,-16.238189,2.332064508704825
2012-03-15 00:30:00,31.902146008258537,173.05062895042602,120.44491937060621,120.44491937060621,25.587630957106445,0.35454383071589346,83.74641136753836,1477.3999999999999,80.83837711706005,110.33589238639465,-1.7601741045694117,124.68017590891031,437.49438611633923,392.4193869461941,5.448633441384618,3.6060185,0.45444933,300.96286,58.95364,70.373245,28.0,2.2186852,1.235445,2.048252607459019,7.6650515,0.04191385,120.0,10.0,173.16682,26.036772,6.5146885,1076.0325,1781.456,2384.0176,145.42715,-16.238189,2.2252352538310554
2012-04-15 00:30:00,7.352136897336227,172.70911666903834,101.94663866562462,101.94663866562462,24.181952542813082,0.3178570430069217,79.73080134474618,486.4,79.60881398204457,96.50319160107121,-6.602146905685582,132.7929078107111,421.91818685733693,390.32597412038666,6.235420932504486,3.1662354,0.50117785,300.8218,51.07112,70.373245,28.0,2.2186852,2.955843,2.048252607459019,7.6650515,0.046260186,120.0,10.0,214.3248,24.508665,8.0810795,253.48161,1726.1292,2513.0066,145.42715,-16.238189,3.4898614220306676
2012-05-15 00:30:00,-4.043735245643827,167.03547153246075,94.2617785295065,94.2617785295065,22.52815211757513,0.3130017232660176,79.53914908969732,203.6,54.12410228637802,86.35032101254374,-10.286101160742835,93.82546961211814,419.14617971466436,384.55192593977205,5.683341440930154,3.2124507,0.5354699,295.944,58.331623,70.373245,28.0,2.2186852,0.7459793,2.048252607459019,7.6650515,0.05132276,120.0,10.0,181.56737,22.557579,6.394747,160.8332,1490.3473,2601.3174,145.42715,-16.238189,0.2658542300811213
2012-06-15 00:30:00,1.9057162942538213,146.1829842089203,64.4076299567698,64.4076299567698,20.44969711111111,0.283139124308025,80.79372754861112,111.0,70.22051936125068,60.96858057944844,9.582094276459298,123.55415045061733,392.92056214102826,385.01534017352304,4.684652272162765,4.6141076,0.61664104,296.31503,78.141396,70.373245,28.0,2.2186852,2.076748,2.048252607459019,7.6650515,0.06268873,120.0,10.0,211.80171,20.415165,5.344593,38.82078,453.1356,2234.5916,145.42715,-16.238189,2.71534195138889
2012-07-15 00:30:00,-31.88168136495034,158.88058126806814,70.15749199680172,70.15749199680172,20.32739987903226,0.3005422245750048,79.97933170698926,167.8,57.70063219404099,64.26912423960302,-4.055097031312752,98.92160771033319,400.1563131545779,379.5050595984499,4.8458127787175815,4.60065,0.5404548,294.96887,75.635826,70.373245,28.0,2.2186852,1.9546623,2.048252607459019,7.6650515,0.054211654,120.0,10.0,178.15114,20.402576,5.6305084,51.966095,251.62009,1977.7493,145.42715,-16.238189,1.491478294795865
2012-08-15 00:30:00,-30.3791010053017,153.25016889368948,73.27960275742133,73.27960275742133,20.664539334677418,0.250817744858871,77.29908622983871,122.0,88.17301029888979,67.1291940433128,21.329880674954364,153.87566164578683,392.05466939523563,381.31827367739197,5.6124079698494524,5.0509405,0.47072232,296.94116,77.66482,70.373245,28.0,2.2186852,2.32226,2.048252607459019,7.6650515,0.052724306,120.0,10.0,234.40862,20.752905,6.9972744,25.392035,116.17892,1606.5262,145.42715,-16.238189,3.1266288782132072
2012-09-15 00:30:00,-46.6458435032388,174.1667221485178,73.73472380246498,73.73472380246498,22.239324100521017,0.22754903682374816,79.55948545833334,47.400000000000006,96.7810905115875,69.7976536735062,23.487913271282636,163.07146174364863,406.5832268205232,383.26485607301066,5.5766779030883615,4.8923616,0.5353526,300.1,78.78786,70.373245,28.0,2.2186852,2.5135899,2.048252607459019,7.6650515,0.03937135,120.0,10.0,273.1019,23.158834,9.47245,23.959423,101.31755,554.4531,145.42715,-16.238189,4.710688106510233
2012-10-15 00:30:00,-43.96575856276135,175.54039291697308,86.85525262308704,86.85525262308704,23.100930168010755,0.2382164526982374,78.52715377688172,141.8,101.11302922010753,79.56543004629866,16.065185116311525,163.06745326896507,414.83703971774196,385.29094156171135,6.179959813276557,4.830176,0.56614625,300.50305,78.26732,70.373245,28.0,2.2186852,2.4268475,2.048252607459019,7.6650515,0.038692947,120.0,10.0,268.2721,24.09952,10.187044,40.55989,89.91135,341.53143,145.42715,-16.238189,4.2521276933173695
2012-11-15 00:30:00,-14.638532291780624,159.3968124784648,73.42601523205218,73.42601523205218,24.684262041666667,0.1891586680126195,77.76382941666667,44.2,109.84642547915556,69.50542861626668,27.803177633166797,176.5005493453493,421.7398597916667,387.8980997606593,7.054428136942511,3.6667998,0.513997,301.8,69.0339,70.373245,28.0,2.2186852,2.5055065,2.048252607459019,7.6650515,0.043636646,120.0,10.0,298.07095,26.094835,12.379286,32.19155,96.71087,212.88977,145.42715,-16.238189,3.965731854817708
2012-12-15 00:30:00,-18.128047360826606,163.25780011119414,83.1887815772151,83.1887815772151,25.563246639784943,0.19928198298979874,79.82727061155914,225.8,117.97760681920698,76.20668849979651,30.82812146995579,185.62676280383064,427.70351323924734,393.63767844303027,6.7524096640206,4.288578,0.47262704,302.93875,73.35008,70.373245,28.0,2.2186852,1.6288815,2.048252607459019,7.6650515,0.02948125,120.0,10.0,311.91385,27.018549,12.801289,59.14106,131.8925,233.21005,145.42715,-16.238189,4.225510684433807
2013-01-15 00:30:00,28.85676148563673,114.97170791818898,157.53990944277967,157.53990944277967,26.805478219086023,0.30794082876344087,80.65317430107527,599.2,112.30572214822178,144.3174737936097,1.8613188086662678,167.64590261306924,441.78383588709676,397.8516077486698,6.982146495034428,3.6422687,0.62048405,302.18204,62.35441,65.32664,30.935644,3.737717,1.1912346,2.048252607459019,7.6650515,0.0361562,120.0,10.0,256.1604,27.417744,10.402479,430.70343,522.036,611.9474,145.42715,-16.238189,2.226565237945227
2013-02-15 00:30:00,18.715805360575125,146.71483337105508,107.92271302911328,107.92271302911328,26.630645349702384,0.2940211144717262,83.49458878720237,444.4,124.07534992983706,109.45732832681563,16.742334877313358,181.57807703983931,442.79384441964277,403.41998501151585,5.894158888368675,4.5193677,0.58613783,300.64,75.13456,65.32664,30.935644,3.737717,0.56376266,2.048252607459019,7.6650515,0.046733372,120.0,10.0,275.28937,27.379108,10.061216,101.227905,591.0724,687.78326,145.42715,-16.238189,0.8593754022507412
2013-03-15 00:30:00,-32.55218665084814,178.37493156417662,145.99001540327805,145.99001540327805,25.487599348118277,0.3276760045362903,86.36498745967741,537.0,91.23782488576289,133.7369705023458,-7.26671670821893,135.30356595764397,438.3658942876344,404.444742227792,4.5430809107486665,3.9603288,0.5033807,301.77142,66.73806,65.32664,30.935644,3.737717,0.67279625,2.048252607459019,7.6650515,0.056611545,120.0,10.0,212.90323,26.121454,8.076889,280.31,812.24133,944.13385,145.42715,-16.238189,3.1338300952410982
2013-04-15 00:30:00,-27.619009977514573,150.3888660438206,118.7760892427285,118.7760892427285,24.284468131944443,0.30987724788194443,86.95861479166668,283.0,88.52906113373271,112.43403262575565,-1.5530266294654287,137.06178600982804,426.7233240277778,406.17467166485085,4.037251350083231,4.888601,0.4443043,300.16614,79.81011,65.32664,30.935644,3.737717,1.653532,2.048252607459019,7.6650515,0.052174598,120.0,10.0,221.07639,24.678835,7.4489365,190.70616,572.2441,1094.28,145.42715,-16.238189,2.7316756668836817
2013-05-15 00:30:00,-38.8608546869551,142.69304992073899,115.03789678752553,115.03789678752553,22.866445,0.3277716557795699,89.67514864919355,401.8,56.33943292135935,105.38268502011374,-16.636522741339427,85.26987090130775,423.78873407258067,408.80545767678916,2.9287077220288884,2.6774635,0.5948841,292.31,55.719963,65.32664,30.935644,3.737717,-1.2545223,2.048252607459019,7.6650515,0.04583619,120.0,10.0,167.14082,22.945166,5.4584503,163.13348,634.14966,1225.2219,145.42715,-16.238189,-3.706441337890624
2013-06-15 00:30:00,-36.9513604031188,142.70981613786125,77.56346486339325,77.56346486339325,21.664317631944446,0.29173750934027776,84.3800804236111,41.8,69.5886060394765,73.42195886914416,0.6672844974374884,110.88757483018877,408.7285325,388.3932090561899,4.111458481555377,4.8037567,0.5241325,294.50598,78.70206,65.32664,30.935644,3.737717,-0.072704315,2.048252607459019,7.6650515,0.04581224,120.0,10.0,186.48532,21.507,5.7656956,31.404713,385.2444,1197.4857,145.42715,-16.238189,-0.3083300831163207
2013-07-15 00:30:00,-68.37271321685225,161.17329981224455,111.4133289529571,111.4133289529571,20.950334764784944,0.2791246524193548,86.34627802419354,124.4,71.34378961697313,102.06232971885288,-4.280193805672344,112.70033424928702,406.56444455645163,397.5855309910995,3.436801188532889,3.847105,0.49600148,295.49075,66.59858,65.32664,30.935644,3.737717,1.1532726,2.048252607459019,7.6650515,0.03751418,120.0,10.0,185.95802,20.689837,5.202095,11.734729,206.27292,778.517,145.42715,-16.238189,1.3904245125588055
2013-08-15 00:30:00,-25.375865919650572,137.1696655417194,76.10788587054705,76.10788587054705,21.17428565188172,0.24076719785285589,81.2990518077957,51.800000000000004,100.6682553486559,69.7200973611015,18.8991951023835,168.26407514004387,392.87625557795695,388.41440065093406,4.773825365429811,4.964156,0.53416055,297.29773,81.07899,65.32664,30.935644,3.737717,2.2557049,2.048252607459019,7.6650515,0.051548995,120.0,10.0,238.91504,21.594515,8.018808,36.424847,79.564285,713.714,145.42715,-16.238189,2.9734499438214037
2013-09-15 00:30:00,-38.22452259429146,147.56902876399107,87.67606184989964,87.67606184989964,22.481911895833335,0.23173067975694445,83.59941302777779,73.6,117.07576436804585,82.99459311532166,31.433330530109096,188.99472889758724,402.59885784722223,386.1945898368373,4.542472572082186,6.0519295,0.53330153,300.2565,88.9042,65.32664,30.935644,3.737717,3.0270634,2.048252607459019,7.6650515,0.04248007,120.0,10.0,276.31943,23.078497,8.8211,41.96146,90.12103,475.36542,145.42715,-16.238189,4.624594451822915
2013-10-15 00:30:00,-33.00314189473029,161.4681889174749,79.41881939404495,79.41881939404495,23.98371040322581,0.19490113454301078,80.70991190188172,55.2,108.19335114009813,72.75314190010032,30.293938399506906,177.61191323153201,415.3798241263441,382.04955892822403,5.8623710538696105,4.942804,0.57922053,300.29666,78.16955,65.32664,30.935644,3.737717,1.6613693,2.048252607459019,7.6650515,0.052825477,120.0,10.0,283.40802,25.07032,11.568903,33.65002,112.03633,318.30927,145.42715,-16.238189,3.1629570772429396
2013-11-15 00:30:00,-16.84590569415175,153.50369860529224,95.35179522029955,95.35179522029955,24.786722347222224,0.21553816927083333,87.03746879166667,127.80000000000001,103.67564513852639,90.26048022859838,22.258647678859614,158.0316257570486,432.22895270833334,402.09163288255706,4.138222311452149,3.404434,0.5223799,300.0489,59.66124,65.32664,30.935644,3.737717,0.40592003,2.048252607459019,7.6650515,0.04801883,120.0,10.0,248.49149,26.277002,10.770575,214.34052,289.952,369.5163,145.42715,-16.238189,2.1121729164496514
2013-12-15 00:30:00,-17.824211515603203,172.0132116725373,116.68704493261157,116.68704493261157,24.61061120060484,0.2404594009408602,83.47090365427327,76.8,124.47750492174966,106.89341899890074,20.2524927194298,187.0727701011784,428.3954295026882,399.7094830312525,5.220270401233479,4.850394,0.5612691,301.9157,79.98501,65.32664,30.935644,3.737717,1.2708588,2.048252607459019,7.6650515,0.049403183,120.0,10.0,291.07306,26.464676,11.608202,45.819946,293.8105,383.93152,145.42715,-16.238189,4.155105352129535
2014-01-15 00:30:00,-17.89902227806542,175.1832347119646,126.02829216559827,126.02829216559827,25.611966868951615,0.29458630409946235,82.30693422641355,808.6,105.45766774829154,115.4506487669922,2.378516319250004,152.39157557020363,441.41588850806454,399.7012180825706,5.9399698909687855,3.4575171,0.5840991,301.68857,63.499252,66.381546,31.918798,2.1806211,1.0171947,2.048252607459019,7.6650515,0.040623333,120.0,10.0,242.23419,27.185808,10.10421,471.58243,731.7429,843.7792,145.42715,-16.238189,2.9266073497983847
2014-02-15 00:30:00,26.876472773508997,136.90435611848113,126.62944856911582,126.62944856911582,24.974275887533675,0.36105523833512054,86.42773386939196,1355.9999999999998,92.42722302817418,128.4300657280021,-2.532504662116209,130.65962190656523,439.9341957937403,422.9895428776115,4.382828535640397,2.7093234,0.46213654,297.74,54.83098,66.381546,31.918798,2.1806211,-0.49724007,2.048252607459019,7.6650515,0.047523163,120.0,10.0,197.84642,25.815538,6.9670506,610.8513,1128.2537,1418.2057,145.42715,-16.238189,-0.38427954964305044
2014-03-15 00:30:00,-8.90313120003517,189.85413513970383,126.53336131111573,126.53336131111573,24.432342523521505,0.3688528176257855,95.23567930628705,1736.6000000000001,75.26731304421034,115.91332710310391,-11.103364773698065,107.9366737023192,437.5160551506834,412.1434025866223,1.4883387185658972,1.6102735,0.4786057,298.53333,40.824326,66.381546,31.918798,2.1806211,0.39477348,2.048252607459019,7.6650515,0.050279167,120.0,10.0,185.0881,25.564516,7.3678055,765.601,1848.0347,2141.8452,145.42715,-16.238189,0.9509887753066195
2014-04-15 00:30:00,20.87559906425777,157.43544970250133,129.16051273702215,129.16051273702215,24.397092762552184,0.3742995150119207,94.41948698256945,796.0,65.06162808396519,122.26397918655768,-35.36249512640224,96.50387955398075,435.2463027691369,416.9522526797088,1.7395478304536975,1.7116293,0.4590775,298.41333,42.74028,66.381546,31.918798,2.1806211,-0.54132843,2.048252607459019,7.6650515,0.04329212,120.0,10.0,200.6906,25.050331,6.936529,403.96817,1780.4205,2512.1636,145.42715,-16.238189,0.8662434190884412
2014-05-15 00:30:00,24.818077481695447,141.54041157609265,105.73205288916189,105.73205288916189,22.90027643146022,0.3419898867160445,82.58243690575576,315.8,66.10128770537165,96.85788715981467,-25.267000168334345,103.22407699665528,419.0631157716186,425.806745723564,4.950963737419186,3.5213006,0.5224591,296.9725,62.44124,66.381546,31.918798,2.1806211,0.42577553,2.048252607459019,7.6650515,0.07090367,120.0,10.0,200.25012,22.940649,6.4533653,126.514595,1296.0839,2424.3376,145.42715,-16.238189,0.9222333341647797
2014-06-15 00:30:00,5.851570466570273,141.17349379093514,84.04842002886473,84.04842002886473,21.448723655555554,0.3518992597247527,77.57388554251358,242.20000000000002,53.802494489910956,79.56064945324941,-10.452946402779244,88.34077445989821,409.69791526201556,399.68801093880217,5.8239669390980175,4.0021915,0.59359586,295.742,71.552216,66.381546,31.918798,2.1806211,1.2620182,2.048252607459019,7.6650515,0.06693992,120.0,10.0,159.40971,21.298834,4.9837666,99.1681,629.6509,2477.6858,145.42715,-16.238189,1.143286842491321
2014-07-15 00:30:00,-12.620910614414218,154.53288613405664,79.71030337326093,79.71030337326093,20.50663848017473,0.25698254419176403,71.91337695991787,31.4,76.71392573176911,73.02016142347408,2.317699671315255,133.72855479076054,390.4428248574648,391.41123683169087,6.8752871277256755,5.352363,0.50565016,295.81622,83.23673,66.381546,31.918798,2.1806211,1.6321945,2.048252607459019,7.6650515,0.054626085,120.0,10.0,205.03659,20.186775,5.8777676,9.389473,235.07217,2015.4928,145.42715,-16.238189,2.159590767872146
2014-08-15 00:30:00,-21.171209504991324,159.37062185580106,81.15766917156226,81.15766917156226,20.85621450033602,0.29574892105580197,74.98129589869237,39.4,77.37160639274083,74.34604879007809,4.631753466572365,128.1444809357793,401.42189881736124,393.0973441198248,6.260397693926069,4.4883666,0.57423234,296.33273,74.13514,66.381546,31.918798,2.1806211,2.6142597,2.048252607459019,7.6650515,0.0532753,120.0,10.0,217.83899,20.934355,6.361742,19.506817,128.06439,1424.1483,145.42715,-16.238189,2.3265247574764807
2014-09-15 00:30:00,-35.46671696544121,170.8686733163418,62.43572448022735,62.43572448022735,21.94163116666667,0.16069445876756125,71.22851905755527,6.0,110.61976323057723,59.10196511754855,29.972652457180867,187.61602604797918,395.87080237438784,383.88291769377713,7.705385375262937,5.660933,0.48616838,298.59528,84.686844,66.381546,31.918798,2.1806211,2.4097729,2.048252607459019,7.6650515,0.05187873,120.0,10.0,287.2724,22.551165,9.404753,13.413998,42.310287,671.9612,145.42715,-16.238189,3.503650815755204
2014-10-15 00:30:00,-49.264440723885095,185.05215658011772,63.76139387258979,63.76139387258979,23.22388325604839,0.12651435084063123,69.75911835966964,27.000000000000004,113.15152969473482,58.409855139555816,35.684298728328834,186.9162077120074,407.7413173252658,378.3985632252765,8.769845094323621,5.8077736,0.5015904,300.99048,85.73664,66.381546,31.918798,2.1806211,3.0698662,2.048252607459019,7.6650515,0.04698052,120.0,10.0,299.98135,23.68871,10.921539,20.773989,53.6948,288.76697,145.42715,-16.238189,4.6166013630922365
2014-11-15 00:30:00,-30.63919295836132,170.94059789337146,63.89955855431718,63.89955855431718,25.0619118,0.11814046443037217,72.57403870261435,42.0,120.75496522448505,60.48763768089221,36.75024926694995,192.1767814938382,422.07625652405454,380.1624788064642,8.904056099412777,5.201026,0.5019563,302.34317,82.5399,66.381546,31.918798,2.1806211,2.1316566,2.048252607459019,7.6650515,0.035145763,120.0,10.0,307.05243,26.145168,12.583506,23.017471,57.20546,185.26985,145.42715,-16.238189,4.131264469531249
2014-12-15 00:30:00,12.49747330775342,171.1631044812101,91.71876004824747,91.71876004824747,26.623436048387095,0.14417521476388492,74.0641231937417,78.8,133.1644122498878,84.02073986498655,33.101532854925445,199.9115200862218,436.35754280769714,398.2823691065673,9.257789406816496,5.768683,0.5219186,302.27197,87.63428,66.381546,31.918798,2.1806211,0.60170555,2.048252607459019,7.6650515,0.037205834,120.0,10.0,294.94473,28.013712,13.588675,114.7571,158.54855,200.85886,145.42715,-16.238189,2.49854271137853
2015-01-15 00:30:00,54.19027722408734,160.9880301064677,138.96892901891175,138.96892901891175,26.408457208443696,0.271995783350781,79.9722378860935,297.2,120.55947576218931,127.30516884737226,8.253213197620424,173.6397676144292,447.2524739080699,396.8602382847759,7.056590043550917,4.5652566,0.5215552,301.9289,77.71919,72.597466,25.026525,2.889276,0.5360813,2.048252607459019,7.6650515,0.05904707,120.0,10.0,259.22565,27.914999,11.257124,319.51132,457.2859,510.9807,145.42715,-16.238189,2.3704429380406786
2015-02-15 00:30:00,23.86506170537892,160.31357832488,122.96363480317194,122.96363480317194,25.983005055803574,0.2826766769988814,80.50041189084115,524.2,111.46969217084254,124.71212564197364,1.0817794162751315,165.57051061145984,442.1233845545286,393.2479467562025,6.695676485221057,4.229879,0.55428344,303.57556,67.863434,72.597466,25.026525,2.889276,2.4160213,2.048252607459019,7.6650515,0.0524132,120.0,10.0,242.99355,26.830896,8.979761,367.76114,802.02954,859.235,145.42715,-16.238189,4.442562571149551
2015-03-15 00:30:00,32.44455464314726,181.5676154560709,114.11986297961332,114.11986297961332,25.268189450940863,0.26927043530802125,80.18620493312103,467.6000000000001,104.06291025629719,104.5417024368202,-7.2955238810400225,152.2797435948321,436.4512788588562,390.1105939245394,6.514158823891968,3.6216457,0.6035288,301.11002,59.20988,72.597466,25.026525,2.889276,1.3542252,2.048252607459019,7.6650515,0.054705005,120.0,10.0,234.01282,26.500969,9.366243,439.93723,1127.2097,1285.7583,145.42715,-16.238189,2.691832521715387
2015-04-15 00:30:00,27.85553352061553,180.28113956395538,102.84791779549231,102.84791779549231,24.040000134027782,0.30153577364097267,80.52956120514705,476.4,78.45509517801563,97.35634687616508,-1.3945776996544017,126.06789436064992,427.74742115354996,389.88778877243647,5.937691704340178,5.194144,0.4545264,299.3586,81.66047,72.597466,25.026525,2.889276,0.7750797,2.048252607459019,7.6650515,0.054893713,120.0,10.0,220.61342,25.453497,9.224474,130.22894,937.9273,1395.2131,145.42715,-16.238189,2.168618030034718
2015-05-15 00:30:00,-31.36429767182487,199.29673907526376,77.58083696462347,77.58083696462347,23.147501967741935,0.22746871142671932,36.209092793925166,141.39999999999998,67.52577103133578,71.06942263157116,4.15358822537905,111.46273181267036,415.1203630463181,380.33272743899056,18.412198418480713,4.6195126,0.49390802,297.82266,75.85175,72.597466,25.026525,2.889276,1.0018921,2.048252607459019,7.6650515,0.061621584,120.0,10.0,206.45161,23.614197,8.056417,75.21512,645.3812,1447.4109,145.42715,-16.238189,1.5251664892893153
2015-06-15 00:30:00,-19.750578957019286,143.76154495278274,99.4786547537458,99.4786547537458,22.428613312499998,0.3170790343402778,0.8493324452083335,343.79999999999995,53.253036045979165,94.16698584251183,-17.55498095279763,81.47841753355979,415.9317972222222,394.8811648475829,27.370994379779408,3.8838534,0.5794224,295.72223,65.081764,72.597466,25.026525,2.889276,0.23703766,2.048252607459019,7.6650515,0.06525247,120.0,10.0,161.85184,22.04,5.419361,117.48562,322.9297,1450.1394,145.42715,-16.238189,0.1436217949218772
2015-07-15 00:30:00,-31.629924724014685,156.87193024878874,80.46780624761568,80.46780624761568,21.050902845450093,0.2659782017453393,0.9171830544495767,91.00000000000001,68.81956089262862,73.71408654762166,4.43169107411249,104.39334429028817,398.0962241770119,393.33887706704104,25.09816269214274,4.694747,0.5665282,295.57416,75.89926,72.597466,25.026525,2.889276,1.872055,2.048252607459019,7.6650515,0.06867429,120.0,10.0,193.75746,20.61,5.652443,10.228567,202.9293,1140.8566,145.42715,-16.238189,1.3732609729092822
2015-08-15 00:30:00,-28.93379602523828,167.3644569619924,76.03713999159498,76.03713999159498,21.44900803763441,0.2360480374327957,0.7858891552419355,60.0,82.2672481338488,69.65528923363853,14.167997052739961,142.30266409736367,393.10656653225806,389.6708344792849,25.765942680947948,5.163437,0.5273522,296.50735,81.95487,72.597466,25.026525,2.889276,1.8466816,2.048252607459019,7.6650515,0.056666844,120.0,10.0,242.43578,21.271452,7.222088,17.653666,145.36786,790.7491,145.42715,-16.238189,1.9083528022093397
2015-09-15 00:30:00,-13.750270492353916,174.87129873606477,86.08557620875928,86.08557620875928,22.43918225173611,0.2235633120281957,0.8457031267520682,148.0,85.23642621210207,81.48903155316813,15.118149254037709,147.6304719039414,404.4033771324788,396.1850471814968,27.389976651558012,5.016883,0.51875806,298.80237,76.76952,72.597466,25.026525,2.889276,2.0563488,2.048252607459019,7.6650515,0.053994313,120.0,10.0,258.66125,23.043169,9.423721,23.675533,51.557766,374.48746,145.42715,-16.238189,3.213192015842015
2015-10-15 00:30:00,-33.308388309006475,193.27697449577477,88.44593477004648,88.44593477004648,23.353592082325267,0.24026206800189048,0.8444565387961022,130.8,98.09388360819815,81.02260511939446,11.49210418293373,158.30187853206385,413.5678827442899,397.9345866349563,28.9864039512342,4.119827,0.5036365,298.852,71.38961,72.597466,25.026525,2.889276,1.6741943,2.048252607459019,7.6650515,0.059801254,120.0,10.0,265.625,23.540161,9.569515,41.88429,83.213486,286.1428,145.42715,-16.238189,2.3484037672841076
2015-11-15 00:30:00,-2.0474073498320147,197.57020089952357,77.92150128992132,77.92150128992132,25.622897554513887,0.20946118896571755,0.8902178105773159,194.0,121.95692901041039,73.76087791857677,31.493970033784112,182.17464076571179,432.3771957305364,404.2887086848068,33.295563480869816,4.667801,0.59449375,300.0186,80.855774,72.597466,25.026525,2.889276,0.8162899,2.048252607459019,7.6650515,0.058379047,120.0,10.0,282.1875,26.384333,11.04999,82.223724,147.78354,293.15143,145.42715,-16.238189,1.2456937540798627
2015-12-15 00:30:00,23.508572870253808,193.26759136687542,96.06992826277536,96.06992826277536,25.690189152793835,0.28542467569223184,0.9800680593979636,399.0,88.4507212618775,88.00671146413742,4.281640803907032,131.43925622138443,436.8446403753709,411.2138881229247,33.401754338390106,3.1012466,0.61060125,301.438,56.145573,72.597466,25.026525,2.889276,1.0114403,2.048252607459019,7.6650515,0.06000229,120.0,10.0,206.62335,26.537418,9.916973,280.06384,404.17188,455.7296,145.42715,-16.238189,2.5978052319717904
2016-01-15 00:30:00,63.43945251989439,171.88798820248317,121.49418073289371,121.49418073289371,27.184765420450365,0.28972477985367934,0.868866608145216,279.8,126.56791883805762,111.29708850292265,16.7682447361404,189.0405050594212,439.2147125792563,414.4390067969808,36.60286332236102,4.6105075,0.50614524,302.31885,73.634315,64.953865,33.33494,2.224454,1.2895184,2.048252607459019,7.6650515,0.037129015,120.0,10.0,284.41608,27.658388,11.382149,171.15735,533.44495,616.6584,145.42715,-16.238189,1.9840883393152602
2016-02-15 00:30:00,70.36469734987385,165.54692416008828,124.4627303287865,124.4627303287865,28.167483381090026,0.26044124622799497,0.8514997896422961,138.20000000000002,141.51537585774645,121.87969154482381,26.113995453695033,210.80649173026245,443.34530430476684,414.69050927733235,38.832205474270395,6.0726066,0.58840406,303.33572,89.84814,64.953865,33.33494,2.224454,1.3499947,2.048252607459019,7.6650515,0.047442716,120.0,10.0,292.17352,28.54414,12.748653,85.331924,536.5531,684.3367,145.42715,-16.238189,2.018246599378724
2016-03-15 00:30:00,42.08037094577702,199.9134631185292,137.35775354551183,137.35775354551183,26.608645310359734,0.32507390544857434,0.9307300577904868,183.2,103.22275179844839,125.82922046716988,4.896161195437039,146.20282573241988,441.5424527486024,428.0510114096074,35.33110979828412,4.938982,0.54962003,300.46448,79.95179,64.953865,33.33494,2.224454,-0.28743744,2.048252607459019,7.6650515,0.046107244,120.0,10.0,227.47905,26.892418,8.3901005,508.02707,764.51636,1168.6882,145.42715,-16.238189,0.7058383322183914
2016-04-15 00:30:00,-3.924501936219439,204.78693112387336,142.0547659233384,142.0547659233384,25.6545116590541,0.30453481170309504,0.8793240248096091,6.8,77.22126576451261,134.46974292804902,-21.53079487698303,114.06046525366462,433.98986995392045,415.5117840061618,33.36329684547832,3.1640296,0.5738922,299.37,56.611626,64.953865,33.33494,2.224454,-0.73070526,2.048252607459019,7.6650515,0.073586926,120.0,10.0,208.79628,25.509666,8.020365,103.61393,696.97296,1230.4178,145.42715,-16.238189,0.5654895616490236
2016-05-15 00:30:00,1.597528960979433,168.20866055673065,119.07521813766483,119.07521813766483,25.097442782689786,0.3417083683167377,0.9146368757316199,46.00000000000001,65.49696680135347,109.0811511434343,-14.918838881945163,94.97903400193594,429.5198304770838,416.2704823833033,32.238687289008425,2.724727,0.5179175,294.62662,54.56745,64.953865,33.33494,2.224454,-0.52822113,2.048252607459019,7.6650515,0.06867596,120.0,10.0,163.10484,24.675316,6.1228256,168.16704,779.80804,1316.3611,145.42715,-16.238189,-3.620819247533536
2016-06-15 00:30:00,-26.891938528741672,124.17553355057856,113.32033500778633,113.32033500778633,23.46251683230546,0.3313578336210412,0.9138579684175726,16.200000000000003,54.5127281785836,107.26958872496317,-9.905357133036416,87.56172644743035,417.60857563134743,416.435693017887,29.161521110417162,3.7620497,0.391457,298.19247,58.286663,64.953865,33.33494,2.224454,1.7736568,2.048252607459019,7.6650515,0.060497776,120.0,10.0,153.41818,22.871668,5.2374763,89.57892,361.3599,1125.8762,145.42715,-16.238189,1.579963636444539
2016-07-15 00:30:00,-16.13499167612397,133.0838882532953,107.82549674335877,107.82549674335877,22.488235893817205,0.3307128846102151,0.8276707132392475,8.2,59.21823651435302,98.77562679566347,-10.21340338946771,90.6949938544629,411.9758553091398,405.8500871473447,27.47856329425715,3.695844,0.5754245,297.248,60.889366,64.953865,33.33494,2.224454,1.1909847,2.048252607459019,7.6650515,0.06440097,120.0,10.0,175.08212,22.199518,5.7859516,22.317034,280.06302,977.03595,145.42715,-16.238189,1.6097560495421703
2016-08-15 00:30:00,-42.37876625291267,164.47268447314735,106.55117879956157,106.55117879956157,21.812665495245344,0.31694216413706944,0.8928679894417788,0.8,76.56469227067261,97.60826325515393,0.2769227661518203,120.20460866845018,405.49146872887525,397.28199564124264,26.32957940870812,4.099013,0.5428601,297.358,72.3956,64.953865,33.33494,2.224454,2.2994843,2.048252607459019,7.6650515,0.05682803,120.0,10.0,210.03957,21.445969,6.405781,40.43762,152.33357,932.1416,145.42715,-16.238189,2.3953423172546557
2016-09-15 00:30:00,-43.92665525783055,166.2081448768643,81.61475724835483,81.61475724835483,24.430652562500004,0.25878037881944443,0.8449142335416667,10.4,86.28833371221499,77.25693224713095,14.772773806273333,140.24003566794514,420.93300784722226,400.73153465277153,30.97211025182848,5.1323028,0.5982942,298.94232,81.37991,64.953865,33.33494,2.224454,1.2457142,2.048252607459019,7.6650515,0.031951346,120.0,10.0,244.14354,24.258162,7.635929,57.501244,120.2559,481.6158,145.42715,-16.238189,1.3616753183593708
2016-10-15 00:30:00,-41.02248634019362,168.1630490340654,93.87754192944124,93.87754192944124,24.917482654008,0.22230496784609124,0.821130940617793,3.0,108.75721674837197,85.99833366116972,16.88528147637583,174.2758488211043,416.54191754751577,393.43954397446583,31.91644424824838,4.6934342,0.5181599,300.36557,81.64666,64.953865,33.33494,2.224454,1.678793,2.048252607459019,7.6650515,0.054321975,120.0,10.0,279.45413,25.068064,11.110569,58.620075,156.55893,436.62198,145.42715,-16.238189,2.298093517866999
2016-11-15 00:30:00,-30.419037533768964,169.40526952008776,100.11775252524183,100.11775252524183,26.38046165032818,0.18240472612798467,0.8433374034855845,36.0,127.54640784474864,94.77195894904835,25.6886296693309,199.6294457654433,425.4459561082141,400.08872014856655,34.87777667437504,5.90111,0.535773,302.07413,87.79934,64.953865,33.33494,2.224454,2.1830616,2.048252607459019,7.6650515,0.05720294,120.0,10.0,314.19748,26.774,13.299177,38.52725,154.64857,306.98215,145.42715,-16.238189,2.5436716504530708
2016-12-15 00:30:00,-28.49445162824256,184.3716112145159,100.53113932644061,100.53113932644061,27.19666375490077,0.17917114922634278,0.8475373154663701,38.8,120.72474212936997,92.09348993852846,20.88150985960753,186.23265477144562,432.7182946593644,402.7650308351654,36.636962628547465,4.5271664,0.61958426,303.04153,74.84358,64.953865,33.33494,2.224454,1.8695469,2.048252607459019,7.6650515,0.05664914,120.0,10.0,288.07123,27.44274,13.583828,85.50073,182.64806,302.90396,145.42715,-16.238189,2.6948767724429814
2017-01-15 00:30:00,11.032125051640934,148.1672862680718,135.06937700531822,135.06937700531822,28.071324548314987,0.2749167434402384,0.975297049284476,280.6,119.90068801853354,123.73290898306779,15.499461070951828,174.42947021338867,443.59509086540487,423.19417823849244,38.56131058584492,5.2328916,0.6427456,301.3311,82.11182,73.11372,23.813383,3.737717,0.9739151,2.048252607459019,7.6650515,0.059090313,120.0,10.0,245.80348,27.731133,9.503765,515.9032,639.93115,796.4901,145.42715,-16.238189,0.10976676027876309
2017-02-15 00:30:00,38.873082082407294,111.4045594929927,104.5289257449168,104.5289257449168,27.3025577917458,0.2997768362335683,23.805591202544594,127.6,94.65625688220163,106.0152828239616,-1.234281017402447,137.7085169126808,443.6748113095238,410.32955972272526,28.333847722021147,2.6131687,0.5475528,298.37332,51.065712,73.11372,23.813383,3.737717,0.9161205,2.048252607459019,7.6650515,0.054923218,120.0,10.0,204.3155,26.843035,7.984455,506.89484,1108.2988,1262.9473,145.42715,-16.238189,-2.0792301550270516
2017-03-15 00:30:00,40.13668120928392,139.15996621077852,132.5994508080114,132.5994508080114,27.35173428537217,0.3201842458058843,0.9510686373313338,134.0,110.15715564004167,121.4702854325481,7.119815332889363,161.9631355112486,439.96352421976087,416.66694325823164,36.941653056368615,5.293852,0.56272924,301.01834,83.10548,73.11372,23.813383,3.737717,0.22761154,2.048252607459019,7.6650515,0.061175052,120.0,10.0,247.19235,27.586933,9.256098,296.89484,1319.6929,1502.3408,145.42715,-16.238189,0.5166128825965792
2017-04-15 00:30:00,-30.76391830538673,187.22325694358065,150.38460139476894,150.38460139476894,24.902573300410506,0.32897647708446365,0.8555987685915276,5.4,74.13841948694977,142.35480632029515,-21.456990951338433,112.56926871444108,426.776663611747,413.9619109304339,31.87629910265473,4.512371,0.59512657,298.27142,73.32476,73.11372,23.813383,3.737717,-0.57073975,2.048252607459019,7.6650515,0.06396216,120.0,10.0,186.16898,24.907501,8.430075,130.68547,934.47516,1574.4061,145.42715,-16.238189,0.21885614294886935
2017-05-15 00:30:00,-31.766228035996818,192.60030684959207,113.4242920437334,113.4242920437334,23.496335237989154,0.3035928367649979,0.8546774063485084,13.8,80.96259839430579,103.90451125989557,-2.2661796435076327,119.4882316071009,416.9479213768263,408.0259467295633,29.239881495181056,3.8546603,0.5578767,296.248,69.87532,73.11372,23.813383,3.737717,-0.21255684,2.048252607459019,7.6650515,0.056953125,120.0,10.0,185.80498,23.375002,7.1951694,99.3827,526.963,1635.2617,145.42715,-16.238189,-0.3983432946297789
2017-06-15 00:30:00,-29.73957601704469,155.15916144764049,102.07205431897178,102.07205431897178,21.428606231360632,0.28680874681975005,0.8413189593185235,13.2,56.23977543559922,96.62191067786617,-12.910184455403472,92.64754437785982,405.8091253110891,407.2002553795833,25.718704462132465,4.526,0.5604285,294.02448,77.1874,73.11372,23.813383,3.737717,-1.3409042,2.048252607459019,7.6650515,0.05145415,120.0,10.0,159.9807,21.248833,6.395031,67.49863,297.5668,1617.2596,145.42715,-16.238189,-0.5541250301887573
2017-07-15 00:30:00,-39.36256321833181,209.02783238310855,94.72910574942762,94.72910574942762,22.09483808139933,0.30099081369926944,0.9075167384758093,4.6,66.94771456609797,86.77842512947865,-6.292381696930174,105.20179202353361,409.95171063685723,404.873919505899,26.79283186498048,5.3519864,0.5897181,295.9818,86.56155,73.11372,23.813383,3.737717,0.22165108,2.048252607459019,7.6650515,0.06000462,120.0,10.0,177.98685,21.877256,6.2472916,22.76562,189.64694,1124.1222,145.42715,-16.238189,0.736979545553794
2017-08-15 00:30:00,-70.68151778815178,191.69175497739067,81.30472922569638,81.30472922569638,22.402765846935118,0.22599757572293352,0.8169713856266803,3.8000000000000007,86.02818392567056,74.48076599020634,12.33522811030002,140.29615333161084,402.7897766258716,388.76827782067056,27.33598643676467,4.6240754,0.55921054,297.86996,78.626564,73.11372,23.813383,3.737717,1.5935726,2.048252607459019,7.6650515,0.05530142,120.0,10.0,227.54259,22.794031,8.952831,18.862844,109.12709,636.09015,145.42715,-16.238189,2.317204856189882
2017-09-15 00:30:00,-75.36145046879764,164.27177150037724,71.49446868045742,71.49446868045742,22.824348104166667,0.19900228194444441,0.7622839099305556,21.0,78.62712611348611,67.67701711202557,21.113923976175613,141.3693823952639,407.3344964583333,391.0214794423427,28.076063094462476,4.94632,0.5144233,297.18002,82.74512,73.11372,23.813383,3.737717,1.5003757,2.048252607459019,7.6650515,0.0450666,120.0,10.0,234.55244,23.589834,9.901499,28.73913,70.36759,367.93442,145.42715,-16.238189,1.205681192708333
2017-10-15 00:30:00,-56.163686139130846,145.69391895986666,109.02002441548815,109.02002441548815,24.23694250672043,0.24153695742607528,0.81910894422043,65.60000000000001,93.35896232972446,99.86989691825033,13.981261790258856,149.2173397819422,421.58992278225804,412.43980605499416,30.614231644128612,3.8479009,0.7053613,301.03802,65.811356,73.11372,23.813383,3.737717,2.041317,2.048252607459019,7.6650515,0.041907847,120.0,10.0,236.7906,24.858707,9.245945,87.664764,135.26674,324.9137,145.42715,-16.238189,3.6510884991389467
2017-11-15 00:30:00,-75.4436768989963,149.9798187572905,113.4805968468919,113.4805968468919,25.059268110647828,0.2747610228692413,0.8566594586710847,99.00000000000001,107.92832417652613,107.42129337327698,8.317252807451261,161.75436121860042,429.09836631206394,408.3322430089082,32.18247879634153,4.1816297,0.587075,299.6367,74.2625,73.11372,23.813383,3.737717,1.4099026,2.048252607459019,7.6650515,0.058059778,120.0,10.0,262.86652,25.492502,9.757164,65.119064,181.52295,290.65005,145.42715,-16.238189,1.427426225289672
2017-12-15 00:30:00,-43.388429617287954,136.61401279809806,101.82222651339251,101.82222651339251,26.389703225883025,0.22609577563532793,0.879715990430803,16.999999999999996,136.5991523810058,93.27621526779417,30.444468971063188,208.6063042364073,429.9162870290492,410.299423483355,34.88448076517754,5.672094,0.58061033,301.1113,85.85959,73.11372,23.813383,3.737717,0.7395191,2.048252607459019,7.6650515,0.063377105,120.0,10.0,310.85352,27.656294,14.045088,45.06867,197.8525,268.2201,145.42715,-16.238189,1.571600485054475
2018-01-15 00:30:00,-39.97115344058818,135.22126002477486,102.86195920773541,102.86195920773541,26.26793543682796,0.3064157804099462,83.42264297715053,991.0,97.49652075274395,94.22868246419489,8.00699501035438,144.3627894579187,439.25544643817204,405.2113611091782,5.791408705074669,3.0690691,0.52589667,299.1225,59.828842,63.997,34.198154,2.443139,-0.9484997,2.048252607459019,7.6650515,0.05571233,120.0,10.0,222.22221,26.85597,9.472984,427.67117,537.8589,673.1256,145.42715,-16.238189,-0.2954317747185833
2018-02-15 00:30:00,-4.218900776107663,87.56134768234746,89.79268727816859,89.79268727816859,26.37122336386414,0.29785795221836414,82.27790961593979,572.8000000000001,117.48981389574026,91.06950128377746,24.75582903093729,179.3943060698462,432.4505230351626,408.56935777023057,6.230158225323341,4.7826,0.6214249,303.28543,77.95732,63.997,34.198154,2.443139,1.8803864,2.048252607459019,7.6650515,0.056085296,120.0,10.0,246.5236,26.867325,9.4981365,264.73724,737.47705,919.00006,145.42715,-16.238189,3.7642136478546107
2018-03-15 00:30:00,-30.845375889986414,139.24224732641198,94.86355341364316,94.86355341364316,25.856916189132125,0.3183240972446236,85.2736355761223,1338.8000000000002,77.48591180663928,86.90158850646462,3.4541910948363146,116.99242793070239,437.1773672778061,401.0461203554362,5.018120760720738,3.0009978,0.56417525,301.62,52.611076,63.997,34.198154,2.443139,1.557579,2.048252607459019,7.6650515,0.053539436,120.0,10.0,180.45473,25.923225,7.0796337,744.81433,1437.2228,1635.0752,145.42715,-16.238189,2.613085031571
2018-04-15 00:30:00,-67.69990866939702,173.36344976312648,100.65979299400044,100.65979299400044,25.24487818312904,0.2534892178472222,78.58690673246018,225.8,82.95302212997682,95.28505713351832,2.552714547539129,137.5035727361033,425.1717001105817,388.16485818241375,7.02996088202143,5.3040943,0.51549447,298.02615,83.800865,63.997,34.198154,2.443139,0.09934616,2.048252607459019,7.6650515,0.053028226,120.0,10.0,214.12036,25.493,9.517546,56.426765,1065.9784,1603.8372,145.42715,-16.238189,-0.368718515160289
2018-05-15 00:30:00,-50.73439218093945,142.66295580003276,79.81358468962569,79.81358468962569,23.450494049473676,0.30499763222446236,80.49434076352412,369.8,52.89156390034553,73.11477426615352,-8.277183370836797,90.33958239470937,417.30398054297865,390.8107851407959,5.736350789374748,3.8546276,0.5993516,295.612,66.06534,63.997,34.198154,2.443139,-0.34879112,2.048252607459019,7.6650515,0.048725694,120.0,10.0,174.42128,23.065649,7.0801563,101.5051,902.7462,1640.2233,145.42715,-16.238189,-0.9884884342393008
2018-06-15 00:30:00,-58.53792083965922,147.19575043220672,74.11505342422814,74.11505342422814,21.74390741462058,0.2331468184027778,77.59627092635948,145.4,52.11380858460329,70.15767557163818,2.5329108968795873,106.77929884138221,395.6435286050286,383.4547287627526,5.926464815317049,4.271017,0.52961534,295.46182,73.89863,63.997,34.198154,2.443139,0.7615757,2.048252607459019,7.6650515,0.06073719,120.0,10.0,181.86725,21.167501,7.0420322,58.11109,216.04294,1653.2657,145.42715,-16.238189,0.5679211986606703
2018-07-15 00:30:00,-59.73448785602365,145.85162428551854,67.76195529757007,67.76195529757007,21.890120359228646,0.23285735493951612,81.08129065134307,220.8,56.168631822232335,62.074646624147974,10.011825517497089,112.01234954737637,397.29083911628356,381.5123403368013,5.050435270449993,5.0543947,0.5202051,297.34155,78.49194,63.997,34.198154,2.443139,2.112257,2.048252607459019,7.6650515,0.0645403,120.0,10.0,190.82661,21.180162,6.1224155,8.86488,168.48106,1234.4595,145.42715,-16.238189,2.3014384786619786
2018-08-15 00:30:00,-70.26883275047962,150.1454763982735,69.26283724117538,69.26283724117538,22.041238582115678,0.17147170164650538,75.63843283334755,6.2,75.39174631896407,63.44955848825713,24.506404111867788,143.4877878504187,392.91194282634194,370.38335848819327,6.564977224072658,5.916246,0.5869891,297.82858,89.241264,63.997,34.198154,2.443139,1.7479725,2.048252607459019,7.6650515,0.04111849,120.0,10.0,220.38533,22.01274,9.426077,12.268794,79.24476,981.99097,145.42715,-16.238189,2.637350285071822
2018-09-15 00:30:00,-92.37201248343133,152.25410227533172,72.77357707179758,72.77357707179758,23.04876573352187,0.1598898664236111,79.06101108610449,63.4,85.36568136927913,68.88782743185283,27.93372672569902,154.11051758490117,401.6413998316887,372.43317457275907,6.006897734860066,4.9791017,0.52389485,299.82205,78.49429,63.997,34.198154,2.443139,2.3715115,2.048252607459019,7.6650515,0.047036774,120.0,10.0,240.9375,23.364664,10.181917,14.998121,36.131798,252.17474,145.42715,-16.238189,3.6232923719468815
2018-10-15 00:30:00,-68.9219975189647,133.10345236160762,65.81668245745331,65.81668245745331,24.581455061461217,0.15938111249373607,77.424661704636,50.199999999999996,123.50590958813146,60.29264190472201,43.52328684765921,200.04716659885193,411.61759871930326,378.47763777490223,7.117095654169184,6.052872,0.6178773,301.6492,88.46993,63.997,34.198154,2.443139,2.1443005,2.048252607459019,7.6650515,0.04126724,120.0,10.0,286.8765,25.274035,11.529921,33.656307,60.92322,229.4043,145.42715,-16.238189,3.9177514815075334
2018-11-15 00:30:00,-59.09398175831916,113.84586825566805,77.12429549529128,77.12429549529128,26.705979125573876,0.15457043750498245,74.10013153518379,68.8,118.25019606259133,73.00623897656122,35.24792841844037,185.4842581609212,430.19476356080384,382.10207783412267,9.291135555837963,4.6615477,0.54060423,301.47177,74.57338,63.997,34.198154,2.443139,1.1452103,2.048252607459019,7.6650515,0.0397104,120.0,10.0,275.14273,27.036003,12.941799,57.649582,106.30401,185.54877,145.42715,-16.238189,1.6157982181761241
2018-12-15 00:30:00,-20.203148981380046,88.07455475482422,112.75498533463593,112.75498533463593,27.003271455491944,0.27781483983550515,80.39406583012584,1919.2000000000003,89.54153358259826,103.2913799346859,8.63182559688198,135.72412598720115,441.6066241919594,395.76712996965733,7.16054463772807,2.9826825,0.5783493,302.755,49.74681,63.997,34.198154,2.443139,1.737875,2.048252607459019,7.6650515,0.050168153,120.0,10.0,190.37112,26.993387,8.474112,894.02356,985.32947,1021.46124,145.42715,-16.238189,2.6017395308361806
2019-01-15 00:30:00,-55.724445872158874,129.58655906910224,104.70283653731337,104.70283653731337,26.341990826612903,0.32511690430881907,0.8386489490591398,0.0,93.71785198979356,95.9150536618698,4.88047823255827,138.358391521814,439.239470417588,385.6043350981952,34.798321603806485,3.517185,0.33281666,301.78802,59.285343,63.67936,33.513027,3.2885823,1.860239,2.048252607459019,7.6650515,0.044938356,120.0,10.0,198.99193,26.133871,6.984085,344.59332,1296.2665,1357.1897,145.42715,-16.238189,2.2960401792464715
2019-02-15 00:30:00,-13.15936819346635,110.04362256503795,145.37883053696618,145.37883053696618,27.982889285714286,0.3020189223940493,0.7606903039434524,325.199995,115.03211262806694,147.4460559711889,2.0419694748605246,174.3892259106787,441.71607680461835,364.7662241919599,38.440896584323866,4.160599,0.6235204,303.835,69.50752,63.67936,33.513027,3.2885823,2.9980717,2.048252607459019,7.6650515,0.04415639,120.0,10.0,249.99585,27.345892,9.679707,270.26135,1508.8783,1615.1823,145.42715,-16.238189,2.702108272879464
2019-03-15 00:30:00,-36.23309729324194,141.73597498940813,98.45499531689357,98.45499531689357,26.19009139784946,0.34783589558443134,0.8610105823924732,1073.999933,87.2257607991193,90.19159815917342,1.196694749179343,129.76991943855555,438.960721068367,375.97265589772564,34.47194824091436,3.3147082,0.4762715,298.02753,62.20807,63.67936,33.513027,3.2885823,-0.84321594,2.048252607459019,7.6650515,0.048450895,120.0,10.0,195.38531,26.135483,6.948744,710.5873,1325.4419,2310.7715,145.42715,-16.238189,-1.3125584388650857
2019-04-15 00:30:00,-51.51650146293564,132.19865434274993,86.41478746382685,86.41478746382685,25.0995934375,0.34561457504246074,0.8247823025,626.7999609999999,72.19938614554805,81.80066455294968,-4.76449349856149,113.5164039875582,431.06912317169093,375.8896809966344,32.27215797453215,3.9379666,0.54141605,296.59714,68.14687,63.67936,33.513027,3.2885823,-0.76460457,2.048252607459019,7.6650515,0.039698824,120.0,10.0,195.68674,24.894,7.133566,94.0648,1074.9135,2371.18,145.42715,-16.238189,-1.6524498828125012
2019-05-15 00:30:00,-23.022367938868044,113.96532911905874,86.60787596105433,86.60787596105433,23.560057204301078,0.332051013356702,0.8291295127688171,395.59997899999996,57.74106099491252,79.3388158818858,-5.50182262486415,96.81248604195117,420.72418613287573,388.1193832276364,29.362585555378928,2.924686,0.54683983,297.776,55.6229,63.67936,33.513027,3.2885823,0.52287865,2.048252607459019,7.6650515,0.048225172,120.0,10.0,179.26747,23.214518,6.0057526,128.58655,933.23865,2442.1167,145.42715,-16.238189,1.0659498757770471
2019-06-15 00:30:00,-19.647019053834292,100.2592476140567,56.971070856520655,56.971070856520655,21.384384729166666,0.3170598226256907,0.8049242769444445,198.39999900000004,46.050759178912685,53.929097011403954,-1.145534686234977,88.00024123325896,403.6266791129934,387.70967521469265,25.65705787176627,3.9305086,0.5256771,295.5509,70.44764,63.67936,33.513027,3.2885823,1.2225399,2.048252607459019,7.6650515,0.0364855,120.0,10.0,167.07175,21.11117,6.144081,59.58209,282.23343,1607.6753,145.42715,-16.238189,1.0165246946614594
2019-07-15 00:30:00,-28.08803033880473,97.6423476336775,58.845582220982074,58.845582220982074,20.704703528225807,0.3012208823836656,0.7988447392473119,140.599999,55.97017033828651,53.906631025015535,11.309769362321687,113.98999784714235,391.2361823583616,391.16461331744193,24.587782019322606,5.635443,0.5302824,295.525,88.41444,63.67936,33.513027,3.2885823,1.3440418,2.048252607459019,7.6650515,0.04625989,120.0,10.0,191.86455,20.534193,5.991354,11.46417,199.63281,1274.5461,145.42715,-16.238189,1.6702964717741935
2019-08-15 00:30:00,-29.08809216914376,117.4688153071547,64.43848525324219,64.43848525324219,21.24242178763441,0.25284123264009484,0.7742623271505377,73.6,78.40059258370314,59.03011776334941,20.90724510252235,139.85836705327372,395.5859097991476,396.01067804886947,25.437894190721345,5.1824226,0.56336254,297.13058,82.77826,63.67936,33.513027,3.2885823,1.5209312,2.048252607459019,7.6650515,0.04637977,120.0,10.0,214.74391,21.373386,7.925186,23.026913,94.073166,1027.3118,145.42715,-16.238189,2.7381690326780905
2019-09-15 00:30:00,-39.3276335395002,126.63796929435566,53.26538615519969,53.26538615519969,22.10953409027778,0.17979243151182753,0.7088056488194444,13.6,91.35219669211533,50.421277573456,34.13595549710578,167.30496224851882,393.3893307339235,392.29029524055795,26.87113973412413,5.6160283,0.47182277,297.86383,86.022934,63.67936,33.513027,3.2885823,2.2731247,2.048252607459019,7.6650515,0.043847065,120.0,10.0,252.68903,22.391335,10.648554,16.203465,50.694546,332.92798,145.42715,-16.238189,2.604302579644095
2019-10-15 00:30:00,-53.85716556579285,138.48786282241144,68.13246307073291,68.13246307073291,23.76341204973118,0.17426033534502625,0.7860270698252688,109.199996,105.05321976055869,62.414057418738906,28.656599566916597,170.0973909097255,412.6360145831335,390.24318807930376,29.74575285751155,4.440247,0.5988352,300.47833,73.64509,63.67936,33.513027,3.2885823,2.0719452,2.048252607459019,7.6650515,0.03774948,120.0,10.0,255.5705,24.393387,10.354399,33.06476,72.295135,271.92795,145.42715,-16.238189,3.564926573315695
2019-11-15 00:30:00,-45.91994567982457,132.70298637241098,60.29990353532071,60.29990353532071,25.064746722222218,0.1534018951165814,0.7478898101388888,7.0,129.67011515703678,57.08018646383599,51.444989327772085,208.78362605591454,414.462247675023,388.96293908642497,32.22856220386094,5.416033,0.62529016,302.37637,83.06047,63.67936,33.513027,3.2885823,2.5512562,2.048252607459019,7.6650515,0.029605709,120.0,10.0,298.37576,26.08,13.193779,14.095026,63.36325,157.43642,145.42715,-16.238189,4.161632672309032
2019-12-15 00:30:00,-18.753670281909034,130.71048700514527,80.60271462425156,80.60271462425156,26.553742560483872,0.16132765602524324,0.7908013498655914,146.199999,124.1147801367515,73.83767196910979,36.038673832398175,187.83926094818543,434.0974701254411,400.40726695978304,35.26383244112334,5.4174166,0.48160636,303.14313,82.07458,63.67936,33.513027,3.2885823,1.6510067,2.048252607459019,7.6650515,0.032721747,120.0,10.0,275.88483,27.610804,12.324163,105.51624,152.67603,203.37057,145.42715,-16.238189,3.4393909844380026
2020-01-15 00:30:00,14.268873885442433,105.28118859320257,107.94833373463268,107.94833373463268,26.891925080645162,0.2849350566216566,0.8259576620295699,933.53004242,108.2139255486132,98.88815399167216,12.530410764422019,166.89462451859276,441.34954116571896,413.37592830960494,35.978390573650245,3.8008413,0.49801812,301.49,63.51605,72.33264,25.480967,3.1077263,0.82935333,2.048252607459019,7.6650515,0.048217352,120.0,10.0,235.06195,27.636772,9.822273,538.8601,658.4714,730.7665,145.42715,-16.238189,1.4480712572454628
2020-02-15 00:30:00,34.00653499499019,109.52288734064345,95.5815709871947,95.5815709871947,28.137480376086398,0.2596194968012603,0.9703021232090825,260.15999979,128.90251941208996,93.59791769403773,24.983320524986713,193.08299513066993,444.08245471022803,412.8776112645137,38.7161552217033,5.06174,0.6034899,302.15598,80.36434,72.33264,25.480967,3.1077263,1.4312687,2.048252607459019,7.6650515,0.04190253,120.0,10.0,262.08087,28.22431,10.2993145,270.27115,914.64746,978.01074,145.42715,-16.238189,0.8685010692261024
2020-03-15 00:30:00,1.0456925968718558,151.16426080560794,99.15921070172396,99.15921070172396,25.73214073142222,0.30993083571177316,1.1628617148293796,671.0,88.13448422972317,90.83670825035468,1.285992335050032,132.8073521081456,438.5960416055415,404.70875345968443,33.42520853238229,2.919366,0.60129136,299.81146,49.034496,72.33264,25.480967,3.1077263,-0.75883293,2.048252607459019,7.6650515,0.05373826,120.0,10.0,209.09125,26.30226,7.908968,219.54443,1028.6757,1181.3517,145.42715,-16.238189,0.9293277744371551
2020-04-15 00:30:00,-21.411465694256872,156.98949319231343,92.5228407416053,92.5228407416053,25.13927408304733,0.31861805717727965,10.314893431483132,260.8,86.17761423127793,87.58257794892081,4.898447798859743,136.87500101156368,430.46671240259053,407.3009543713528,29.25477097738509,4.68165,0.5356958,298.49054,78.047516,72.33264,25.480967,3.1077263,-0.21647835,2.048252607459019,7.6650515,0.057142243,120.0,10.0,215.98378,25.767168,8.67255,58.223606,548.0392,1206.5106,145.42715,-16.238189,0.20127157124954564
2020-05-15 00:30:00,-72.75144286084853,181.23002358777586,76.9900721560982,76.9900721560982,22.465388409329222,0.32161236974452656,19.113854422583916,190.88999189,294.5552565971769,70.5282411298546,10.38415248217145,336.2464193288947,411.2279313540331,401.44205795113226,22.38006361507555,3.4496622,0.45956558,295.71402,60.646442,72.33264,25.480967,3.1077263,0.047157288,2.048252607459019,7.6650515,0.053644508,120.0,10.0,168.63051,22.500969,6.644354,144.80363,422.57166,1337.2191,145.42715,-16.238189,0.09863746957702801
2020-06-15 00:30:00,-38.017799706041245,136.8362157171548,65.34122786217625,65.34122786217625,22.148652257283167,0.31210476324149644,1.1409365842545531,77.26999893,48.40318440551763,61.85232896706623,-5.086054935943705,83.94118170999916,413.88852303767504,397.39988284180697,26.819432357088857,3.688458,0.59052044,295.75668,69.16457,72.33264,25.480967,3.1077263,0.40756798,2.048252607459019,7.6650515,0.030195862,120.0,10.0,158.40665,21.7875,5.318449,56.436897,259.46414,1288.1398,145.42715,-16.238189,0.45803719584183256
2020-07-15 00:30:00,-62.862395624080534,160.8420593554519,76.46964461026393,76.46964461026393,20.72093682551064,0.311704549907354,16.256378885369553,37.22999969,84.24476404421513,70.05149343479076,2.570735912487529,142.97804640734896,394.941296136705,394.3769225934695,20.777703510826274,5.5863075,0.5941122,296.31427,87.88983,72.33264,25.480967,3.1077263,1.5685806,2.048252607459019,7.6650515,0.06300304,120.0,10.0,196.69951,20.692741,6.62298,14.993122,216.23366,764.2728,145.42715,-16.238189,2.443339297536234
2020-08-15 00:30:00,-59.986644607799995,144.136793583,78.30620917835019,78.30620917835019,21.99135862231183,0.2358689526292168,0.7711903653225806,35.31999744,80.69794054914334,71.73391384408602,9.833981115591397,141.1260258173788,400.65578096851027,397.34350906123314,26.65729141023258,4.490767,0.519363,296.81998,68.722374,72.33264,25.480967,3.1077263,0.9888649,2.048252607459019,7.6650515,0.041259695,120.0,10.0,204.24881,22.001125,7.7005253,16.263588,87.69361,510.26526,145.42715,-16.238189,1.6786242878444213
2020-09-15 00:30:00,-86.902349526,174.48146567459997,92.15282905119008,92.15282905119008,23.11878313888889,0.2503474899322294,0.7916964650694445,107.33000203,106.4055178649418,87.23232305555555,10.927372083333333,161.65609827257776,411.5633335887973,400.2121549982689,28.584039541799687,4.984599,0.5344728,298.50998,83.22843,72.33264,25.480967,3.1077263,2.1951828,2.048252607459019,7.6650515,0.04408186,120.0,10.0,219.99611,23.051003,7.709261,49.534237,80.79095,340.2551,145.42715,-16.238189,2.2412022126736098
2020-10-15 00:30:00,-86.1732954468,195.63046532639999,103.0524146234105,103.0524146234105,24.43347942876344,0.18237240511473793,0.7574458803763442,50.33999747,144.08529639876886,94.40315282258067,29.743660618279566,221.32935547846066,406.338864038717,402.7654515191251,31.004804189521792,5.007396,0.63657427,301.23,78.903656,72.33264,25.480967,3.1077263,1.5187683,2.048252607459019,7.6650515,0.045444496,120.0,10.0,268.90683,25.131775,11.73514,18.38434,84.18216,300.41583,145.42715,-16.238189,3.646537661080309
2020-11-15 00:30:00,-67.21175282643158,182.44935581332356,73.96946539043086,73.96946539043086,25.88549966666666,0.17944910178846554,0.7475462858333333,79.24999867,181.35363727899028,70.01986121989242,36.62895644278903,239.8095889449164,416.11315420420294,406.59699617304335,33.87977114956933,3.9495447,0.4592156,302.58398,66.68974,72.33264,25.480967,3.1077263,2.0748997,2.048252607459019,7.6650515,0.04120377,120.0,10.0,261.4159,26.579336,12.777975,72.08737,140.00595,227.69955,145.42715,-16.238189,3.548490811848964
2020-12-15 00:30:00,-19.109272926308282,140.19207467486387,76.26720416374562,76.26720416374562,26.832626854838708,0.24556514057523143,0.8073600362231182,284.16999646,145.35315627276725,69.8660439576487,26.53788913789573,175.79014470568782,429.5184944522459,415.83006912852017,35.856672690238,4.0369215,0.5443357,301.23077,69.43676,72.33264,25.480967,3.1077263,0.2769451,2.048252607459019,7.6650515,0.056742765,120.0,10.0,257.18338,27.85016,12.074682,234.14436,324.6161,405.40704,145.42715,-16.238189,1.2481531744581673
2021-01-15 00:30:00,-17.20049745110979,132.20460877622966,94.92903081364638,94.92903081364638,26.535471935483873,0.33201823075772546,0.8449887551075269,922.84997037,103.7949042297207,86.96157034213066,9.93274859946193,131.6555569560477,437.18006201834424,414.78632701886113,35.20567404688576,3.8113697,0.65571153,302.02664,67.81378,72.33264,25.480967,3.1077263,2.286871,2.048252607459019,7.6650515,0.048288595,120.0,10.0,201.26195,26.437098,7.416744,624.1337,930.3655,1014.5476,145.42715,-16.238189,2.341176013734877
2021-02-15 00:30:00,-10.40055360520242,122.23196010647322,87.9793338980769,87.9793338980769,26.37579174107143,0.3264038790953478,0.8513690697916667,562.4899991699999,120.56384507764852,89.23036278617785,16.814229562677735,149.65101939055603,435.890817017515,413.52089203064105,34.86509878307287,3.5026753,0.62874275,303.83,64.75178,72.33264,25.480967,3.1077263,2.0123043,2.048252607459019,7.6650515,0.05096236,120.0,10.0,216.80722,26.619287,7.8034725,301.6948,1159.9729,1299.9789,145.42715,-16.238189,4.304200934709819
2021-03-15 00:30:00,-19.950119540406476,139.98333020375958,89.35452999184471,89.35452999184471,26.156716545698924,0.31293835915554397,0.8232135754032258,374.43995027999995,113.2356576397965,81.85494130375977,9.340843642701994,152.1393166854088,431.46270318102637,406.97863092521266,34.41542734060808,4.1010137,0.63805395,299.52444,66.09211,72.33264,25.480967,3.1077263,-0.35233498,2.048252607459019,7.6650515,0.051433235,120.0,10.0,232.30284,26.480478,9.210724,246.14456,1171.973,1496.5891,145.42715,-16.238189,0.21773413789482632
2021-04-15 00:30:00,-8.805142474705605,126.49246088886832,82.78239532383645,82.78239532383645,25.193535472222226,0.31475805365095716,0.8312993425694445,633.5299676899999,74.73073597130698,78.36222421549581,-0.3738588195186771,114.18773843627848,428.9488299827198,417.30307317416714,32.45551170322061,4.3262715,0.51917,299.73502,64.51953,72.33264,25.480967,3.1077263,1.3012657,2.048252607459019,7.6650515,0.06019566,120.0,10.0,180.30484,24.820164,6.395504,459.6623,1007.50165,1937.8672,145.42715,-16.238189,1.3914865004340236
2021-05-15 00:30:00,-54.175059429800086,160.3404405398947,77.41871901068244,77.41871901068244,23.168015260830387,0.2873559362009888,5.331250892230338,129.13999242,70.53422289545094,70.92091135178106,2.297220851844559,121.78307643733197,409.5035951612904,402.3443139117494,27.359258962457968,3.610664,0.6015115,297.286,66.19637,72.33264,25.480967,3.1077263,1.5283947,2.048252607459019,7.6650515,0.05596728,120.0,10.0,188.19073,22.890001,6.280945,84.108894,789.9158,1949.8887,145.42715,-16.238189,0.9680015848727379
2021-06-15 00:30:00,-19.881264985384064,117.80412069516301,60.72727946765803,60.72727946765803,22.381774382626983,0.26131591727245734,10.5789118826559,80.84000161,62.32756389522917,57.48474263188493,4.182043962590636,108.5207546033493,405.66762729166663,406.0841192867895,24.613351072798686,5.0808997,0.51184845,296.68143,80.05211,72.33264,25.480967,3.1077263,1.1023979,2.048252607459019,7.6650515,0.03922697,120.0,10.0,174.0085,21.999836,5.5433445,63.67054,607.4417,1779.4147,145.42715,-16.238189,1.1496587228417674
2021-07-15 00:30:00,-28.551317049688922,129.7677237436469,61.90259109076379,61.90259109076379,22.527184038978493,0.26340509914413823,0.8059479985887097,38.89000100999999,64.89504796415756,56.70706298547568,8.177447622283456,115.02175925552285,403.2966656890791,403.2264400872379,27.55114057421394,4.7910004,0.5715166,298.45554,76.39776,72.33264,25.480967,3.1077263,1.6625519,2.048252607459019,7.6650515,0.04180538,120.0,10.0,178.92773,22.165482,5.8699684,20.347473,168.1269,1175.6287,145.42715,-16.238189,2.7783579532090066
2021-08-15 00:30:00,-58.09479692628514,156.5727299174297,60.370474423483884,60.370474423483884,22.592755134408602,0.22213798918086528,0.7912737694892472,80.47999216,73.93501292350598,55.30353795006722,9.850284587232826,121.45965422432991,407.70952607526874,398.73982001407705,27.667611691686712,4.3060985,0.587148,296.6543,72.09057,72.33264,25.480967,3.1077263,1.1810532,2.048252607459019,7.6650515,0.048981566,120.0,10.0,185.05823,22.324196,6.915251,40.965633,124.98364,914.8994,145.42715,-16.238189,0.911547844107023
2021-09-15 00:30:00,-78.76014945582963,159.99942204634044,64.62294222481304,64.62294222481304,23.089147180555553,0.23642128481864166,0.75289259,67.74999588,81.94123435857013,61.17239623564864,11.470458414239435,137.49125686699307,405.9126735416666,397.14313944340927,28.542851880268014,4.661277,0.61268514,297.60748,76.48342,72.33264,25.480967,3.1077263,1.2066841,2.048252607459019,7.6650515,0.056100063,120.0,10.0,211.87112,23.0005,8.512371,40.619324,101.932434,709.37415,145.42715,-16.238189,1.3683418331163217
2021-10-15 00:30:00,-27.84283824691395,149.8126042419628,62.56086727568572,62.56086727568572,25.483832452956985,0.15112731967639165,0.7896398595430107,5.6399998700000005,119.4468338113508,57.31008958617926,46.16253530363345,201.05558177206993,407.0053662634409,402.95461819853,33.04854765289338,5.791907,0.5661607,301.71997,86.652954,72.33264,25.480967,3.1077263,1.8661232,2.048252607459019,7.6650515,0.04235225,120.0,10.0,298.1257,26.239193,11.041372,14.373663,95.958626,264.08554,145.42715,-16.238189,3.0861443536836397
2021-11-15 00:30:00,-44.16844511499173,149.6478767679361,72.13773564202455,72.13773564202455,26.564431555555554,0.2395107397456496,0.789536564861111,154.20001001,115.97709246899653,68.28593679447201,24.214748761623206,175.96585514914165,428.51040895833336,404.8940376716197,35.287068962573464,4.5638466,0.5619556,301.52542,77.88319,72.33264,25.480967,3.1077263,0.7677021,2.048252607459019,7.6650515,0.028912619,120.0,10.0,248.86963,27.269499,11.203751,167.62236,222.61536,347.599,145.42715,-16.238189,1.8109956905381956
2021-12-15 00:30:00,-11.222287945105352,129.43501400148352,93.51977502931584,93.51977502931584,26.289823827556162,0.25970441502118086,0.09871442745226186,0.05,127.00119978712979,86.25023305214604,23.14383271314919,189.38723110198933,427.77761816259374,412.6349833321172,34.94745491976803,3.886961,0.63887644,302.1213,68.66262,72.33264,25.480967,3.1077263,1.3984356,2.048252607459019,7.6650515,0.045394197,120.0,10.0,261.2455,27.27823,11.035788,230.52484,412.52087,514.4533,145.42715,-16.238189,2.6814896490063376
