time,NEE_SOLO_EC,GPP_SOLO_EC,ER_SOLO_EC,ET_EC,Ta_EC,Sws_EC,RH_EC,Precip_EC,Fn_EC,Fe_EC,Fh_EC,Fsd_EC,Fld_EC,CO2_EC,VPD_EC,LAI_anom_RS,kNDVI_anom_RS,FPAR_RS,LST_RS,tree_cover_RS,nontree_cover_RS,nonveg_cover_RS,LST-Tair_RS,TWI_RS,NDWI_RS,rain_anom_RS,rain_cml3_anom_RS,rain_cml6_anom_RS,rain_cml12_anom_RS,srad_anom_RS,vpd_RS,tavg_anom_RS,SOC_RS,CO2_RS,C4_percent_RS,elevation_RS,month_RS,VegH_RS,MI_RS,x_coord,y_coord
2009-11-15,16.230072063580636,65.22412017962162,47.631694839656944,47.631694839656944,32.578146392458066,0.03381610936205247,45.70120379860178,36.800000000000004,141.1284921313673,45.088397553465384,79.61756715130676,287.4594719503613,437.8265594428254,374.8016554421566,27.578515481218297,1.1064636,1.0416442,36.687164,44.908325,5.9672236,90.28335,3.8447015,12.80254,10.0,-0.14193518,0.19440848,0.18381721,0.17969947,1.1450015,1.0369455,34.933193,1.0147686,0.81842667,385.197,81.94342,169.71603,11.0,2.724962,0.041892927,132.3706,-15.2588
2009-12-15,-0.3205495422000002,101.346643215,74.01923216498207,74.01923216498207,31.510022113494973,0.06846740124200482,59.07400552283137,157.55555555555554,145.94884298900985,67.80674583333332,58.88988205645162,256.785405993822,446.6401432282828,365.1213079715341,19.531933668781985,1.007233,1.0450771,34.44341,46.583313,5.9672236,90.28335,3.8447015,15.566702,10.0,-0.15307815,1.2933767,0.989493,0.98588383,1.1702353,1.0049973,25.970413,1.0055518,0.81842667,385.112,81.94342,169.71603,12.0,2.724962,1.1887537,132.3706,-15.2588
2010-01-15,-11.565213747070763,130.09329913558597,92.28969982624025,92.28969982624025,30.029882515991453,0.09833856511973131,72.44392243427798,204.4,154.67125505608794,84.54376026495783,35.75180935604203,241.37291539328257,449.0098589855356,366.81246879824965,12.05550458732237,1.0437219,1.1070035,40.734215,38.54001,8.880333,67.76958,24.350088,9.052925,10.0,-0.103932135,1.0046592,1.022491,0.98899925,0.9541916,0.97359157,16.352888,0.9932355,0.81842667,385.08,81.94342,169.71603,1.0,2.724962,1.2942194,132.3706,-15.2588
2010-02-15,-27.36813164172869,146.1270048906828,101.72586581712085,101.72586581712085,29.740476279761907,0.12091272058779763,74.21564427090938,246.2111111111111,168.80522746648273,103.17236457047277,28.36804544308406,261.94103104986755,446.5466983630952,367.9837456109701,11.089054270365468,1.0767235,1.0247722,46.176502,39.950012,8.880333,67.76958,24.350088,10.309935,10.0,-0.111864686,0.955383,1.0940335,0.9948444,0.8751279,1.0203776,17.260824,1.009714,0.81842667,384.822,81.94342,169.71603,2.0,2.724962,1.2440488,132.3706,-15.2588
2010-03-15,-36.44622169436918,146.1417788884355,112.58518818841368,112.58518818841368,29.47472151209677,0.07805411905913978,66.0956004680073,51.50000000000001,166.7211195562801,103.13583398263583,28.587904316845535,272.762470562621,429.0334801747312,377.1188566372248,14.353545215155759,1.0376855,0.97548336,54.021748,38.48999,8.880333,67.76958,24.350088,9.682339,10.0,-0.102588005,0.1640414,0.7939276,0.8602446,0.83391625,1.0432172,20.447168,0.98936963,0.81842667,384.723,81.94342,169.71603,3.0,2.724962,0.116060145,132.3706,-15.2588
2010-04-15,-30.94202878984595,130.19989115729294,78.57987208333613,78.57987208333613,29.024882405732438,0.05590160449371876,67.14060551922582,14.28888888888889,140.3973595396471,74.38409496283701,34.331713787038964,236.86795937891807,430.74504563043655,366.61732664001835,13.54458169452915,1.0211042,1.0004839,53.13526,36.56198,8.880333,67.76958,24.350088,7.92045,10.0,-0.12251975,1.7420464,0.71770173,0.8959118,0.8743114,0.93189085,20.795565,1.0338677,0.81842667,385.021,81.94342,169.71603,4.0,2.724962,0.22086474,132.3706,-15.2588
2010-05-15,-11.21189722594854,112.24536912214855,60.6630327184668,60.6630327184668,26.57099127016129,0.0660793225,65.19422455946912,46.199999999999996,96.97564659535408,55.57154162112835,32.99713840379944,186.23649013561425,413.31931733870965,366.0500671816996,12.384588365759448,0.89996165,1.0897204,44.434513,34.1593,8.880333,67.76958,24.350088,7.9816,10.0,-0.12815715,9.302286,0.55271256,0.9794083,0.9065643,0.89925444,18.789825,1.0594516,0.81842667,385.404,81.94342,169.71603,5.0,2.724962,0.18644781,132.3706,-15.2588
2010-06-15,-37.11057284120684,120.6629367897245,57.66381844766191,57.66381844766191,22.5151531875,0.057499302631944436,49.035239846614594,0.6,101.58316236111112,54.584855302154025,38.1133130389549,223.11112869036887,354.78684340277783,381.4228340045945,14.14488725127275,1.010602,1.1485277,49.867023,32.105377,8.880333,67.76958,24.350088,10.3904705,10.0,-0.13957113,0.0,2.5493484,0.86746585,0.90654445,0.9886534,20.114397,0.98713773,0.81842667,385.907,81.94342,169.71603,6.0,2.724962,0.0,132.3706,-15.2588
2010-07-15,-23.400430238147333,103.39254015178005,47.53915854392382,47.53915854392382,24.928345329301077,0.041759124811827954,51.4378737274707,20.299999999999997,99.95562350705644,43.54916345705327,48.35091160981546,210.08443246084008,385.69193864247313,389.9841046334311,15.63800264937991,1.0327575,1.1353744,45.020874,35.260986,8.880333,67.76958,24.350088,11.026751,10.0,-0.14153263,2.662486,6.030174,0.7853232,0.9069286,0.9311805,20.311134,1.1021897,0.81842667,386.572,81.94342,169.71603,7.0,2.724962,0.0022329346,132.3706,-15.2588
2010-08-15,-13.783308145557974,84.43132990965222,37.45277564674771,37.45277564674771,25.915873575268815,0.038359585510752685,36.21991528513155,0.0,116.03164747710449,34.309337786312796,65.06045367947347,253.6484095784812,373.4727658602151,390.74385920578146,21.81147363127889,0.99625546,1.0659928,41.50292,40.455017,8.880333,67.76958,24.350088,16.025974,10.0,-0.15377872,0.8169134,0.33321887,0.54977334,0.9072241,0.96532845,25.932852,1.0429813,0.81842667,387.215,81.94342,169.71603,8.0,2.724962,0.0015138211,132.3706,-15.2588
2010-09-15,3.4605491059241373,68.84536935800064,31.94509873373365,31.94509873373365,30.698023671060124,0.04069619963094592,45.665953037739826,2.8000000000000003,135.60807360152765,30.239388214926272,85.37875776989357,267.8083392549095,421.3028531233444,388.77547078904723,24.72514181732155,1.0464667,1.0371629,38.643288,42.820007,8.880333,67.76958,24.350088,13.473251,10.0,-0.16639997,2.5944593,2.4136932,2.5317822,0.9137294,0.93163127,29.080809,1.0539505,0.81842667,387.561,81.94342,169.71603,9.0,2.724962,0.036909442,132.3706,-15.2588
2010-10-15,19.283120279275316,58.790028440320306,50.167977269653704,50.167977269653704,30.153440396505374,0.06373510850134409,50.256790071236274,238.99999999999997,139.17918407868385,45.9573435740824,79.17220330446703,262.52658561627356,427.92808723118276,392.5683649245371,21.921461967554084,0.89383197,1.0464401,32.857437,45.579987,8.880333,67.76958,24.350088,16.229923,10.0,-0.17371732,4.442196,4.0739923,4.4518113,0.9943189,0.91867703,26.508778,0.95298874,0.81842667,387.559,81.94342,169.71603,10.0,2.724962,0.3210296,132.3706,-15.2588
2010-11-15,9.71910277906077,71.11588051360413,63.09673429595377,63.09673429595377,30.48442444444445,0.07178868949305556,49.190298036453555,29.55,155.80879133095246,59.727680273361166,68.35308362263932,282.0090567399722,425.89190777777776,393.77528153481643,22.832593491912966,1.0186083,0.98214746,36.405964,45.523315,8.880333,67.76958,24.350088,15.981167,10.0,-0.18438601,0.7851012,1.6345764,1.5999959,1.0335546,0.99318016,27.791689,0.93373966,0.81842667,387.409,81.94342,169.71603,11.0,2.724962,0.21132155,132.3706,-15.2588
2010-12-15,7.178259175592062,100.43843870414065,87.88453736094174,87.88453736094174,29.48377454595112,0.11462758610951063,70.61489262838452,94.2,146.8819403388553,80.508326190564,43.363098894127056,232.76207003691704,445.7709491269593,391.4358550657778,12.446964310824459,0.9663927,0.96416366,31.799276,43.123352,8.880333,67.76958,24.350088,13.482021,10.0,-0.17455117,1.5982327,1.5967964,1.6077055,1.1029816,0.92638075,18.394009,0.9609656,0.81842667,387.165,81.94342,169.71603,12.0,2.724962,1.8285551,132.3706,-15.2588
2011-01-15,-10.559258055,135.2658537684,104.90314526410174,104.90314526410174,28.08455212378072,0.15475841774439614,78.82214060510665,213.2,156.48501327175077,96.0985503360215,38.084177755376345,222.82528417508283,448.0079076867417,387.88719059731795,8.253420482732503,1.0957142,1.0948515,40.749065,37.149994,7.773682,74.14798,18.272606,8.452507,10.0,-0.13742235,1.2178702,1.3166829,1.4253885,1.1598111,0.90000635,12.70386,0.966639,0.81842667,387.02,81.94342,169.71603,1.0,2.724962,1.7371532,132.3706,-15.2588
2011-02-15,-19.516784713188922,129.49777991011422,100.39787899843196,100.39787899843196,26.656910862206264,0.15962625985259557,81.66980798852543,231.39999999999998,136.74654960095702,101.82549434133298,26.040505583919952,218.42815122261595,449.2420355070636,388.1614192586912,6.556189108395078,0.8782643,1.0115197,41.207333,39.991608,7.773682,74.14798,18.272606,12.014757,10.0,-0.1109223,1.4038397,1.4198148,1.4415854,1.2745577,0.8671398,11.539857,0.9530547,0.81842667,387.092,81.94342,169.71603,2.0,2.724962,2.5035334,132.3706,-15.2588
2011-03-15,-16.895507295704064,137.05651390876986,108.26771420562125,108.26771420562125,26.424489818548384,0.16121856747311827,81.00777612023295,278.2,140.42120917970547,99.18072863459987,27.787586435072715,200.45754198593326,448.990676770694,382.10613095356484,6.698221002503028,0.8003497,1.1051544,40.498867,32.98001,7.773682,74.14798,18.272606,5.121073,10.0,-0.09694305,1.7499894,1.4098427,1.4753982,1.5079933,0.82074976,11.2199545,0.95678705,0.81842667,387.144,81.94342,169.71603,3.0,2.724962,1.7410586,132.3706,-15.2588
2011-04-15,-22.5802625778,113.6251202796,94.45610233126834,94.45610233126834,25.18174746527778,0.11657408603472223,67.22093078407507,263.8,146.05961209417484,89.41261291666666,37.14550083333334,237.03313009821042,410.77509947732824,384.2893881035327,10.720084729924986,0.89404345,1.0887653,47.54248,32.80539,7.773682,74.14798,18.272606,7.0621376,10.0,-0.116688564,6.7521343,1.823935,1.5428998,1.6247045,0.90922403,16.74669,0.9292491,0.81842667,387.156,81.94342,169.71603,4.0,2.724962,0.93808854,132.3706,-15.2588
2011-05-15,-48.685190829313655,97.3643863719628,66.31109979343533,66.31109979343533,21.215767072408187,0.045478777871929055,54.31474040627165,0.0,111.91806133273566,60.74556244518106,44.25646972262785,243.0701968218387,353.082135285212,387.28699073716353,11.692510538792142,1.0592272,1.0857438,51.631634,32.259552,7.773682,74.14798,18.272606,10.647678,10.0,-0.1392675,0.0,2.3780375,1.5931714,1.5924518,1.0172675,19.057034,0.87466556,0.81842667,387.403,81.94342,169.71603,5.0,2.724962,0.0,132.3706,-15.2588
2011-06-15,-44.753423999055684,84.18398640870464,53.18292273661034,53.18292273661034,18.232792548680354,0.04291135917297664,55.04666945623592,0.0,94.47697442527384,50.343217294192556,40.965025818668344,225.2006768513133,331.9362895021559,389.13945602934854,9.525821629303158,1.0947433,1.1110346,49.91848,30.636658,7.773682,74.14798,18.272606,12.067223,10.0,-0.14027184,0.0,5.5114946,1.5816693,1.5924169,1.0397758,16.712835,0.8441478,0.81842667,387.831,81.94342,169.71603,6.0,2.724962,0.0,132.3706,-15.2588
2011-07-15,-41.53017478358812,91.4135841094247,58.50002566892884,58.50002566892884,21.011349300403225,0.04139079015456989,52.49071376106919,0.0,102.7891128375672,53.59007727795841,41.95640938892632,229.21221970520833,356.5371040994624,386.5656121660541,12.00451389380167,1.1416646,1.202795,49.09467,32.618805,7.773682,74.14798,18.272606,10.836409,10.0,-0.13777468,0.52771986,0.016041972,1.8009226,1.5920677,0.98386455,19.495613,0.99067837,0.81842667,388.198,81.94342,169.71603,7.0,2.724962,0.00045908053,132.3706,-15.2588
2011-08-15,-35.224816931301426,89.32323349851444,53.65496236474897,53.65496236474897,22.220704171639802,0.03929049999364984,43.452077434588126,0.0,117.67219992839004,49.15166355217595,57.551004222305245,264.5461107670434,354.1711834974982,388.4227872846929,15.409809211807195,1.1709054,1.2878088,47.327038,36.33786,7.773682,74.14798,18.272606,13.929955,10.0,-0.14328343,0.015777433,0.039234392,2.346719,1.5916276,1.0098538,24.292873,0.9566902,0.81842667,388.633,81.94342,169.71603,8.0,2.724962,3.0538195e-05,132.3706,-15.2588
2011-09-15,-21.798812404886228,81.66119543531354,41.0610562926351,41.0610562926351,25.59314277083333,0.03786545358333333,40.808161779902534,0.0,123.51678880286907,38.86859865725675,59.013091604466595,273.9789046054812,379.3101236805556,388.0363335794318,19.84932564235294,1.1832608,1.3090554,43.721493,38.962006,7.773682,74.14798,18.272606,12.78079,10.0,-0.15122457,0.0,0.02206447,4.8006706,1.5821948,1.0184034,29.137955,0.9402643,0.81842667,389.125,81.94342,169.71603,9.0,2.724962,0.0,132.3706,-15.2588
2011-10-15,-11.796376790528821,81.37596964136355,36.38665035230388,36.38665035230388,29.45931308679875,0.03791187707137069,50.271277296875425,9.399999999999999,142.44243578293484,33.33269313934169,77.94991063273525,277.1723579903293,425.89565813172044,386.828169622223,21.033607350810694,1.3403445,1.3186467,44.293022,43.55945,7.773682,74.14798,18.272606,12.978428,10.0,-0.15357703,2.4917078,2.0419543,1.6506677,1.5437592,0.9641226,29.012106,0.9929576,0.81842667,389.26,81.94342,169.71603,10.0,2.724962,0.17738748,132.3706,-15.2588
2011-11-15,26.109516590472264,70.90064647108565,73.98008597587517,73.98008597587517,29.0451131672576,0.09766366034915526,64.49776832883133,193.799999,158.54464185559402,70.02991471852134,56.96427747000527,264.2523007702607,438.09541261681477,398.4615097465224,14.651564313384942,1.1094193,1.4686246,38.170406,43.162018,7.773682,74.14798,18.272606,13.234779,10.0,-0.13439508,1.7137133,1.8070127,1.760038,1.6054286,0.94662833,20.960129,0.94591117,0.81842667,389.069,81.94342,169.71603,11.0,2.724962,0.53039753,132.3706,-15.2588
2011-12-15,-21.8741726435936,122.05007263152476,93.08489585475982,93.08489585475982,28.640544335933516,0.0982303737106059,68.95927109746282,147.599999,168.26801079349815,85.2722149302713,50.81881197664082,271.3747389122962,440.86419723474455,376.60103283755143,12.5055304188659,1.2442433,1.7173626,42.013737,35.380005,7.773682,74.14798,18.272606,5.4950275,10.0,-0.09784833,0.64867264,0.979199,0.96641684,1.3859196,1.0136629,19.497036,0.96886456,0.81842667,388.937,81.94342,169.71603,12.0,2.724962,0.72150016,132.3706,-15.2588
2012-01-15,-52.434897886104864,146.06916132264615,120.23023469740001,120.23023469740001,29.659727224462365,0.07230596105510752,64.96642391002919,55.0,179.7968793882529,110.13922634914151,33.22140332848824,286.742766127916,441.0415282930108,343.28715461304023,14.99502290034393,1.2573861,1.1844966,47.396202,41.62332,8.753991,72.190605,19.426727,11.1721115,10.0,-0.10722682,0.28232098,0.6005383,0.6573106,1.1477712,1.126897,23.0319,1.0257109,0.81842667,388.816,81.94342,169.71603,1.0,2.724962,0.31714708,132.3706,-15.2588
2012-02-15,-32.385992710017895,120.50623352342973,94.79670327145438,94.79670327145438,29.388204781928838,0.07462097796695402,62.03510781201001,198.20000000000002,179.32737959508117,92.82933873995867,60.64430963570629,300.4582259187608,432.02683218390797,356.38449375674367,15.990333790625463,1.0327525,0.81042993,47.081932,45.942505,8.753991,72.190605,19.426727,16.26581,10.0,-0.12683927,0.77953714,0.5727138,0.7052186,0.99600875,1.1346319,23.470545,1.0109613,0.81842667,388.786,81.94342,169.71603,2.0,2.724962,0.9076423,132.3706,-15.2588
2012-03-15,-33.32207718534886,154.83128282215233,122.71537531672564,122.71537531672564,27.573180682643336,0.1265360329435484,86.3721250416915,186.2,151.4840240858447,112.4157873645154,33.10374206999287,237.61990965629852,439.4582995827056,356.00332669523857,5.150765693094208,0.88658506,1.047809,46.434757,33.772858,8.753991,72.190605,19.426727,5.5383987,10.0,-0.10675469,1.7175554,0.79845166,0.8599583,0.9882499,0.8962742,13.4080105,0.9696839,0.81842667,388.82,81.94342,169.71603,3.0,2.724962,1.539672,132.3706,-15.2588
2012-04-15,-39.09240994022727,129.13444693667003,92.5261772507676,92.5261772507676,25.691403311023553,0.07243468611805555,64.22637897650067,46.199999999999996,137.20010293216654,87.58573630497044,39.41582207145285,244.06209255589727,405.53649520833335,392.5310272437765,12.068175242209177,0.99390644,1.082031,48.911877,35.813995,8.753991,72.190605,19.426727,9.256542,10.0,-0.11439313,0.39432558,1.0916651,0.8160891,0.8395962,0.97255635,20.26085,0.9586392,0.81842667,388.994,81.94342,169.71603,4.0,2.724962,0.047419205,132.3706,-15.2588
2012-05-15,-34.6260104959821,125.59311615486392,90.3172336986362,90.3172336986362,22.040701506048386,0.06264653942204301,56.566943951046355,18.200000000000003,111.66103090154573,82.73684460983192,26.52798552475861,224.5424708691277,370.97129422043014,393.458945005053,11.7039877444093,1.0991923,1.1977485,52.1855,32.193512,8.753991,72.190605,19.426727,8.935917,10.0,-0.12139289,0.5261256,1.5188866,0.7511904,0.8414205,0.9796094,20.48918,0.9412704,0.81842667,389.282,81.94342,169.71603,5.0,2.724962,0.009229716,132.3706,-15.2588
2012-06-15,-31.96302916822597,104.55572864029996,53.08248757986705,53.08248757986705,19.18290041611035,0.039482624818023136,48.98308188220376,2.0,92.78537655933347,50.24814487884329,41.09277699220162,219.00902306402503,337.42509429124516,384.94356656355535,11.485541897184337,1.0765507,1.1326895,49.16898,31.486938,8.753991,72.190605,19.426727,11.745548,10.0,-0.13518688,0.18215843,0.3970289,0.7816353,0.84172803,1.04755,18.87506,0.8974237,0.81842667,389.705,81.94342,169.71603,6.0,2.724962,0.001873861,132.3706,-15.2588
2012-07-15,-19.98320442227061,92.98184278993307,40.546272078566275,40.546272078566275,20.430214589381723,0.03676051370295699,43.80297756177572,0.0,96.71722393117321,37.143194882008,53.50573042602029,226.97012201934808,346.32964818548385,382.18409510279696,13.690354669406302,1.0479795,1.0874182,45.66411,32.94586,8.753991,72.190605,19.426727,11.938391,10.0,-0.14381447,0.3387221,0.4069005,1.0829489,0.84169817,0.98499286,20.45162,0.95543426,0.81842667,390.371,81.94342,169.71603,7.0,2.724962,0.0002662842,132.3706,-15.2588
2012-08-15,-0.5755550201266528,77.40189634142095,32.96277602158992,32.96277602158992,22.242415632392476,0.035429642862903225,36.682240061607,0.0,113.24522355496404,30.196186994688258,68.38286338699544,261.0395324159811,347.0363803091398,386.04485384091385,17.27797374138924,0.99525684,1.0299822,41.775032,38.52072,8.753991,72.190605,19.426727,16.350119,10.0,-0.14632961,0.024231311,0.16396558,1.5007429,0.84165525,1.0481293,26.16295,0.9465587,0.81842667,391.042,81.94342,169.71603,8.0,2.724962,4.520157e-05,132.3706,-15.2588
2012-09-15,7.033840551641957,77.68797602726906,30.266937588545396,30.266937588545396,27.456512051296983,0.03499781602998331,31.80517543873521,1.2,129.4872049133273,28.65083258767553,75.32561190006771,281.9116174366052,383.44849096891863,385.89423464023577,25.594842725076855,1.0084157,0.99734044,37.522446,43.894196,8.753991,72.190605,19.426727,16.520218,10.0,-0.15868293,1.3150911,1.1440939,0.49376583,0.8464789,1.0458115,34.481293,0.9831008,0.81842667,391.471,81.94342,169.71603,9.0,2.724962,0.018117106,132.3706,-15.2588
2012-10-15,8.349369530647568,75.76201234164668,28.79479441750928,28.79479441750928,29.84507760870087,0.03467112662739635,33.72750774974419,0.2,141.11076089844278,26.378027024641867,86.94823967029288,291.8700996949069,409.23637434626767,386.7045526653095,28.67863916071298,1.0665342,1.0363944,36.54465,44.738586,8.753991,72.190605,19.426727,14.531183,10.0,-0.16832118,0.06968941,0.26961187,0.29612792,0.8003729,1.0216159,35.368114,0.9808263,0.81842667,391.511,81.94342,169.71603,10.0,2.724962,0.004424335,132.3706,-15.2588
2012-11-15,29.638012491462202,57.31521318798819,41.435144919577375,41.435144919577375,30.114778368055553,0.060842361416666664,55.19056409776814,43.400000000000006,148.4360896245088,39.22271279887155,80.66437110841301,262.0237870612034,440.87637118055557,395.25118344969445,19.70217918930338,1.0283421,1.017198,34.393375,44.303345,8.753991,72.190605,19.426727,12.520411,10.0,-0.18050604,1.216749,0.97804284,0.9564106,0.76835614,0.9848538,29.741467,1.0045642,0.81842667,391.309,81.94342,169.71603,11.0,2.724962,0.2967491,132.3706,-15.2588
2012-12-15,28.647320013177715,60.07885283300218,62.27264395482114,62.27264395482114,30.021302271505377,0.07330754818548386,60.66213109936505,95.4,154.41055269774793,57.046057051803,74.87142693379728,260.25627616055243,445.42414663978496,395.89306429583786,17.201200215818748,0.9297705,0.8964779,32.64793,47.11499,8.753991,72.190605,19.426727,15.841711,10.0,-0.19008127,0.3698657,0.5284719,0.5366931,0.703704,1.0469576,25.54639,1.013873,0.81842667,391.225,81.94342,169.71603,12.0,2.724962,0.36097673,132.3706,-15.2588
2013-01-15,14.597394122271211,79.08924204807366,89.24527441168716,89.24527441168716,30.61678191982598,0.089619214965647,60.81074366806239,157.20000000000002,174.1598025431546,81.75485562145893,67.64936866656632,281.8809700023365,448.1981834239823,388.73738585600506,17.748378396015287,0.9542381,0.7484225,38.509132,44.19287,13.573202,84.217445,2.4698954,12.599453,10.0,-0.16164899,0.63376254,0.589062,0.5769303,0.79537046,1.1240953,25.04118,1.0641848,0.81842667,391.281,81.94342,169.71603,1.0,2.724962,0.6526907,132.3706,-15.2588
2013-02-15,-18.248732291480028,113.48199787903863,104.37526129153966,104.37526129153966,28.810503080357144,0.09899405304315476,69.3569164796216,108.60000000000001,191.4109803981559,105.85943332710056,49.349855328994444,290.5249003785342,441.0539808035714,394.2913900773069,12.470949857975121,1.0326275,0.8795215,46.42783,45.255035,13.573202,84.217445,2.4698954,15.019838,10.0,-0.13220674,0.5921001,0.54474556,0.5909266,0.75110805,1.0505837,21.056782,1.0299872,0.81842667,391.48,81.94342,169.71603,2.0,2.724962,0.6924435,132.3706,-15.2588
2013-03-15,-44.00911274705863,145.7347758741156,94.00546771938578,94.00546771938578,28.1872757524134,0.07910987806073172,73.86158367028054,252.13076923076923,150.99582546918165,86.11552254938954,42.34858766302095,236.17655879589825,439.0892312906342,392.5210786537122,10.249414960374958,1.0253296,1.0232576,52.551662,39.01001,13.573202,84.217445,2.4698954,9.525995,10.0,-0.09712708,2.136864,0.96145564,0.8236482,0.8116167,0.97883797,18.840204,1.0125986,0.81842667,391.8,81.94342,169.71603,3.0,2.724962,1.5047772,132.3706,-15.2588
2013-04-15,-27.854079606000003,130.440698874,120.98214331594392,120.98214331594392,26.31096793388097,0.09409077744355629,67.22669667551256,27.199999999999996,172.00147905992506,114.52229430555555,36.688365555555556,278.5412848476366,404.1325959753713,393.43766496081065,11.479437180368015,1.0829186,1.0593026,55.08815,36.701782,13.573202,84.217445,2.4698954,9.41888,10.0,-0.107393846,1.4957411,1.1915388,0.8527223,0.83718383,1.0005592,25.217516,0.98482555,0.81842667,392.141,81.94342,169.71603,4.0,2.724962,0.16196464,132.3706,-15.2588
2013-05-15,-0.7824656717999989,91.4777905788,115.02619868764265,115.02619868764265,25.894001114845576,0.06741732619258115,61.736193065110776,0.2,136.2775416910273,105.37196875,31.01602950268817,236.06956802599714,408.4936062296906,393.3418291679915,13.068072028548617,1.0866411,1.1095825,52.74584,33.29547,13.573202,84.217445,2.4698954,7.1488953,10.0,-0.124969855,0.06731531,2.0112631,0.82439387,0.83559316,0.9679808,21.010878,1.0581919,0.81842667,392.465,81.94342,169.71603,5.0,2.724962,0.0011588586,132.3706,-15.2588
2013-06-15,16.068521044799997,67.0566342402,98.61873364851647,98.61873364851647,23.3874691692799,0.06893564165261037,57.03095422107706,2.4,116.35518962498969,93.35298027777777,29.178693541666668,226.4500520347166,377.81187170948067,393.4822514637015,12.587555931084918,0.98764765,1.0691036,47.915047,34.407135,13.573202,84.217445,2.4698954,10.762173,10.0,-0.13554825,0.0045151487,1.2293538,0.9726784,0.83525693,0.984063,22.455793,1.0748762,0.81842667,392.806,81.94342,169.71603,6.0,2.724962,4.090363e-05,132.3706,-15.2588
2013-07-15,7.266287557799999,75.7332087786,100.24178967231822,100.24178967231822,22.860297427188154,0.065777148359398,56.81635720810898,0.0,121.56747260489283,91.82842560483871,34.06308877688172,243.5579742477949,369.18806377469133,393.8137667465724,12.244642107904607,1.0206519,1.062217,44.998104,35.1875,13.573202,84.217445,2.4698954,12.274893,10.0,-0.1379437,0.47784027,0.059067167,1.1771238,0.8352812,0.98466223,22.33291,1.0420811,0.81842667,393.373,81.94342,169.71603,7.0,2.724962,0.00034612804,132.3706,-15.2588
2013-08-15,-1.6509472037999995,86.2272431658,115.52476890283664,115.52476890283664,23.63959937638985,0.06545324491705187,51.64955414025611,0.0,143.4675697376778,105.82869361559142,38.19264596774194,287.08184268548763,361.7843571567915,394.5590754597421,14.386003448184496,1.0146862,1.0338856,42.695282,40.336212,13.573202,84.217445,2.4698954,16.47233,10.0,-0.14482327,0.016324889,0.03927588,1.9848565,0.8352314,1.0315359,28.363245,1.0188521,0.81842667,393.86,81.94342,169.71603,8.0,2.724962,2.8563663e-05,132.3706,-15.2588
2013-09-15,29.957266722600004,60.252053117399996,115.37749323443103,115.37749323443103,28.56704017435657,0.06101155725715253,47.04283424963975,0.0,156.08355372235513,109.2169048611111,45.20195430555555,295.23499525762816,407.3792053832066,395.3322758610328,21.241825620977288,1.0284582,1.0178293,38.784714,44.23474,13.573202,84.217445,2.4698954,15.353481,10.0,-0.15036263,0.2471877,0.23230043,1.1002457,0.83135337,0.9946355,31.750105,1.0372329,0.81842667,394.065,81.94342,169.71603,9.0,2.724962,0.003159758,132.3706,-15.2588
2013-10-15,6.455048327999999,92.51379431640001,122.74136652266057,122.74136652266057,30.881115172582486,0.06207604859480791,40.81176779086771,6.800000000000002,168.03267610953105,112.43959711021505,48.156139852150545,312.05568802330987,423.77090285179,396.60649992803036,27.22541884549029,1.1017582,1.0608412,38.05376,46.625,13.573202,84.217445,2.4698954,14.92738,10.0,-0.15991086,0.16869372,0.17839587,0.15534861,0.8319824,1.0123893,38.115208,1.0292133,0.81842667,394.127,81.94342,169.71603,10.0,2.724962,0.0098099,132.3706,-15.2588
2013-11-15,-27.8484546024,137.7025720362,120.34572454352788,120.34572454352788,29.678371078674516,0.09414508662714874,56.982018451201846,116.36363636363636,188.13249200618804,113.91985715277778,49.967528333333334,305.1976278882723,438.4966544178608,397.93333266355796,18.43282962463857,1.1518196,1.10477,37.33192,46.96698,13.573202,84.217445,2.4698954,15.689968,10.0,-0.15964459,0.9101839,0.72561413,0.7073763,0.81243736,0.9920124,28.296001,0.98857355,0.81842667,394.085,81.94342,169.71603,11.0,2.724962,0.21422225,132.3706,-15.2588
2013-12-15,-30.202684642725764,151.37277112544717,129.90473523166395,129.90473523166395,29.210416176422584,0.11184312997553067,63.735293751329166,231.89999899999998,193.19913945590244,119.00173923402431,46.53457580987999,293.93280591235293,441.17700833127293,401.4459319344931,15.113934790359039,1.1668602,1.2879126,39.41503,42.70752,13.573202,84.217445,2.4698954,12.017229,10.0,-0.14546725,0.6899699,0.7050517,0.6987383,0.8855211,1.0488362,22.884981,0.99497265,0.81842667,393.929,81.94342,169.71603,12.0,2.724962,0.7115293,132.3706,-15.2588
2014-01-15,-24.482855796556997,157.55070080419557,124.7931873063361,124.7931873063361,28.08686370295699,0.14951656952284945,72.83747728189353,286.999999,163.49739319170078,114.31920712919138,25.161115285838086,258.19701218536557,443.98683669354836,404.43245134991037,10.587223195585969,1.2263174,1.2900912,43.946953,41.526672,5.207099,89.17354,6.029869,11.987104,10.0,-0.099965565,0.8791869,0.79891706,0.77513635,0.95024526,0.9991535,18.053986,0.9950034,0.81842667,393.792,81.94342,169.71603,1.0,2.724962,1.0549115,132.3706,-15.2588
2014-02-15,-38.976443448275305,155.17729660097757,104.99184353622807,104.99184353622807,26.98612621279762,0.15713808909970237,78.57695003776179,215.39999999999998,161.57540583949128,106.48478311032129,26.843195653789074,248.96972852657512,440.4863881696429,402.765535292662,7.8161184749852035,1.1914221,1.2899327,48.877277,38.66333,5.207099,89.17354,6.029869,10.392796,10.0,-0.08345929,0.91389847,0.84352916,0.82999676,1.0329244,0.9488808,13.346074,0.9630593,0.81842667,393.824,81.94342,169.71603,2.0,2.724962,1.3079606,132.3706,-15.2588
2014-03-15,-21.139856236271605,135.25723908075184,145.28190224386373,145.28190224386373,27.766094586478214,0.11168914141512955,66.72798935928249,98.19999999999999,181.89105297912587,133.088289779549,26.241222801964994,287.07908978572044,426.90225222785597,412.5502737543606,12.721799037461029,1.1611269,1.0797011,56.41182,37.032867,5.207099,89.17354,6.029869,8.087698,10.0,-0.09276054,0.5191075,0.81004524,0.778542,0.7879933,1.0688037,22.313276,0.9940925,0.81842667,393.985,81.94342,169.71603,3.0,2.724962,0.35767823,132.3706,-15.2588
2014-04-15,-45.28682984034302,125.42524802231983,97.36925529865317,97.36925529865317,27.846705555747302,0.04635822784674638,59.87334776735963,1.0,145.8502931609158,92.17021790153372,36.10001323082466,255.3196182843517,420.6092406176485,399.9005180578122,15.417025681600594,1.0414364,1.007071,52.39339,37.623352,5.207099,89.17354,6.029869,8.931318,10.0,-0.116142705,0.0627208,0.72625655,0.7716021,0.754381,0.9960683,22.953396,1.0356908,0.81842667,394.171,81.94342,169.71603,4.0,2.724962,0.0072564804,132.3706,-15.2588
2014-05-15,-27.452788364053635,106.24800033307949,70.18275278698738,70.18275278698738,25.21279147177419,0.04056219964381721,53.16256750736091,0.0,116.75011987264784,64.2922648738621,43.54509836577435,232.30971152163974,389.4411297715054,393.03743277315937,15.346767431829734,0.9948432,0.9931168,50.44128,36.239563,5.207099,89.17354,6.029869,10.371262,10.0,-0.13587251,0.0,0.44845876,0.75947595,0.75414765,1.0106544,24.126347,1.0469297,0.81842667,394.362,81.94342,169.71603,5.0,2.724962,0.0,132.3706,-15.2588
2014-06-15,-9.174503157122748,71.61066518762368,41.09883402592792,41.09883402592792,22.006507225,0.038289566986111113,41.06670679345807,0.0,90.0542791929861,38.90435924614844,51.8820347870616,222.73290814738195,356.6295771527778,389.6369056235356,15.847067988023019,0.9383131,0.87859976,45.2648,34.7117,5.207099,89.17354,6.029869,12.440964,10.0,-0.1472962,0.0,0.051196452,0.7782556,0.7541231,0.9926935,21.600658,1.0124053,0.81842667,394.76,81.94342,169.71603,6.0,2.724962,0.0,132.3706,-15.2588
2014-07-15,-2.770608846302048,64.72497138512793,31.63478673522234,31.63478673522234,21.605971308016624,0.03689706984317107,38.056820101857454,0.0,94.47039699129633,28.9796567852231,57.08551898834226,230.95502448377593,350.41540143381695,389.6136388328426,16.245297155420033,0.9499863,0.88550603,43.11925,35.838165,5.207099,89.17354,6.029869,14.268578,10.0,-0.15229318,0.4918827,0.014952571,0.7172025,0.7541266,1.0210445,22.206036,0.9809997,0.81842667,395.297,81.94342,169.71603,7.0,2.724962,0.00040863088,132.3706,-15.2588
2014-08-15,0.7538116386011784,56.95590799607342,28.499241551979217,28.499241551979217,21.787247592069892,0.03570713596774193,26.053596167838858,0.0,102.02112158512146,26.107280119450493,67.19451464870991,263.5365331570699,340.11591868279567,389.66954586743026,19.614048609973985,0.95953304,0.9174602,39.732994,37.555725,5.207099,89.17354,6.029869,15.990343,10.0,-0.15777622,0.025227983,0.038500424,0.44296905,0.75408864,1.0071255,24.911171,0.92071927,0.81842667,395.764,81.94342,169.71603,8.0,2.724962,4.1884814e-05,132.3706,-15.2588
2014-09-15,14.679492398592238,51.51866220827295,22.626852878359202,22.626852878359202,27.542435465277777,0.03542310199305555,25.197344657807168,0.0,123.5004932900061,21.4186906721999,81.16883236194414,289.4178572925625,377.64685444444444,391.8301399499006,28.220135363862607,0.8874811,0.8772204,35.90106,44.964294,5.207099,89.17354,6.029869,18.205305,10.0,-0.16053167,0.0,0.021651704,0.047370713,0.7532054,1.0656886,33.77538,0.9610143,0.81842667,396.004,81.94342,169.71603,9.0,2.724962,0.0,132.3706,-15.2588
2014-10-15,13.629895436963604,51.551502547992044,21.25660063234826,21.25660063234826,30.507070060483873,0.03521901288978495,28.379856761678013,0.0,141.51975512794382,19.4725191575305,98.26200980451036,314.4722737867944,405.82561465053766,385.0131053039488,32.22721779369575,0.9034539,0.83925396,34.24479,48.759644,5.207099,89.17354,6.029869,18.318226,10.0,-0.16146961,0.02720315,0.02277873,0.02126718,0.7494916,1.0480496,38.138794,0.9884247,0.81842667,396.005,81.94342,169.71603,10.0,2.724962,0.0015375926,132.3706,-15.2588
2014-11-15,54.99214495479918,39.73645593725911,47.121533837006,47.121533837006,30.902907715277777,0.08086487583650796,48.31994724956597,93.4,152.3034976548102,44.60547662904241,77.45467220294537,282.4652690968486,438.62541298611114,404.15981452476393,23.802244723450052,0.99066496,0.9272655,35.54991,48.343323,5.207099,89.17354,6.029869,16.145794,10.0,-0.17122512,1.65339,1.2403004,1.2083653,0.7985532,0.9873692,33.11038,1.0176684,0.81842667,395.962,81.94342,169.71603,11.0,2.724962,0.37575173,132.3706,-15.2588
2014-12-15,20.527490028000365,91.33989464008849,79.12039763979595,79.12039763979595,29.129729801846135,0.11113372603722321,69.31747335204933,233.999999,171.90577409668646,72.47976689404246,62.830156196446175,272.7603719252679,451.27558173154813,407.06850447266066,12.726332541128283,1.1426263,1.1053174,36.71959,43.533325,5.207099,89.17354,6.029869,12.731968,10.0,-0.14699355,1.237917,1.2529596,1.236516,0.9240564,0.9531689,19.12563,0.99857336,0.81842667,395.893,81.94342,169.71603,12.0,2.724962,1.15411,132.3706,-15.2588
2015-01-15,-10.861950308112828,136.78418934364083,109.86186756253343,109.86186756253343,28.042962392473118,0.15796078998655916,74.28905351464576,320.19999800000005,161.81696196133674,100.64108357655019,33.52578321539684,251.39309472201265,446.9068237903226,398.4056048347375,9.995149782304757,1.038835,1.2145041,36.842598,38.119995,5.0499806,81.55285,14.262,9.1621685,10.0,-0.10168139,0.9142671,1.1293681,1.0867751,0.9347444,0.95044756,13.810606,0.9754082,0.81842667,395.927,81.94342,169.71603,1.0,2.724962,1.2417797,132.3706,-15.2588
2015-02-15,-24.7465459272361,129.9882842019187,109.71640204600594,109.71640204600594,28.656724077380957,0.12003158941220239,64.55414030891544,193.0,172.1952095234605,111.27652284229507,26.630764699958263,279.4098316406711,433.4116314732143,411.51788208526887,14.294023975250667,1.1339663,1.0800086,48.705772,38.665558,5.0499806,81.55285,14.262,8.8343315,10.0,-0.115470536,0.70481867,0.95872176,0.98814416,0.8855083,1.1059705,21.728533,1.0162256,0.81842667,396.068,81.94342,169.71603,2.0,2.724962,0.78779703,132.3706,-15.2588
2015-03-15,-43.420275562797045,155.05840291550953,133.98462491768194,133.98462491768194,28.56581336021505,0.1015413586155914,63.76979735115799,92.2,179.59875842411546,122.73920090278688,23.587079518776314,289.5399934759348,426.16877688172036,415.72074417510964,14.531354487088171,1.1210116,1.0318438,55.9683,39.566956,5.0499806,81.55285,14.262,9.718651,10.0,-0.10297217,0.9229094,0.83697355,0.9752107,0.94330555,1.0791935,24.544273,1.0251098,0.81842667,396.189,81.94342,169.71603,3.0,2.724962,0.620106,132.3706,-15.2588
2015-04-15,-53.75362243856997,146.9687650655606,113.95259647131628,113.95259647131628,26.002884490651383,0.05533657413159867,50.495563139301524,0.0,155.0125106800021,107.86809054861945,27.746789805940303,274.59764373947144,393.42340694477076,407.7045708051353,17.01911120841,1.1130219,1.1033028,57.00095,35.723022,5.0499806,81.55285,14.262,8.46176,10.0,-0.10731608,0.023607438,0.74453163,0.9687122,0.9422143,1.0288473,26.954937,0.9840445,0.81842667,396.498,81.94342,169.71603,4.0,2.724962,0.0023287537,132.3706,-15.2588
2015-05-15,-42.45608323327376,128.88632140061233,77.84526021253927,77.84526021253927,23.156203887768815,0.040958761202956995,43.69622653010676,9.2,110.95000304091982,71.31165264989784,29.202898380551762,236.28012827721102,365.4852026881721,399.46908331626366,16.259906487959043,1.0869578,1.0869386,52.736496,35.43643,5.0499806,81.55285,14.262,11.653601,10.0,-0.12134462,0.8011062,0.8014157,0.9197709,0.944992,1.0635115,24.977003,0.9625275,0.81842667,396.934,81.94342,169.71603,5.0,2.724962,0.012602465,132.3706,-15.2588
2015-06-15,-24.404901488956526,108.44317448746315,52.4620387934561,52.4620387934561,22.298731749305553,0.04464977952083333,44.578748718264265,0.0,97.87185386854168,49.660824993682056,43.02394249869932,219.69625205962083,361.38836888888886,398.5285357534882,15.176264873353375,1.1254469,1.175745,51.04385,34.272858,5.0499806,81.55285,14.262,11.159693,10.0,-0.12464756,0.0,0.1163595,0.8067856,0.94497126,1.00294,21.594873,1.0507011,0.81842667,397.253,81.94342,169.71603,6.0,2.724962,0.0,132.3706,-15.2588
2015-07-15,-15.763863876474325,90.72721111182487,36.19056005593099,36.19056005593099,21.471171659946236,0.03678133610215054,36.62950927276848,0.0,98.74537099572142,33.15306083976712,56.553439094765935,231.19086320593215,350.81552271505376,397.5948607872598,16.480169813903746,1.0664762,1.0651032,46.367786,34.3804,5.0499806,81.55285,14.262,12.645063,10.0,-0.13362353,0.59024364,0.5302867,0.74180454,0.944989,1.0045935,22.13472,0.98853815,0.81842667,397.741,81.94342,169.71603,7.0,2.724962,0.0004535375,132.3706,-15.2588
2015-08-15,-6.120894675798851,79.88740793776684,27.87550933048999,27.87550933048999,23.693897420026882,0.03559854197580645,34.28226289736362,0.0,116.58447981216477,25.53589818297873,70.54964041359095,260.98500601676074,360.8831488575269,397.3016238156551,19.6189288260033,1.073684,1.048612,44.04872,38.763092,5.0499806,81.55285,14.262,15.154501,10.0,-0.14331198,0.021885403,0.044660494,0.7912822,0.94493514,1.0067303,25.971458,1.0079527,0.81842667,398.332,81.94342,169.71603,8.0,2.724962,3.9240866e-05,132.3706,-15.2588
2015-09-15,1.086159815671537,72.00701103163709,26.16098959100879,26.16098959100879,26.66061450694444,0.03496516323611111,24.410930800269593,0.0,131.86929787960955,24.764121936920976,85.27299322646732,296.1124097301139,373.5232636111111,398.04313131029267,27.04211126294498,1.0760616,1.0014094,39.39344,42.967407,5.0499806,81.55285,14.262,16.52175,10.0,-0.14554457,0.0,0.02511598,0.104544416,0.94495934,1.0376538,34.521095,0.9497614,0.81842667,398.528,81.94342,169.71603,9.0,2.724962,0.0,132.3706,-15.2588
2015-10-15,4.0426797020056,63.71363568408559,20.35995814733149,20.35995814733149,30.228487063172047,0.03503986581317205,33.421212253604715,0.0,147.10926819957595,18.651132508323084,98.46429733194724,301.6185623445296,414.0163435483871,395.35061666067793,29.470963772201216,1.0028716,0.9686173,36.246502,45.581116,5.0499806,81.55285,14.262,15.196243,10.0,-0.15389284,0.04593107,0.03805916,0.1331285,0.9439363,1.0289332,36.86527,0.9865887,0.81842667,398.574,81.94342,169.71603,10.0,2.724962,0.0027873074,132.3706,-15.2588
2015-11-15,-27.827633732436603,91.31525695626098,59.994715366938145,59.994715366938145,30.734912973025306,0.03597707111409222,48.38987554495732,40.2,159.76067903489823,56.79129383654299,79.46242748550002,305.34198276177204,434.6356810629034,403.15914324735496,23.53658801861247,1.1373279,1.052719,37.81867,46.6008,5.0499806,81.55285,14.262,14.304317,10.0,-0.16081746,0.96656716,0.7314323,0.713183,0.89958966,1.0151743,34.151363,1.020796,0.81842667,398.699,81.94342,169.71603,11.0,2.724962,0.22212031,132.3706,-15.2588
2015-12-15,-42.87111410159999,112.91698377719999,71.6468006194979,71.6468006194979,27.995575954720376,0.05340212067249233,72.21210497818383,639.4,125.90568845082787,65.63343413978495,47.55639065860215,207.7701080602151,450.60780272801986,405.9454178290441,10.771972531812196,0.8527765,1.074089,28.28668,41.09668,5.0499806,81.55285,14.262,11.218817,10.0,-0.15226991,2.2267976,1.8356925,1.8115131,1.1264513,0.8829709,17.673443,0.9686339,0.81842667,398.733,81.94342,169.71603,12.0,2.724962,2.344898,132.3706,-15.2588
2016-01-15,-81.9083277864,161.1606464748,101.65515259210956,101.65515259210956,28.955925399195813,0.06687954421425354,70.35752288891624,275.1,212.24798073088098,93.12316397849463,57.00958514784946,310.64142626953014,444.4219198183458,409.7407772458177,12.168575261143422,1.1592165,1.0975668,44.111645,41.08667,8.0685,90.244156,1.7427359,10.419701,10.0,-0.13435745,0.8906334,1.4470204,1.3927947,1.1224012,1.0622265,20.925718,1.0329785,0.81842667,398.849,81.94342,169.71603,1.0,2.724962,0.9670138,132.3706,-15.2588
2016-02-15,-66.44062464530097,141.70426689412545,99.44697440086414,99.44697440086414,29.586301021800406,0.0628340066089831,66.51273844641865,86.2,200.87524521618988,97.38310041106332,51.746636556759974,304.06976898111924,443.75832361438535,415.3627254743006,14.270986614226704,1.2731022,1.0978044,54.932102,40.802856,8.0685,90.244156,1.7427359,9.9671955,10.0,-0.11224641,0.25771564,1.1119202,1.0698204,1.014582,1.1154469,23.88552,1.0504425,0.81842667,399.134,81.94342,169.71603,2.0,2.724962,0.28783366,132.3706,-15.2588
2016-03-15,-50.78494036569741,145.86246950204438,96.31860532199065,96.31860532199065,29.115142379032257,0.0609810887701613,68.58863484850492,39.0,166.6272550410983,88.23451688248069,41.27166552600386,260.5197763163535,443.13621962365585,415.7095459396185,13.017349652783759,1.1241752,1.0622267,56.437294,39.07663,8.0685,90.244156,1.7427359,8.39678,10.0,-0.10483466,0.9106622,0.6556745,1.0421089,1.0097874,1.0103487,21.931332,1.0536684,0.81842667,399.386,81.94342,169.71603,3.0,2.724962,0.59803313,132.3706,-15.2588
2016-04-15,-27.397451804855063,115.42347801767946,69.65776510703732,69.65776510703732,28.23582248611111,0.043780963479166664,48.15232189453757,0.2,141.58980573005348,65.93838443928502,56.6821925016123,256.36888947589586,412.9641204166667,412.2590123102809,20.389628807942007,1.0697004,0.98871124,54.061382,38.181274,8.0685,90.244156,1.7427359,9.374897,10.0,-0.11527195,0.10388329,0.4813336,1.0367323,1.0114717,1.0400056,28.90824,1.0398182,0.81842667,399.735,81.94342,169.71603,4.0,2.724962,0.010212416,132.3706,-15.2588
2016-05-15,-14.170924056879919,101.54220668818911,44.69668336588111,44.69668336588111,27.106900668342448,0.04602370119173293,56.375833610399795,10.200000000000001,115.8636342076332,40.94525922436002,60.28988936344735,219.78775347184572,411.1701981709624,405.3529068623589,16.03232454696322,1.0640166,1.0621873,51.530304,37.545837,8.0685,90.244156,1.7427359,9.83058,10.0,-0.1275747,5.390281,0.8919009,1.059457,1.0273834,0.96655494,24.537817,1.1216788,0.81842667,400.239,81.94342,169.71603,5.0,2.724962,0.09171923,132.3706,-15.2588
2016-06-15,-11.556487957962123,78.06677049610585,29.708932410131027,29.708932410131027,24.96439461111111,0.03661528902083334,49.116594543365174,0.0,94.99289304270835,28.122622130207365,56.76367659724953,211.43066101896528,380.43528951388885,398.6855321971437,16.42162639395299,1.0701097,1.0682678,50.08231,36.062195,8.0685,90.244156,1.7427359,11.02603,10.0,-0.12704809,0.0,0.73806834,0.6591262,1.0273609,0.9969128,23.263948,1.1381189,0.81842667,400.787,81.94342,169.71603,6.0,2.724962,0.0,132.3706,-15.2588
2016-07-15,-6.597992179382869,64.30799635707375,28.070709771035254,28.070709771035254,22.638331937833616,0.036944075143924004,43.77806442353479,3.1999999999999997,97.49134918559736,25.714715312952546,63.94413951054778,227.23071247066937,357.84726194154456,400.3463148629237,15.723742202808412,1.0460359,1.0776019,46.274162,36.33667,8.0685,90.244156,1.7427359,14.022694,10.0,-0.14516522,8.641061,3.7100081,0.52243084,1.0286893,0.9954084,22.109035,1.014855,0.81842667,401.306,81.94342,169.71603,7.0,2.724962,0.0073111164,132.3706,-15.2588
2016-08-15,-5.7827912202,68.5718895816,28.845029638082817,28.845029638082817,24.605077020652995,0.037016898366810776,36.989342894774765,0.4,116.50537167234064,26.424045967741936,71.68016552419354,263.89249956958463,360.0705988121921,403.8546801298684,19.893478894001085,1.0724454,1.0837936,43.832867,39.31378,8.0685,90.244156,1.7427359,15.092937,10.0,-0.15108457,0.028606648,0.60028803,0.88799596,1.0286353,0.9874748,26.230337,1.0340924,0.81842667,401.608,81.94342,169.71603,8.0,2.724962,5.3711876e-05,132.3706,-15.2588
2016-09-15,11.4713409312,63.9197521884,25.76951182751875,25.76951182751875,29.888443766223038,0.04308458263318945,45.65389863269957,14.588235294117647,126.0132782403001,24.393547152777778,67.51709458333333,242.683783297373,422.34788825652765,409.6947101096485,23.57800644814568,1.10323,1.193105,39.778683,42.78003,8.0685,90.244156,1.7427359,12.999081,10.0,-0.16144952,11.181884,9.932734,1.92868,1.0694921,0.9102756,28.024174,1.0695441,0.81842667,401.767,81.94342,169.71603,9.0,2.724962,0.16678247,132.3706,-15.2588
2016-10-15,22.11716550156539,59.03554009109479,39.24463974612368,39.24463974612368,30.202407681099146,0.05634974941894616,38.33202414157182,13.600000000000001,154.48886861598962,35.950809468745916,92.26449225770558,285.6112550761843,417.55941761112916,413.4537181773036,27.25524466616497,1.1060064,1.0799222,39.16465,45.428894,8.0685,90.244156,1.7427359,15.528915,10.0,-0.17845756,0.7979661,2.4573133,2.6992602,1.0818762,0.9871769,32.69908,0.9708443,0.81842667,401.801,81.94342,169.71603,10.0,2.724962,0.049152195,132.3706,-15.2588
2016-11-15,23.29797104107353,39.321373826961334,36.50649496694915,36.50649496694915,31.48421113888889,0.05070598908333333,47.78229890103234,8.8,154.44706424313227,34.557228414701555,88.42772259050979,277.28568133458333,438.91081958333336,415.93281197277213,24.8833078993252,1.0276848,1.0129673,34.216763,46.624237,8.0685,90.244156,1.7427359,14.800224,10.0,-0.18362072,0.9039654,1.3096329,1.2907839,1.0784383,1.0101951,32.999237,1.0058626,0.81842667,401.532,81.94342,169.71603,11.0,2.724962,0.20549402,132.3706,-15.2588
2016-12-15,31.663980606598702,65.31546076719658,82.77948614604725,82.77948614604725,29.672010376344083,0.11897177985887097,63.52086850264706,163.59999900000003,166.896340143296,75.83174552267829,65.85908674139878,267.073570280254,448.2191322580645,418.23212671546145,15.625105144334839,0.88383335,0.8395602,30.907282,45.367767,8.0685,90.244156,1.7427359,14.761017,10.0,-0.1744325,0.9419444,0.9255391,1.045825,0.78215885,0.94866234,23.461079,0.9922643,0.81842667,401.333,81.94342,169.71603,12.0,2.724962,0.8835789,132.3706,-15.2588
2017-01-15,-3.2813010606582353,108.91491165437553,100.62595778037516,100.62595778037516,27.926670255376344,0.15740908340053766,79.13529702195237,221.8,158.2345195068137,92.18035021278692,38.81628970534186,235.30134411169357,450.49286001344086,409.0679197084657,8.054899489180524,0.96280015,1.1020242,38.053516,39.51001,7.7503233,71.513695,21.008614,10.477015,10.0,-0.14339544,1.7534784,1.3064749,1.3523182,1.0055115,0.91123337,12.718502,0.97794014,0.81842667,401.312,81.94342,169.71603,1.0,2.724962,2.2978938,132.3706,-15.2588
2017-02-15,-20.64419553533087,115.59055130449707,114.79156059458978,114.79156059458978,27.46756923850172,0.15090848181609073,77.1384469633844,163.6,167.80390329358306,116.4238479972245,33.467559703292714,255.51736514999132,441.66914877060844,412.9778287753044,8.586086127666245,0.9190451,1.0304322,41.20172,37.33499,7.7503233,71.513695,21.008614,9.028408,10.0,-0.121117525,0.8883186,1.2251048,1.2330253,1.1650575,0.92965317,13.852212,0.96428734,0.81842667,401.305,81.94342,169.71603,2.0,2.724962,1.3035883,132.3706,-15.2588
2017-03-15,-51.969830853267574,142.14232837587883,135.84448954422078,135.84448954422078,28.690975239929735,0.10767098071078339,74.52757972367958,135.6,188.87550568384188,124.44296578020466,37.866434975804445,276.85259849822717,442.996251260382,417.82429100885884,10.29308575017012,1.1078885,1.1452929,56.01652,39.003357,7.7503233,71.513695,21.008614,9.082109,10.0,-0.09753885,0.6819035,1.1811917,1.101859,1.127447,0.980777,18.620558,1.027615,0.81842667,401.409,81.94342,169.71603,3.0,2.724962,0.49929285,132.3706,-15.2588
2017-04-15,-58.87883097645344,129.59004697442805,103.93224165511452,103.93224165511452,26.946303125,0.047819219013888886,57.90498971637295,0.0,144.24756333277776,98.38277319636921,36.3664172104138,249.89900037600694,410.6846826388889,406.99916954464214,15.3213877182403,1.0435718,1.1441978,54.257095,35.756653,7.7503233,71.513695,21.008614,8.120031,10.0,-0.10425384,0.14910759,0.77387345,1.0828104,1.1282905,0.9917217,24.703619,0.9975937,0.81842667,401.665,81.94342,169.71603,4.0,2.724962,0.01734875,132.3706,-15.2588
2017-05-15,-43.49733204727489,109.69009244016638,66.37115055073488,66.37115055073488,24.641768877688165,0.038687632063172044,50.36145794933685,0.0,114.91293233252689,60.800573100090766,47.30750242304216,232.94366049065857,379.83056962365583,401.20739420081657,15.706930317089775,1.125795,1.1252841,54.212975,35.305664,7.7503233,71.513695,21.008614,10.273699,10.0,-0.11774831,0.0,0.59793437,1.0926746,1.1096016,1.0286518,24.879934,1.0130819,0.81842667,401.902,81.94342,169.71603,5.0,2.724962,0.0,132.3706,-15.2588
2017-06-15,-33.51896986767508,90.14545838568299,40.402966145857306,40.402966145857306,21.402570478305336,0.03609161469919136,45.9994601833505,0.0,92.66339123769588,38.245647274489,54.30381713767541,217.7847167087765,355.39654565238664,397.8123325502233,13.983279439978014,1.1379025,1.1202643,52.042896,32.802216,7.7503233,71.513695,21.008614,10.888609,10.0,-0.12152976,0.0,0.1217105,1.1368079,1.1095773,1.0009806,21.050592,0.99617046,0.81842667,402.207,81.94342,169.71603,6.0,2.724962,0.0,132.3706,-15.2588
2017-07-15,-22.225048572600002,85.660611606,35.070248720247804,35.070248720247804,23.881514429672684,0.03513654186108497,49.89761997572002,0.0,97.50120566733655,32.12677802419355,60.02162022849462,219.00387498968243,376.4754474674773,398.6814446381817,15.130998302079536,1.1058056,1.1387683,48.05467,36.092712,7.7503233,71.513695,21.008614,11.925701,10.0,-0.13527608,0.58704126,0.017845262,0.7642501,1.1082518,0.99631304,22.663717,1.0991323,0.81842667,402.838,81.94342,169.71603,7.0,2.724962,0.0005056618,132.3706,-15.2588
2017-08-15,-27.9348487776,91.29003176340001,33.66062577437235,33.66062577437235,23.91092222348318,0.03485470899691093,37.798804533765605,0.0,114.20376635083318,30.835465725806447,75.93295887096775,264.54695888265326,355.26549029837355,399.6551220858202,18.818876542393603,1.0877049,1.1344457,45.26191,39.90036,7.7503233,71.513695,21.008614,15.83441,10.0,-0.14011095,0.03833482,0.047457863,0.59056306,1.1081947,1.0248598,28.535412,1.0274793,0.81842667,403.397,81.94342,169.71603,8.0,2.724962,6.923218e-05,132.3706,-15.2588
2017-09-15,7.728836885363375,63.00601447762915,34.85818085890836,34.85818085890836,27.929061352105762,0.03593539767618305,33.68662253450676,2.2,138.36943068329293,32.99692614020739,86.75077982441594,285.73682448300025,384.35051553390156,400.7817060137072,25.6042024983792,1.0527644,1.1181744,39.976276,43.514496,7.7503233,71.513695,21.008614,15.968477,10.0,-0.1466418,0.0,0.026689151,0.10940623,1.0673925,1.0332017,33.961155,0.9892794,0.81842667,403.611,81.94342,169.71603,9.0,2.724962,0.0,132.3706,-15.2588
2017-10-15,34.53997438061907,45.28580978660758,34.47762634680215,34.47762634680215,31.52069856854839,0.04558521505376345,40.43678092687273,2.4000000000000004,155.41184294537086,31.58389486428978,96.72463041463233,294.1867531012836,430.0523983198925,412.1685351983895,28.444304845706146,1.0660642,1.1786472,38.33549,46.385284,7.7503233,71.513695,21.008614,14.408592,10.0,-0.158568,0.3997083,0.32825506,0.2683022,1.0584652,0.9952192,37.158634,1.0382746,0.81842667,403.738,81.94342,169.71603,10.0,2.724962,0.027365595,132.3706,-15.2588
2017-11-15,33.14549071098304,42.99741085540071,47.00394090517331,47.00394090517331,29.927122847222225,0.06725972389583333,53.93488929437739,28.400000000000002,147.40698502580997,44.49416257906375,85.59129939867728,263.7596572813139,437.2385313888889,415.0947074170295,20.0310467940448,0.9598422,1.0405215,33.39704,45.176697,7.7503233,71.513695,21.008614,14.565031,10.0,-0.17508788,1.679142,1.3383783,1.304075,1.1098053,0.9750245,27.327854,0.9675439,0.81842667,403.846,81.94342,169.71603,11.0,2.724962,0.44893545,132.3706,-15.2588
2017-12-15,27.134659118883604,56.304218093084145,67.16340110247855,67.16340110247855,30.151085215053765,0.08187996503360216,58.82087608355929,27.0,168.6192983004795,61.526329504570406,81.24502693729653,280.79869974551747,440.0134610215054,415.69327195114545,18.144811194646568,1.1394334,1.0285528,39.006546,45.38147,7.7503233,71.513695,21.008614,14.520115,10.0,-0.18204142,0.4313824,0.68930006,0.68045115,0.9916125,1.0578033,26.902384,1.0005184,0.81842667,403.857,81.94342,169.71603,12.0,2.724962,0.4024848,132.3706,-15.2588
2018-01-15,8.547999103781274,96.5173849460048,103.47090700315823,103.47090700315823,27.673766350806453,0.13973460735215054,77.23775369898189,320.99999699999995,146.27825098717202,94.7865208419015,49.278698496267815,229.62435568405576,449.81050591397843,415.6592296103668,8.655258728537321,0.91112345,0.96643454,35.919777,42.53,7.7335153,72.06261,21.023125,13.65522,10.0,-0.16768566,1.5979557,1.1144361,1.0843704,0.9533947,0.8797945,14.592167,0.97261083,0.81842667,403.901,81.94342,169.71603,1.0,2.724962,2.2315145,132.3706,-15.2588
2018-02-15,-23.801986788925454,110.76264000472683,102.97519207783816,102.97519207783816,28.296321875,0.13211131423363096,73.97307515650705,95.599999,173.12695940764965,104.43945572180213,41.964624669880614,263.5941438061466,442.68490528273816,409.96248983673604,10.27242011093437,1.0119555,1.1126307,46.20457,38.22,7.7335153,72.06261,21.023125,8.841919,10.0,-0.114915885,0.64238524,0.9235983,0.96741456,0.8950582,1.0134057,16.844992,1.0007888,0.81842667,403.963,81.94342,169.71603,2.0,2.724962,0.92299086,132.3706,-15.2588
2018-03-15,-47.94039048012133,141.66673200004868,128.13789985144695,128.13789985144695,28.335594615942593,0.10339842804984091,67.84933957103064,84.8,172.6093245907723,117.38319559270839,31.608038921224995,272.50497961165655,429.47404632592537,414.01745476360827,12.719164064040344,1.1145425,1.0920593,55.654247,37.5325,7.7335153,72.06261,21.023125,8.140141,10.0,-0.11207297,0.33406112,0.9475066,0.8665672,0.8404289,1.0497537,21.728142,1.0094509,0.81842667,404.055,81.94342,169.71603,3.0,2.724962,0.23194635,132.3706,-15.2588
2018-04-15,-60.37835144126777,126.32117931967309,103.24394367162792,103.24394367162792,27.983597935116926,0.04400911470834056,56.23792087933388,0.2,153.38520921663718,97.7312269261984,36.41901998573166,267.3688334553093,407.09585816304275,414.37467704989837,16.952202994495106,1.104526,1.0806869,56.47501,38.273285,7.7335153,72.06261,21.023125,9.735905,10.0,-0.114218764,0.0,0.49708277,0.8531192,0.83678854,1.0607944,28.90685,1.0301082,0.81842667,404.316,81.94342,169.71603,4.0,2.724962,0.0,132.3706,-15.2588
2018-05-15,-49.21688960571326,113.79530546804543,65.06456861514523,65.06456861514523,23.701879720632615,0.03732112205679035,41.841531200365516,0.0,109.8651823828332,59.603653507362736,45.63712658138292,239.7084116818706,364.1642584250415,399.56512028436345,17.370775844317674,1.0620661,1.0503896,52.08253,35.92566,7.7335153,72.06261,21.023125,11.721916,10.0,-0.1241897,0.0,0.28325108,0.79126656,0.8367886,1.0282053,25.89229,0.97956246,0.81842667,404.557,81.94342,169.71603,5.0,2.724962,0.0,132.3706,-15.2588
2018-06-15,-28.35457013039085,87.52233429919619,35.434362624992346,35.434362624992346,22.42513107169177,0.03583475704902242,43.768179166325645,0.0,93.55716803804845,33.542342645324545,52.363927345454975,216.8430867973251,359.0315891052032,397.4024159158343,15.519692461482359,1.0443877,1.0133345,50.15692,34.353027,7.7335153,72.06261,21.023125,11.956659,10.0,-0.124968,0.0,0.0,0.90781367,0.8367703,1.0198522,21.932829,1.0181162,0.81842667,404.832,81.94342,169.71603,6.0,2.724962,0.0,132.3706,-15.2588
2018-07-15,-9.861903801583654,70.1571585519007,29.25258934906742,29.25258934906742,22.979255196908603,0.034809042392473115,35.158511101751046,0.0,95.38782699150892,26.797398904895392,59.03459786714026,227.37738040105512,355.43134684139784,399.30390428856106,18.52162971447681,1.0274348,1.0315872,46.20427,36.456696,7.7335153,72.06261,21.023125,13.871061,10.0,-0.13552588,0.35507122,0.010793686,0.4908929,0.83673334,1.01681,24.576788,1.0272102,0.81842667,405.333,81.94342,169.71603,7.0,2.724962,0.00031673294,132.3706,-15.2588
2018-08-15,-3.4299215858632497,63.241077740197156,24.639497420082307,24.639497420082307,23.776903776881724,0.0341222022983871,30.14466488137966,0.0,113.65871099972018,22.571487033271335,72.69897840227847,258.11852239752017,356.65992372311825,399.9651781353051,20.96102382016455,1.0738008,1.0479494,44.71324,39.579224,7.7335153,72.06261,21.023125,16.426773,10.0,-0.14130005,0.006702536,0.025680553,0.27980202,0.83667314,1.0084385,27.12923,0.98847806,0.81842667,405.804,81.94342,169.71603,8.0,2.724962,1.1803126e-05,132.3706,-15.2588
2018-09-15,8.532396575420426,53.93892781563657,21.635647538595656,21.635647538595656,28.378987923611113,0.03415686433333333,29.847383631525528,0.0,133.34795647929076,20.480410802738547,89.70207913761917,286.57869480884654,389.94234625,400.18756828636265,27.825173502490372,1.0046777,1.0400249,38.628147,44.209137,7.7335153,72.06261,21.023125,16.323055,10.0,-0.14539431,0.0,0.014442121,0.0018701018,0.8366946,1.0232648,34.909134,1.0014924,0.81842667,406.019,81.94342,169.71603,9.0,2.724962,0.0,132.3706,-15.2588
2018-10-15,32.71668940935649,49.67923391889528,36.992015880523525,36.992015880523525,31.168477580645163,0.05632200903225808,40.49667653790299,39.400000000000006,155.79802772641452,33.887249912056646,91.63527485974109,290.7336538851143,425.7148471774193,408.364388048748,27.835723912758972,1.0176214,1.0685238,38.19395,45.139954,7.7335153,72.06261,21.023125,13.658455,10.0,-0.16415869,1.3263757,1.086932,0.87908554,0.852652,0.9929057,36.478848,1.0221958,0.81842667,406.061,81.94342,169.71603,10.0,2.724962,0.08602831,132.3706,-15.2588
2018-11-15,22.860957840308625,67.39145557840426,62.907462731971165,62.907462731971165,31.19633400694444,0.08133950665277777,53.898535366248254,152.79999999999998,174.9523838991458,59.54851487622086,81.07960030624999,286.2237005774354,447.5515513888889,416.5505510464328,21.601558037387893,1.1088638,1.2488707,37.661602,44.59668,7.7335153,72.06261,21.023125,12.539257,10.0,-0.15176003,1.6486316,1.511748,1.472259,0.8511738,0.95976245,30.163254,1.01324,0.81842667,405.977,81.94342,169.71603,11.0,2.724962,0.35035592,132.3706,-15.2588
2018-12-15,-9.36883712950804,117.52771936855545,111.69330984651413,111.69330984651413,31.09622302589549,0.09034734294201455,60.32509523040031,117.0,191.2934023184527,102.31881161865557,51.45578291928271,299.2619293369361,448.63328436467503,420.5232799325103,18.481508683763987,1.4498076,1.3943714,45.572517,43.831818,7.7335153,72.06261,21.023125,11.372116,10.0,-0.13687977,0.4885896,0.77956253,0.7693446,0.863758,1.0750732,30.145454,1.0523366,0.81842667,405.915,81.94342,169.71603,12.0,2.724962,0.43621305,132.3706,-15.2588
2019-01-15,-32.137389902356944,145.127828231487,105.04683934440867,105.04683934440867,29.449981995967743,0.09830077942876345,68.04652404554638,198.4,188.58582116044647,96.23018407087855,54.30154101558704,285.21638676888443,446.5038816532258,415.31760844246503,13.507790985427874,1.2478164,1.0730292,46.278084,45.200012,7.7773876,71.09109,22.685537,14.406908,10.0,-0.12194386,0.63006425,0.687297,0.7033619,0.6163499,1.0573996,21.663708,1.0372272,0.81842667,405.904,81.94342,169.71603,1.0,2.724962,0.68334574,132.3706,-15.2588
2019-02-15,-43.85825089525846,151.48300968364222,114.49786795412214,114.49786795412214,29.789987298225522,0.11434472487813288,65.10945898685279,166.60000000000002,196.82986502219427,116.12597917172373,40.63047778447349,295.0548096975392,443.2786650014765,410.6767197024404,15.04935909135704,1.3610098,1.0367649,55.86375,39.168488,7.7773876,71.09109,22.685537,8.398226,10.0,-0.11062923,0.450719,0.532868,0.6378766,0.57051986,1.0897969,22.722832,1.0482147,0.81842667,405.838,81.94342,169.71603,2.0,2.724962,0.45765123,132.3706,-15.2588
2019-03-15,-47.63749753204354,143.2061995613871,100.91437347793581,100.91437347793581,30.25843310187755,0.05718322325387104,55.63919470510326,16.2,171.63760977179012,92.44455897754753,50.29047917039307,282.8816470115533,437.13809065970275,421.3249492457309,19.670928024882034,0.9952899,0.907341,51.668823,41.77002,7.7773876,71.09109,22.685537,10.899218,10.0,-0.11393045,0.42394194,0.5150896,0.6029207,0.58229417,1.0744269,27.384426,1.0602264,0.81842667,405.974,81.94342,169.71603,3.0,2.724962,0.27402112,132.3706,-15.2588
2019-04-15,-13.912275144681326,100.35166618938574,81.00330009143784,81.00330009143784,28.451975789131513,0.055530343397413764,49.58154992523925,18.0,133.34064111341792,76.67812388285179,49.61296168612296,245.21907133023956,421.2438056786454,412.24888438416167,20.085173798034816,0.8858713,0.9469452,48.74366,38.46399,7.7773876,71.09109,22.685537,10.000864,10.0,-0.13264659,1.1229584,0.4785311,0.60052913,0.6084077,0.9739373,26.418884,1.0274279,0.81842667,406.381,81.94342,169.71603,4.0,2.724962,0.12492143,132.3706,-15.2588
2019-05-15,-43.42209956159796,116.59991144804901,50.05421373906922,50.05421373906922,25.93409683703553,0.03957063604060424,41.01044551685233,2.2,110.83816037634183,45.85312829681162,65.23399903456004,233.47722537121592,392.80577860302395,411.8677361469044,20.195534263117956,0.9163939,0.9175928,46.176655,37.371002,7.7773876,71.09109,22.685537,11.659691,10.0,-0.1359098,0.31171352,0.5143094,0.5245774,0.60948855,0.9785383,24.986698,1.0405761,0.81842667,406.887,81.94342,169.71603,5.0,2.724962,0.0048770923,132.3706,-15.2588
2019-06-15,-11.560892390146012,71.00308833291733,31.492536398152836,31.492536398152836,22.36405011167627,0.03640731465545916,35.62163011367473,0.0,90.10885147017376,29.81099047318974,71.11453582096827,222.18166927595692,361.51866568590043,412.8412690839604,17.700776013792538,0.85770994,0.90534836,43.288345,35.2265,7.7773876,71.09109,22.685537,13.029812,10.0,-0.13902701,0.0,0.9544036,0.53349334,0.6094752,0.9952683,22.732346,1.0090392,0.81842667,407.419,81.94342,169.71603,6.0,2.724962,0.0,132.3706,-15.2588
2019-07-15,6.407326620523292,55.69435405003556,22.0094188342169,22.0094188342169,22.803295440315964,0.03576776267123722,32.720598573849536,0.0,95.59550674429306,20.16215279705592,71.94623862339249,236.83928816811664,355.7853691407989,414.26850812126213,19.00968611519836,0.9341082,0.88173264,42.55526,37.054016,7.7773876,71.09109,22.685537,14.800016,10.0,-0.14334047,0.9726027,0.22892088,0.4753539,0.60957795,1.0145904,24.523909,1.0121272,0.81842667,408.011,81.94342,169.71603,7.0,2.724962,0.00079548307,132.3706,-15.2588
2019-08-15,9.524888207637504,50.79675181415112,20.223265983568165,20.223265983568165,23.61133520792797,0.03509389307221414,27.480920800802828,0.4,112.35632497408612,18.525913014218506,84.14147645366108,265.96272270753,351.98321137001176,413.56045802951104,21.539489151275408,0.936251,0.90612775,39.700874,39.33145,7.7773876,71.09109,22.685537,15.996347,10.0,-0.14914206,0.031722803,0.07279528,0.5083971,0.6095552,0.98897994,27.633966,0.9962763,0.81842667,408.514,81.94342,169.71603,8.0,2.724962,5.3421798e-05,132.3706,-15.2588
2019-09-15,19.067940864088186,43.62827454627168,16.79483998384159,16.79483998384159,27.614449271732358,0.0347537232345476,27.810967520692643,0.0,133.7384466585653,15.898078466185853,98.36611507854347,298.83360248387856,376.689855921485,411.6678618819875,27.352092412548487,0.9429047,0.8905295,36.571045,44.06778,7.7773876,71.09109,22.685537,17.238962,10.0,-0.1500349,0.0,0.0409383,0.8361194,0.6095708,1.0318198,33.951538,0.9635221,0.81842667,408.76,81.94342,169.71603,9.0,2.724962,0.0,132.3706,-15.2588
2019-10-15,18.49607463205571,49.23704586112012,21.701241937414288,21.701241937414288,30.827414652175715,0.03521160230874256,28.46721480756389,0.2,144.49291961696525,19.87984140443537,101.95445915689908,310.09745244151685,404.0537565822905,412.6661520246313,32.80004892556906,0.88196075,0.8500109,33.285866,48.34311,7.7773876,71.09109,22.685537,17.695879,10.0,-0.15431273,0.58577645,0.48058686,0.43197986,0.594964,1.0446533,41.559708,0.99510735,0.81842667,408.908,81.94342,169.71603,10.0,2.724962,0.033013623,132.3706,-15.2588
2019-11-15,11.727311021999999,58.7538349218,27.686938131724812,27.686938131724812,32.52157131611617,0.0373263593959369,34.084918871010174,7.4,152.80274283299465,26.208592361111112,91.136465625,299.6695263274803,432.2175781949622,417.7680590141294,33.36862228260621,0.95865273,0.8638585,32.56064,49.21573,7.7773876,71.09109,22.685537,16.35128,10.0,-0.16752511,0.1599727,0.24344075,0.23890625,0.49796414,1.0520357,41.369007,1.0387477,0.81842667,408.94,81.94342,169.71603,11.0,2.724962,0.032092467,132.3706,-15.2588
2019-12-15,7.712332285527004,64.69482856262384,26.6227565419357,26.6227565419357,33.55313875906371,0.03813679550829975,40.576102787933785,10.600000000000001,152.16521596735546,24.388289819031304,90.50622985989799,287.9015008636257,446.91059359479544,422.8736653057252,31.934110163743114,0.9312065,0.7225096,34.94608,51.635986,7.7773876,71.09109,22.685537,18.153194,10.0,-0.18124679,0.105581015,0.14524819,0.14385517,0.40952542,1.1347992,38.76546,1.0855049,0.81842667,408.705,81.94342,169.71603,12.0,2.724962,0.082029566,132.3706,-15.2588
2020-01-15,15.147037315571845,83.06815877314006,79.98471319389533,79.98471319389533,29.902364173387095,0.1125330362567353,66.0260160827533,242.60000000000002,173.9920597524792,73.2715398344316,67.951946731493,272.77657296661806,451.6105068799953,421.486982599691,14.751714933229408,0.8104673,0.5972836,33.08767,39.256653,8.276358,90.6552,1.1204469,8.094683,10.0,-0.18635303,0.6219403,0.3499007,0.3552322,0.4081735,1.0115674,22.157793,1.049652,0.81842667,408.43,81.94342,169.71603,1.0,2.724962,0.66581386,132.3706,-15.2588
2020-02-15,-43.331960867568675,150.70417298266784,114.01704078840172,114.01704078840172,29.337145093390806,0.12281027806752874,69.83131481724521,183.999999,165.33313210263242,111.65078674905111,28.111007494469263,254.40067372556035,449.57438627873563,420.8875838070004,12.668242843494108,1.0797544,1.1070348,45.662144,42.299988,8.276358,90.6552,1.1204469,11.729301,10.0,-0.109876394,0.7257751,0.50221246,0.47382724,0.47767636,1.0028728,19.212519,1.0414159,0.81842667,408.502,81.94342,169.71603,2.0,2.724962,0.796903,132.3706,-15.2588
2020-03-15,-73.26386794728418,178.78356551737926,132.35176821780152,132.35176821780152,28.89965260752688,0.08975830869623656,60.59897493653256,115.2,181.87184814933465,121.2433910167256,27.302218069206784,288.1203482818623,426.51467688172045,426.87034425543766,16.12051540942388,1.2819191,1.2018253,59.67314,37.684967,8.276358,90.6552,1.1204469,8.135876,10.0,-0.08096182,0.2791165,0.58290213,0.44231835,0.45462456,1.0671886,24.367882,1.0148336,0.81842667,408.755,81.94342,169.71603,3.0,2.724962,0.18655545,132.3706,-15.2588
2020-04-15,-51.89969519570382,147.305266687359,88.4410071440573,88.4410071440573,28.531302298611113,0.057375749729166675,55.13656034495274,31.6,149.848838446259,83.71869410827894,43.328633788149126,257.53405630779446,416.75742041666666,421.0610522616316,17.957010910418862,1.1232752,1.1846504,57.582806,39.22104,8.276358,90.6552,1.1204469,10.169643,10.0,-0.10183795,1.5702891,0.6138618,0.46589044,0.46498492,0.9938626,27.311121,1.0486625,0.81842667,408.983,81.94342,169.71603,4.0,2.724962,0.17389417,132.3706,-15.2588
2020-05-15,-40.137220628096586,118.33414760275215,45.95028306499871,45.95028306499871,23.9519557594086,0.04499483721102151,40.85275953145658,12.4,102.14543714045699,42.093643417070204,54.36366980633093,222.1052342619489,374.4379633736559,410.22639416378667,17.94012845353866,1.0177066,1.0271087,50.899666,36.150024,8.276358,90.6552,1.1204469,12.073256,10.0,-0.12055717,2.9796946,0.5032152,0.49798575,0.47423536,0.97492445,24.31617,0.9744236,0.81842667,409.249,81.94342,169.71603,5.0,2.724962,0.04503701,132.3706,-15.2588
2020-06-15,-29.48171716727812,97.01085020356274,28.17779648067126,28.17779648067126,23.566868026625116,0.038643126631443356,37.82998519158408,0.0,94.4169954538467,26.673241298215665,61.01625624488765,222.57091432183282,361.17510950196225,408.90876715104304,18.41507640407728,0.9924291,0.99418974,48.122826,36.315216,8.276358,90.6552,1.1204469,12.833797,10.0,-0.1253053,0.0,1.6428864,0.62730706,0.47422495,1.0053122,24.396416,1.0674416,0.81842667,409.679,81.94342,169.71603,6.0,2.724962,0.0,132.3706,-15.2588
2020-07-15,-26.96672261212023,87.3520704305526,21.262672558952424,21.262672558952424,22.437930309207058,0.03519315081514503,29.46909927360852,0.0,93.79321468910183,19.478081463054686,69.17347511264357,238.20143823043438,344.643620163463,409.0298716514558,19.481651577806463,1.0009499,0.9315548,44.78159,37.18631,8.276358,90.6552,1.1204469,15.029476,10.0,-0.13324988,0.19996592,1.9117296,0.6303821,0.47409844,1.0045345,24.659536,1.0077081,0.81842667,410.205,81.94342,169.71603,7.0,2.724962,0.00014291405,132.3706,-15.2588
2020-08-15,-15.557903644459358,82.83205865288888,16.399190354508647,16.399190354508647,26.05204372311828,0.03488454624327957,35.10447730968219,0.0,118.16457246873802,15.022794748290927,83.48938718272731,260.4916032067271,374.39202237903226,409.74710370801574,22.377022428866955,0.97273755,0.93150645,42.12655,37.736664,8.276358,90.6552,1.1204469,12.217501,10.0,-0.1456048,0.012282391,0.01602342,0.49669132,0.47406358,1.0020297,29.358864,1.0895232,0.81842667,410.657,81.94342,169.71603,8.0,2.724962,2.0546497e-05,132.3706,-15.2588
2020-09-15,-3.6080586081530694,71.56965892056645,21.04118687166261,21.04118687166261,29.726904895833336,0.038390650854166666,36.601188181452144,10.0,139.2878416486797,19.917691399811496,93.79145992111981,281.72369793827085,409.5049784722222,408.3173463248132,27.243981953191728,0.9791785,0.9688524,37.886223,44.31778,8.276358,90.6552,1.1204469,14.727945,10.0,-0.14741193,1.3854628,1.1978732,1.5852616,0.47913474,0.9731742,33.45804,1.0626804,0.81842667,410.95,81.94342,169.71603,9.0,2.724962,0.017438611,132.3706,-15.2588
2020-10-15,-4.953268515876897,75.05632155441842,29.321583468918085,29.321583468918085,30.62060241263441,0.054158629321236565,44.22311729676114,23.799998999999996,150.76054390689234,26.860602299633147,96.50631809529031,281.96844046755376,427.8979380376344,410.4745126916619,25.266407930102176,1.0101383,1.0152882,36.667706,47.584656,8.276358,90.6552,1.1204469,16.307081,10.0,-0.16546433,3.3065522,2.932938,2.735701,0.52885437,0.9581643,33.862606,1.0155745,0.81842667,411.044,81.94342,169.71603,10.0,2.724962,0.22077692,132.3706,-15.2588
2020-11-15,-1.7190193280459924,68.93292752604262,41.454820444687,41.454820444687,32.36340691666667,0.055001701298611115,43.66007133888249,45.199999999999996,167.189314616807,39.241337748103405,95.6983788414679,298.53008725354164,441.8932805555556,412.7566518656869,28.26031622994383,0.9916561,0.95424616,35.79341,48.086304,8.276358,90.6552,1.1204469,15.077164,10.0,-0.17010938,0.627382,1.2260677,1.1939136,0.5597446,1.0222397,36.667152,1.0433209,0.81842667,410.966,81.94342,169.71603,11.0,2.724962,0.13386805,132.3706,-15.2588
2020-12-15,9.832925193850421,94.34001454386528,77.55603897903435,77.55603897903435,28.400895472159963,0.12470709958066675,72.20650284421417,255.6,152.42566388533825,71.04670595839256,54.81439367005007,240.6743574278658,450.56802431918874,419.852957533122,11.03837690477473,0.9002646,0.94184977,30.712875,42.00003,8.276358,90.6552,1.1204469,12.0242,10.0,-0.16144532,1.6526778,1.5368253,1.5322987,0.9152405,0.9025219,17.769457,0.97181,0.81842667,410.854,81.94342,169.71603,12.0,2.724962,1.7586364,132.3706,-15.2588
2021-01-15,-29.592438171496585,134.89631311300562,104.63840936962346,104.63840936962346,29.281884477938224,0.12050716602346213,68.16482712542637,74.999998,175.90743181876147,95.85603391177871,44.92572286991894,262.36132448988826,449.25226452499356,416.1027426451624,13.324260835755341,0.9035135,1.1402686,36.667915,42.370026,8.276358,90.6552,1.1204469,12.118454,10.0,-0.12885535,0.7078481,1.0850052,1.1579854,0.9389867,1.0548149,19.744106,1.0189863,0.81842667,410.794,81.94342,169.71603,1.0,2.724962,0.85078245,132.3706,-15.2588
2021-02-15,-24.363135494710747,140.9181802262969,93.69317112554464,93.69317112554464,27.450530952380955,0.16577501,78.19700980300546,399.999999,153.75030498749004,95.02544836046475,31.90406566355055,233.6349219074323,446.36049479166667,419.589306981764,8.180146155923149,0.8516682,1.3045605,39.328903,37.636658,8.276358,90.6552,1.1204469,9.037628,10.0,-0.07427442,1.7635311,1.3790486,1.361215,1.1994777,0.9312182,12.3076315,0.9742498,0.81842667,410.813,81.94342,169.71603,2.0,2.724962,2.6917489,132.3706,-15.2588
2021-03-15,-40.512109626232075,171.5477801442432,122.40595233683085,122.40595233683085,28.145283172043012,0.13709821925403226,72.84019809673285,7.800000000000001,180.71177827063175,112.13233447343494,33.38518160710664,272.1787314878058,437.50597876344085,422.66037527029243,10.623215946376899,1.1120026,1.2013971,54.231956,36.86203,8.276358,90.6552,1.1204469,7.5668716,10.0,-0.08302742,0.53337324,1.0675167,1.2238824,1.2339954,0.99274874,18.456541,1.0061126,0.81842667,410.97,81.94342,169.71603,3.0,2.724962,0.40530518,132.3706,-15.2588
2021-04-15,-65.11627351329227,157.12183672026964,102.29570005947792,102.29570005947792,26.814067256944444,0.05721505627777778,55.133016936558924,0.0,149.70785300743054,96.83361484025271,31.09947615734627,263.09891436822915,400.12817236111107,421.59525436627104,16.200602045664937,1.1901625,1.191944,59.758823,36.060028,8.276358,90.6552,1.1204469,8.528074,10.0,-0.09381261,0.15330891,1.236713,1.1562238,1.2006735,1.0238775,26.936918,0.99381554,0.81842667,411.088,81.94342,169.71603,4.0,2.724962,0.016821237,132.3706,-15.2588
2021-05-15,-61.551145858815474,142.83610719854343,74.08452517921825,74.08452517921825,23.700242258064517,0.03931941900537634,48.8423536586103,0.0,115.74285911061827,67.86655875885971,39.937403487228266,239.45299952843413,367.33423857526884,411.39962104677994,15.278228435867456,1.1190913,1.1520548,53.444183,34.872498,8.276358,90.6552,1.1204469,10.613455,10.0,-0.1258263,0.0,0.4725517,1.1910853,1.1903425,1.0403908,24.544575,0.9818005,0.81842667,411.254,81.94342,169.71603,5.0,2.724962,0.0,132.3706,-15.2588
2021-06-15,-44.98180675655492,121.8368232366515,41.86875638366288,41.86875638366288,22.555124119444443,0.037429662875,50.02247236712582,0.0,94.22931634125,39.63317155206607,45.715433999689694,203.67818596506388,370.9579096527778,407.85829360241155,13.905355654268579,1.1219758,1.1440712,51.08975,33.082,8.276358,90.6552,1.1204469,10.064924,10.0,-0.12780301,0.23317362,0.13972393,1.0286496,1.1907337,0.98290116,20.612993,1.0463331,0.81842667,411.64,81.94342,169.71603,6.0,2.724962,0.0021787756,132.3706,-15.2588
2021-07-15,-33.04276696558955,112.55770339627703,38.77366573857198,38.77366573857198,23.389412922831404,0.03650206751851018,38.600918870139616,0.0,96.05593840163054,35.519364641636884,54.36478115646914,227.5673930640815,358.4032025364475,408.59534552735187,17.988696237029128,1.0776463,1.1229734,46.788517,36.575623,8.276358,90.6552,1.1204469,13.276783,10.0,-0.13852914,0.21492897,0.08349382,1.222034,1.1907381,1.0277724,25.748425,1.0596472,0.81842667,412.152,81.94342,169.71603,7.0,2.724962,0.00016564497,132.3706,-15.2588
2021-08-15,-35.789377248,120.45897001259999,37.77837314965764,37.77837314965764,24.99193599584206,0.03782723366967949,34.56382727592816,0.0,106.5207378243394,34.607607661290324,63.295390188172036,248.70976871790128,365.5702591152234,405.8631795644937,21.153801349710694,1.1284832,1.1341583,44.31201,38.092438,8.276358,90.6552,1.1204469,13.133867,10.0,-0.14387594,2.4139292,0.6320097,0.47468692,1.1917264,0.9868752,29.031322,1.0655891,0.81842667,412.663,81.94342,169.71603,8.0,2.724962,0.0040063527,132.3706,-15.2588
2021-09-15,-16.903649539553733,95.40057076688768,23.304130803849134,23.304130803849134,28.166056915585706,0.03803976183618825,37.3750035264079,0.0,137.10551179677884,22.059805301051014,88.85207101339672,284.5034308068669,398.326296376578,407.0442082003128,24.52542727649977,1.0767161,1.1264856,40.129784,41.30789,8.276358,90.6552,1.1204469,12.941324,10.0,-0.14952657,0.10003308,0.3432218,0.16607474,1.1870633,0.9799216,31.575907,1.0187484,0.81842667,413.022,81.94342,169.71603,9.0,2.724962,0.0012258072,132.3706,-15.2588
2021-10-15,-1.103621884687854,90.47407116616635,37.24728556009161,37.24728556009161,31.641417271505375,0.0586813429704301,47.91897018348458,0.4,151.87194628864037,34.12109462747938,84.00222657180801,272.5811161691868,444.1357370967742,412.940323820654,25.04733107716894,1.0402904,1.1389362,36.982544,44.6391,8.276358,90.6552,1.1204469,11.99522,10.0,-0.16232891,1.5133015,1.302892,1.0673763,1.1521143,0.95772594,34.39806,1.0599381,0.81842667,413.178,81.94342,169.71603,10.0,2.724962,0.099143006,132.3706,-15.2588
2021-11-15,-7.101868411951864,102.33525154113491,53.84332773047491,53.84332773047491,30.448178218177237,0.061344285738316254,48.130080591984026,12.0,169.34927992240992,50.968359922644,84.65232557649516,299.5643003646602,431.1220809546486,417.07452868107026,23.25933004540579,1.1758528,1.2927047,38.925056,47.182312,8.276358,90.6552,1.1204469,16.07133,10.0,-0.15970083,0.6750538,0.8285373,0.8233151,1.155931,1.0021709,32.191,0.98332584,0.81842667,413.216,81.94342,169.71603,11.0,2.724962,0.1625044,132.3706,-15.2588
2021-12-15,4.603245034750534,125.79015060925592,83.20459833478016,83.20459833478016,29.939982788978494,0.11768349208333333,61.56885960052233,329.8,166.38135083899823,76.22117774574993,57.15286506381489,269.78601933914206,444.33750221774187,417.68247897131124,16.724180222465662,1.24074,1.3605578,40.958138,42.04666,8.276358,90.6552,1.1204469,10.893341,10.0,-0.14763105,1.2700655,1.160539,1.1496241,1.0671389,1.0385174,26.700062,1.0099839,0.81842667,413.173,81.94342,169.71603,12.0,2.724962,1.2127619,132.3706,-15.2588
2022-01-15,-34.79910452865586,178.80189077758496,103.51447294452869,103.51447294452869,28.502023434139783,0.16513416727150537,73.26603710598536,348.59999700000003,170.88305157207515,94.82643026310319,37.86764037399436,256.92804327168545,446.3381198252688,415.7715557826121,10.681846206284654,,,,,,,,,,,,,,,,,,,,,,,,,132.3706,-15.2588
2022-02-15,-36.484512228606405,103.97464717645818,61.296730598372726,61.296730598372726,28.362066009855056,0.1170324246494248,70.72674649459594,21.8,179.53975334494487,101.1552718564483,39.888170777145675,274.51437591292745,440.19996308922384,416.58540265733194,11.59915086587663,,,,,,,,,,,,,,,,,,,,,,,,,132.3706,-15.2588
