time,NEE_SOLO_EC,GPP_SOLO_EC,ER_SOLO_EC,ET_EC,Ta_EC,Sws_EC,RH_EC,Precip_EC,Fn_EC,Fe_EC,Fh_EC,Fsd_EC,Fld_EC,CO2_EC,VPD_EC,LAI_RS,EVI_RS,LST_RS,FPAR_RS,tree_cover_RS,nontree_cover_RS,nonveg_cover_RS,LST-Tair_RS,MI_RS,solar_RS,Ta_RS,VPD_RS,precip_RS,precip_cml_3_RS,precip_cml_6_RS,TWI_RS,PFT_RS,x_coord,y_coord
2013-02-15 00:30:00,-3.171899121440496,43.170361859399186,24.341365792488673,24.341365792488673,26.986625635787462,0.18998290904636117,36.31928659094695,0.8,153.18256938385292,24.68748971083425,101.75964062153068,298.1394007173897,371.04531333918385,381.5076864656184,23.23436585343273,0.43746525,0.14517465,322.31647,24.58812,10.232121,61.14917,29.644728,21.476625,0.08157398,299.45847,27.571074,24.90727,14.655731,58.646236,110.22813,11.810187,30.0,120.65416666666667,-30.1914
2013-03-15 00:30:00,4.69864203047735,52.0524765138523,46.168776683882896,46.168776683882896,21.86304753494624,0.4337800019890545,56.70800997260435,94.6,136.4034594682909,42.293798712505634,63.041539935093695,241.5836565763755,364.2194818140218,383.39806360012483,11.537495983647286,0.49009722,0.1556072,312.534,28.153467,10.232121,61.14917,29.644728,16.828733,0.7031074,239.66174,22.425966,12.945876,32.88869,75.06477,135.3594,11.810187,30.0,120.65416666666667,-30.1914
2013-04-15 00:30:00,-1.34882680246046,37.03975400810493,18.902276812574335,18.902276812574335,22.691733888888887,0.23374770400126635,47.07192744810728,14.0,55.46454379218423,17.892988575359723,45.301994947317205,185.1101270965243,331.07174728269814,383.7559796885775,14.851657824982011,0.38896596,0.17004381,309.54398,27.677317,10.232121,61.14917,29.644728,14.305143,0.08831489,181.73999,22.9115,15.536339,14.963251,62.507675,140.9548,11.810187,30.0,120.65416666666667,-30.1914
2013-05-15 00:30:00,-9.620236841632313,30.905897336564287,21.04678550971144,21.04678550971144,15.95903430376344,0.18845120084966266,60.74712591510312,36.0,44.644837389528504,19.280313966034946,30.836180144827317,143.83839406064223,315.8613860313211,382.52372772905034,7.184189069343451,0.33519262,0.16130325,296.98126,28.762383,10.232121,61.14917,29.644728,8.285524,0.47296268,140.61752,15.975645,6.9391823,34.722782,82.57472,141.22096,11.810187,30.0,120.65416666666667,-30.1914
2013-06-15 00:30:00,-16.93537638454191,30.001163053548193,16.70461342444314,16.70461342444314,12.102136187500001,0.18024895074743705,66.56349325749319,11.6,42.83277602459028,15.812669559496019,24.07707651315955,124.36298933886806,306.97041972222223,383.21759991891366,4.747505297326655,0.35320294,0.15968934,295.216,28.743877,10.232121,61.14917,29.644728,10.366564,0.23893642,121.3889,11.547834,4.0640745,16.190025,65.87606,140.94083,11.810187,30.0,120.65416666666667,-30.1914
2013-07-15 00:30:00,-10.53092684025362,26.82383075236635,17.841493875127682,17.841493875127682,11.989813383064517,0.20760300434114287,60.3504049244575,29.4,55.58254660491552,16.34404471774689,29.07313965910703,143.77405236770204,301.3558813844086,382.95732746993474,5.587628031089232,0.35193318,0.15980849,294.77,29.235954,10.232121,61.14917,29.644728,10.380348,0.5450729,140.06123,11.290001,4.8197365,27.407139,78.31995,140.82762,11.810187,30.0,120.65416666666667,-30.1914
2013-08-15 00:30:00,-4.687473664322333,28.535554665570256,14.731273064255493,14.731273064255493,14.789723252370418,0.24381219621950107,54.98039260206751,8.8,80.13523419637937,13.494866931921024,43.67702964980549,187.79492889088587,307.10914470475643,383.0900185966078,7.634694951122282,0.31217477,0.14053488,300.90762,26.437895,10.232121,61.14917,29.644728,13.464426,0.1333684,186.00655,14.293386,6.8093195,12.070003,55.667168,138.2419,11.810187,30.0,120.65416666666667,-30.1914
2013-09-15 00:30:00,-5.013034698467457,29.779598068178945,23.07908827202128,23.07908827202128,16.184635241666665,0.22470323105322024,53.94290218540755,30.2,109.57076022610138,21.846778929101628,56.27623561235242,221.5824848113389,318.83349291666667,383.42798427105953,8.553844148679424,0.43123236,0.13415684,306.9656,25.59329,10.232121,61.14917,29.644728,17.813457,0.18980537,217.65045,16.1545,8.393021,18.897755,58.374897,124.25096,11.810187,30.0,120.65416666666667,-30.1914
2013-10-15 00:30:00,-9.804176181192277,34.674230495191836,21.283304888948873,21.283304888948873,20.619529756048387,0.13185637876791675,37.61224414972968,9.0,159.23852965463664,19.496982107050833,90.10911543700041,309.8511030144986,325.75259000384796,384.42190839880783,15.380691498103273,0.413165,0.13046803,317.13278,24.902504,10.232121,61.14917,29.644728,23.203861,0.042788,310.50623,20.399837,15.575434,16.393234,47.360992,125.68094,11.810187,30.0,120.65416666666667,-30.1914
2013-11-15 00:30:00,-10.953410536581874,36.08478891527277,27.29919902051402,27.29919902051402,23.085219373611114,0.1005591584023399,42.096652385576164,27.200000000000003,169.79546587973866,25.84155660367793,112.28675519524394,312.6851780825616,353.0008660726077,384.5405554035226,16.64859768393289,0.40693998,0.13484082,320.45142,22.61455,10.232121,61.14917,29.644728,23.545162,0.06966747,319.75308,23.891666,19.738304,15.079837,50.370827,106.037994,11.810187,30.0,120.65416666666667,-30.1914
2013-12-15 00:30:00,-5.31818473774813,36.53713010769374,24.69506948795194,24.69506948795194,25.734637270527735,0.09971309465126249,35.9905382815969,22.799999999999997,168.18144693820622,22.62239489831201,109.16943585898277,320.24365024934536,363.8378344944377,382.50744057966784,21.650305265482793,0.46575326,0.13342804,325.46402,23.632357,10.232121,61.14917,29.644728,25.280054,0.021495942,325.32108,26.484838,24.270218,16.337254,47.810326,106.18521,11.810187,30.0,120.65416666666667,-30.1914
2014-01-15 00:30:00,11.716139312085396,47.78813441299251,49.08045166393016,49.08045166393016,26.315189475806452,0.3235758827870269,48.72949792555711,164.4,175.8585711194413,44.961094759042346,97.12896903919263,299.55222737306656,389.87579215855493,376.2549718292366,17.963002412611857,0.40945998,0.14077775,324.42953,20.363777,9.026017,67.19052,24.577358,24.394966,0.7972248,302.00864,27.125969,21.694756,36.264915,67.68201,115.043,11.810187,30.0,120.65416666666667,-30.1914
2014-02-15 00:30:00,-7.575959639646753,56.3487364008715,32.555269444383015,32.555269444383015,24.51725168154762,0.2533991957492233,49.72513537476216,3.0000000000000004,170.93539409999752,33.01819159587391,102.09682399916719,292.6095419915402,380.77508936863387,374.410650329589,15.787433796237632,0.46256593,0.1560167,320.5866,24.585356,9.026017,67.19052,24.577358,22.508884,0.0057581244,289.1865,25.100002,17.541004,16.471945,69.07411,119.44495,11.810187,30.0,120.65416666666667,-30.1914
2014-03-15 00:30:00,-6.829468615629147,47.96312788538315,26.12492985160763,26.12492985160763,23.722810638440865,0.12351681845288519,44.53226368862787,19.8,138.22024888535242,23.932246073739723,76.89496597166244,254.17471878893144,369.84528914104504,375.8744578134165,16.588481514905954,0.46851566,0.16293566,317.39624,27.858831,9.026017,67.19052,24.577358,19.841114,0.06778035,252.71805,24.429028,18.389688,13.388866,66.12573,113.93605,11.810187,30.0,120.65416666666667,-30.1914
2014-04-15 00:30:00,-11.27982175960928,46.38191550406603,23.85147870863988,23.85147870863988,19.453809054166666,0.14649206763279612,54.503915943660104,23.400000000000002,82.6246781856103,22.577927530678558,47.937177128300675,186.49719602740055,340.56420353242277,379.95278338740235,10.420248648395043,0.4110948,0.1797898,308.559,28.67485,9.026017,67.19052,24.577358,15.028269,0.17996371,185.04242,19.751669,10.637526,23.719072,53.579884,121.26189,11.810187,30.0,120.65416666666667,-30.1914
2014-05-15 00:30:00,-3.248665934231374,47.009683758848354,19.66486312414439,19.66486312414439,16.127617401881718,0.3135635418366139,63.06659030298921,29.000000000000004,50.843633384001656,18.014377300403478,25.802583375000683,132.0695377257863,331.71766019640097,377.2952844124941,6.834048872798411,0.32670516,0.1748786,297.81332,25.61619,9.026017,67.19052,24.577358,8.787309,0.3229827,134.20325,15.512099,5.53821,30.87094,67.97888,137.053,11.810187,30.0,120.65416666666667,-30.1914
2014-06-15 00:30:00,-14.814235560512596,38.751776455603235,9.72955661452313,9.72955661452313,12.42304306736111,0.18656967873125596,56.781657432743486,1.6,47.40454383119942,9.210046338500751,28.454704481784958,136.54042395535413,302.8056912903488,373.9482275919497,6.269031736849789,0.3756666,0.16924442,296.29,30.967813,9.026017,67.19052,24.577358,11.291714,0.11734707,131.08409,11.702,5.712015,18.041405,72.63142,138.75714,11.810187,30.0,120.65416666666667,-30.1914
2014-07-15 00:30:00,-13.741294900424833,33.839721264377744,14.530929050348062,14.530929050348062,11.953584515456988,0.14398889140889895,62.68084670554924,10.0,49.043882185591684,13.31133793232303,29.084195792162003,140.02500238991263,298.4274556253926,377.2346330116927,5.246501755982334,0.3603006,0.1705979,296.739,28.781355,9.026017,67.19052,24.577358,11.949092,0.19693063,136.82048,11.574193,4.8556175,22.545536,71.457886,125.037766,11.810187,30.0,120.65416666666667,-30.1914
2014-08-15 00:30:00,-8.857176730365543,34.01117250724686,15.5761619218807,15.5761619218807,15.826251185483871,0.1330733254553386,46.08611514536499,18.0,59.73400680181354,14.268843672164905,40.75951207522367,179.90400777301076,296.566892807778,379.42863616244784,9.782724786876507,0.35373232,0.1556184,302.3264,26.900843,9.026017,67.19052,24.577358,13.676242,0.29005575,180.71613,15.1967745,9.392154,15.473967,56.060905,124.039795,11.810187,30.0,120.65416666666667,-30.1914
2014-09-15 00:30:00,-8.826689165396525,40.25835717420903,21.28676868179408,21.28676868179408,18.126883227083333,0.16959401983450115,46.19226596508312,16.2,94.74721371979717,20.15016035403162,63.018854522249875,222.42875433048613,315.1312203780383,380.0039472866187,11.325133410505194,0.41716573,0.14994207,309.5857,24.483946,9.026017,67.19052,24.577358,18.25581,0.107125156,226.90585,18.118,12.012462,13.991751,52.011253,124.64268,11.810187,30.0,120.65416666666667,-30.1914
2014-10-15 00:30:00,-9.013158552388688,44.07735615944982,28.876522463569703,28.876522463569703,22.108081326612904,0.11876500609637841,38.93139287792247,20.6,145.39942208648657,26.452895578186467,91.19153240434456,288.87344035028923,338.5349442295891,383.5510009849348,16.5254798773086,0.43832648,0.14938106,315.6192,26.322962,9.026017,67.19052,24.577358,19.953627,0.110818885,292.3051,22.193712,16.982288,21.717379,51.183098,122.64098,11.810187,30.0,120.65416666666667,-30.1914
2014-11-15 00:30:00,-6.1541008677510245,46.683022940916196,42.22936886863666,42.22936886863666,22.770408548611112,0.1743059199707983,41.91674565722532,67.6,163.08643330759875,39.97452911114464,96.4262116112238,302.3621528664202,351.9320476086606,414.490658034964,16.377909704608033,0.45026395,0.1384323,318.20224,23.379103,9.026017,67.19052,24.577358,21.446016,0.15048335,309.6026,23.506498,18.577124,28.444977,64.154106,120.21501,11.810187,30.0,120.65416666666667,-30.1914
2014-12-15 00:30:00,-10.507947513069947,49.52526942222353,31.411431549238323,31.411431549238323,25.064498564395773,0.10175739575429833,35.88875888805233,4.8,182.058314283043,28.77504795744144,128.10233221560995,343.35786369388575,354.3448574196928,387.94645053492377,20.817510278494986,0.47604394,0.13663884,323.98642,24.550379,9.026017,67.19052,24.577358,24.667652,0.00077239197,352.27374,25.962902,22.826305,8.21047,58.372826,110.38408,11.810187,30.0,120.65416666666667,-30.1914
2015-01-15 00:30:00,-2.937850836914734,41.998760614066484,23.328480805451726,23.328480805451726,27.939073319892476,0.07460316679933066,30.308136044917738,0.2,168.90506859464838,21.370504967240272,130.47709846860195,329.3357520765457,373.5259464618018,382.3487629255035,26.92480465253935,0.45436367,0.14719506,326.13834,24.435268,8.926055,63.322678,29.037495,24.483686,0.0016495662,342.28275,28.374193,28.219875,5.4117823,42.06723,93.25033,11.810187,30.0,120.65416666666667,-30.1914
2015-02-15 00:30:00,7.965790516469646,26.65223054931389,25.731328725111446,25.731328725111446,29.45450245535714,0.0690655007339302,33.42204219279675,21.0,143.52613531184846,26.097217328014814,96.6703477000546,279.0598428903423,393.58212321428573,382.28503856391757,28.152247820892928,0.4767873,0.16100395,325.97333,26.40985,8.926055,63.322678,29.037495,22.186947,0.10030383,289.37253,29.75214,29.450851,13.703151,27.325403,91.47951,11.810187,30.0,120.65416666666667,-30.1914
2015-03-15 00:30:00,0.7676824490000396,29.94377982339668,35.548156879199304,35.548156879199304,22.433681411290323,0.09334232425687812,51.842956271350424,35.0,105.41068210551076,32.56457501448754,67.06977077236218,213.3098354654503,362.69323145161286,387.4235264139439,13.298158668352187,0.47857785,0.15244006,316.9133,26.995802,8.926055,63.322678,29.037495,20.562695,0.12853633,215.7669,23.118061,15.218622,34.10147,53.216404,111.589226,11.810187,30.0,120.65416666666667,-30.1914
2015-04-15 00:30:00,-2.0191425313541225,36.481390047315614,34.81921093556168,34.81921093556168,17.72202266111111,0.252685948341542,56.421891391540704,30.799999999999997,77.66912327460278,32.96003701832335,44.21572411670194,168.32335669626946,339.70869444444446,389.4240151406526,8.93719079022449,0.37474102,0.18145914,302.88858,26.60008,8.926055,63.322678,29.037495,11.499317,0.26898232,170.12729,17.991497,9.635432,22.328394,70.13302,112.20025,11.810187,30.0,120.65416666666667,-30.1914
2015-05-15 00:30:00,-14.088282972895843,34.16089590003333,15.337836900904879,15.337836900904879,14.71429812768817,0.1481293804650333,54.93468317758485,6.2,52.62628034512067,14.050521438194522,36.445807816367896,146.33403160083503,312.83798324672955,388.1625820109406,7.60478678133789,0.3752126,0.1623849,299.69788,29.931343,8.926055,63.322678,29.037495,11.875414,0.065119505,153.59541,14.297255,7.087949,13.940941,70.370804,97.696205,11.810187,30.0,120.65416666666667,-30.1914
2015-06-15 00:30:00,-6.072297050826279,22.328952087977648,14.3506825228805,14.3506825228805,13.973913731249999,0.13279416963778096,61.288795492220856,18.599999999999998,41.201534006162504,13.584426943726696,24.839897827181186,126.6533921450514,310.467866875,388.952450819338,6.222460251087344,0.37157762,0.17432544,297.0143,29.535858,8.926055,63.322678,29.037495,10.080628,0.32859987,125.2199,13.400664,5.710437,25.069695,61.339027,114.555435,11.810187,30.0,120.65416666666667,-30.1914
2015-07-15 00:30:00,8.685388448661325,10.713217568013091,17.070141343677072,17.070141343677072,12.394765322580646,0.19951277015396754,60.968730082859345,42.400000000000006,49.7468750544711,15.637432347986135,28.868605107416066,131.157889761875,308.08256512096773,391.9998515592135,5.651027973573487,0.32032347,0.15636413,295.68002,26.315525,8.926055,63.322678,29.037495,10.175216,0.5788929,128.97998,11.724839,4.9032335,28.820415,67.831055,137.96407,11.810187,30.0,120.65416666666667,-30.1914
2015-08-15 00:30:00,14.68374826272693,12.22955306076135,26.68331949363119,26.68331949363119,13.561457743279572,0.27996623096891066,57.9912661839797,16.6,77.06321143929436,24.443769679500253,38.618922538591875,168.7464587419691,311.9018975134409,393.4370849735823,6.5713192318635825,0.35468888,0.15424913,298.38702,27.60315,8.926055,63.322678,29.037495,11.780043,0.51309323,168.88814,13.296129,6.20339,38.92357,92.813675,163.18448,11.810187,30.0,120.65416666666667,-30.1914
2015-09-15 00:30:00,4.293120466263896,15.333170607453475,13.291257694538704,13.291257694538704,16.582174074305556,0.15703855625355917,39.39539401104076,0.0,115.973535234925,12.581570169490803,77.24438942153961,251.4057749720486,306.29897857089173,394.6290427256287,11.549169627692203,0.44006184,0.14523454,308.73312,26.533115,8.926055,63.322678,29.037495,19.281157,0.015338848,250.42438,16.086,11.210818,6.5675354,74.31152,135.65054,11.810187,30.0,120.65416666666667,-30.1914
2015-10-15 00:30:00,3.8838555975136497,23.19502328988692,13.373356680555096,13.373356680555096,23.636071075268823,0.09318015250986095,32.84660606602388,1.9999999999999998,135.23911699436155,12.250921427497756,85.4401405317906,276.1627769823253,348.5120579301075,394.4575691787534,19.976215201731,0.44468078,0.14162387,317.55365,26.062475,8.926055,63.322678,29.037495,21.190186,0.013371506,278.50955,23.343872,19.566069,14.692322,60.183426,128.01448,11.810187,30.0,120.65416666666667,-30.1914
2015-11-15 00:30:00,3.8419758930060843,23.760432692999323,25.280474108334317,25.280474108334317,23.81884806944445,0.08473376276297216,42.5566151138812,21.200000000000003,159.44779431996417,23.93062163279671,95.2202693390779,294.1114493116697,361.03167145833334,394.69744855913166,17.281218869021593,0.45343935,0.13914448,317.8922,24.61429,8.926055,63.322678,29.037495,20.641247,0.13153316,298.74997,24.562336,19.430443,27.677094,48.93695,141.75063,11.810187,30.0,120.65416666666667,-30.1914
2015-12-15 00:30:00,13.4402871396494,19.68485911959378,23.431885887904702,23.431885887904702,25.39961162278758,0.07841214883697505,36.61629415804123,14.399999999999999,179.29309185404747,21.46523118823289,126.57338848022832,338.0116440615196,359.02308242077726,391.6230596296681,21.00612577091664,0.45471925,0.13681287,324.9009,23.316868,8.926055,63.322678,29.037495,25.39152,0.09445405,347.92786,26.020803,22.778645,15.007925,57.377342,131.68886,11.810187,30.0,120.65416666666667,-30.1914
2016-01-15 00:30:00,19.62066630894384,21.004510754070093,32.062011696977464,32.062011696977464,25.617194591613814,0.12872899271556273,45.81698968171749,78.19999999999999,158.63164730231614,29.371024454787896,104.24663701372171,282.40164774200866,381.58230147350775,391.4255719097422,18.19626932691209,0.46770084,0.14196979,322.93997,23.855753,5.698437,64.64743,29.940361,22.676338,0.49099886,289.3556,26.784843,21.513527,51.736572,94.42159,154.60501,11.810187,30.0,120.65416666666667,-30.1914
2016-02-15 00:30:00,16.844181275668245,25.716077299019886,24.34874375684486,24.34874375684486,25.10407514767905,0.148253565282219,40.80715576477961,9.0,162.91645527275523,23.84342180786819,108.50957228022158,309.1715485279755,361.7217398254156,395.093250705559,19.26694383130244,0.41471297,0.15794452,323.50455,24.824488,5.698437,64.64743,29.940361,24.354101,0.06381758,314.29196,25.693964,21.59323,16.114202,82.8587,131.79565,11.810187,30.0,120.65416666666667,-30.1914
2016-03-15 00:30:00,9.707480212996305,28.45448584329906,34.479337961277366,34.479337961277366,23.14401775287106,0.12171461686797957,57.74984491688008,47.60000000000001,112.3789772250279,31.585462821755577,69.61957682887854,210.0905122985084,375.58368626767185,394.92135330654685,12.192186840613463,0.46453038,0.14368235,318.3086,26.890327,5.698437,64.64743,29.940361,20.92821,0.19725819,209.33394,23.83,14.342944,34.18687,102.03764,159.415,11.810187,30.0,120.65416666666667,-30.1914
2016-04-15 00:30:00,5.552360047266959,29.973751073291208,22.36424464519134,22.36424464519134,18.92091424292453,0.19962596281270453,63.042355559078615,12.2,80.85491535071527,21.17010442185242,48.4327844086337,178.00251161495834,346.5562102083333,396.741069504079,8.182904813308124,0.4054195,0.14702542,306.72934,27.823927,5.698437,64.64743,29.940361,13.463911,0.22605146,177.41515,19.948503,10.528827,19.2333,69.53437,163.95596,11.810187,30.0,120.65416666666667,-30.1914
2016-05-15 00:30:00,-4.152894137776193,26.078352026210723,14.018087372034037,14.018087372034037,14.812738389216667,0.13047303378788208,60.9012986833776,17.400000000000002,60.74268855282293,12.841539417571203,37.55167546903045,157.63609239678598,313.73923709926794,395.52538339725726,6.640590975082264,0.3207008,0.15959382,301.15634,27.423512,5.698437,64.64743,29.940361,13.387346,0.45241547,153.14742,14.376448,6.6752024,28.973997,82.394165,165.25287,11.810187,30.0,120.65416666666667,-30.1914
2016-06-15 00:30:00,3.1368560596548294,26.05960772032659,18.89509334061409,18.89509334061409,11.51679149236111,0.29651173754131993,73.35765710687289,39.0,42.313859155129165,17.886188665328216,18.550229031351062,108.75468530158264,314.4450978472222,397.35205861023235,3.6376570823853833,0.30623636,0.16701068,293.00165,25.778769,5.698437,64.64743,29.940361,8.75981,0.6214522,107.71606,11.286332,3.627328,29.907759,78.11506,180.1527,11.810187,30.0,120.65416666666667,-30.1914
2016-07-15 00:30:00,-0.28986710973553853,30.7809566811546,21.131780451663516,21.131780451663516,11.342400919354839,0.33470972600681986,66.10640003887829,38.400000000000006,52.599364626515445,19.35817522259618,24.821525098196478,125.88201412566802,310.0227318548387,397.2344172117122,4.573936830187449,0.2975156,0.14608352,293.971,24.271246,5.698437,64.64743,29.940361,10.226119,0.40728635,123.88366,10.684678,3.9219217,31.616768,90.49852,160.0329,11.810187,30.0,120.65416666666667,-30.1914
2016-08-15 00:30:00,-9.270800638304067,31.724420304437416,22.72137158906977,22.72137158906977,12.29414590591398,0.23084636509681422,58.940805215404154,22.8,76.24758204307327,20.814350855339598,38.26097499177907,166.84706239248186,305.4628882392473,395.27714893261253,5.904929436048485,0.32887876,0.1337759,298.028,24.859663,5.698437,64.64743,29.940361,12.975012,0.37336916,161.80554,11.800806,5.55987,27.76736,89.291885,171.68607,11.810187,30.0,120.65416666666667,-30.1914
2016-09-15 00:30:00,-7.676092571789822,26.034751327303056,18.571254623666626,18.571254623666626,13.906042679166669,0.16117341283459502,45.64212084503151,6.0,116.94972939620416,17.579641336662203,71.88934987113613,239.44524591218052,300.47558148960564,395.57517865602404,8.698542740143656,0.37545565,0.13267477,306.21307,23.964752,5.698437,64.64743,29.940361,19.472195,0.08771731,234.74538,13.286166,8.147997,8.77102,68.15515,146.27022,11.810187,30.0,120.65416666666667,-30.1914
2016-10-15 00:30:00,-1.1945178177653557,25.39964524917898,16.893490766862044,16.893490766862044,19.10307756048387,0.11687187331505658,37.501284241019114,11.0,147.5051317709148,15.475608178603906,89.39339609624383,288.49465421422633,321.00134282947886,395.9663543278343,13.999278127320727,0.4145287,0.13791184,315.45825,24.327667,5.698437,64.64743,29.940361,23.230358,0.061767396,285.5548,18.615162,13.838766,9.2513275,45.789707,136.28824,11.810187,30.0,120.65416666666667,-30.1914
2016-11-15 00:30:00,2.7775949369977306,24.460424870354778,15.560090155075281,15.560090155075281,23.97550340277778,0.08457489185393016,29.431178083695887,1.6,173.46132969864115,14.729258180745648,122.51192031060786,338.03775704016317,340.46128292621944,394.3990461632564,21.435459758575856,0.44554928,0.13631055,321.432,23.630535,5.698437,64.64743,29.940361,24.58388,0.002235535,346.95212,23.812666,21.249123,8.281418,26.303764,115.59565,11.810187,30.0,120.65416666666667,-30.1914
2016-12-15 00:30:00,11.176647462495978,22.540073922825705,29.783856862449518,29.783856862449518,24.805287090053763,0.08773627438769728,37.430049054212034,29.200000000000003,184.89675038111008,27.284076761389688,124.7342041195479,342.18706710750666,356.29926673387104,393.08905833347507,19.997828925510426,0.4734203,0.14763927,325.64526,23.989532,5.698437,64.64743,29.940361,26.113094,0.15655936,355.93262,25.416935,21.631367,16.674622,34.207367,102.36252,11.810187,30.0,120.65416666666667,-30.1914
2017-01-15 00:30:00,12.333759167233653,25.45927106027115,34.92320010868812,34.92320010868812,26.522505407729337,0.09210124232848539,40.39752330848905,84.79999899999999,175.2049968457506,31.99207130625641,120.5908959287503,322.58689943928135,373.20758054944685,394.38289729684897,21.14569277127219,0.4496698,0.14101094,326.24802,23.217875,7.8199134,53.676277,39.15897,25.7348,0.35435984,311.5815,27.246126,22.634762,48.980732,73.93677,119.72647,11.810187,30.0,120.65416666666667,-30.1914
2017-02-15 00:30:00,18.718140162595617,35.23519817532221,48.59827144487729,48.59827144487729,24.467286145833334,0.27253542316436513,55.94048880443521,44.599999,161.37987672677082,49.28931829412653,87.78987772637036,270.0714500529613,383.30659354401155,396.4229588043057,13.793378101877906,0.45766926,0.1479538,318.725,25.17466,7.8199134,53.676277,39.15897,21.220083,0.5849661,255.68782,24.645182,15.069231,49.78423,115.439575,141.74335,11.810187,30.0,120.65416666666667,-30.1914
2017-03-15 00:30:00,11.029002796075256,35.04011585401291,34.19729533645374,34.19729533645374,23.81110121564999,0.16098603016632695,46.41764984094282,42.4,122.85480630224635,31.327092233244812,73.31687661707647,239.79670981766392,366.13740665830016,396.22750211870385,16.11198345111631,0.45899937,0.15966867,318.9105,26.384289,7.8199134,53.676277,39.15897,21.11256,0.12876564,222.76727,24.025806,17.767445,18.792181,117.557144,151.7645,11.810187,30.0,120.65416666666667,-30.1914
2017-04-15 00:30:00,-2.878138564897476,39.16142023522312,15.841245451316539,15.841245451316539,19.293185326388887,0.16071419493310313,49.362022272730265,5.6,88.68645039649951,14.995401172588835,55.100582640504044,201.99161636643694,333.01658326388883,396.1897260857069,11.480345841818979,0.4111831,0.15677676,309.195,28.074493,7.8199134,53.676277,39.15897,16.779139,0.031613268,188.75386,19.481329,11.13626,13.789663,82.36607,156.30283,11.810187,30.0,120.65416666666667,-30.1914
2017-05-15 00:30:00,-9.095714864231702,34.12405188687387,9.243522040414504,9.243522040414504,15.405682733870966,0.11619622497413623,57.77974037164618,0.4,55.78299779738307,8.467706719818185,37.88246223686633,152.40349876343146,314.8775794343328,393.0755293197529,7.453994621545227,0.39787933,0.18162195,300.882,30.94493,7.8199134,53.676277,39.15897,12.53922,0.0061960155,146.58005,15.126613,6.8654385,15.849722,48.431564,163.87112,11.810187,30.0,120.65416666666667,-30.1914
2017-06-15 00:30:00,-3.5832233007460994,23.455013174405558,8.104577035425748,8.104577035425748,13.884200626388889,0.1040051282915683,50.306009046201716,1.0,41.78096761734883,7.671832644336659,27.795839589975508,129.93094393917409,308.00766486111115,393.48551912920146,7.940774955961861,0.41006237,0.17143713,298.27496,31.77873,7.8199134,53.676277,39.15897,11.435977,0.050455377,130.27391,13.302335,7.2184334,13.178392,42.81778,160.37491,11.810187,30.0,120.65416666666667,-30.1914
2017-07-15 00:30:00,-2.520693553148414,20.269181828777803,11.150493063242422,11.150493063242422,12.215035864261084,0.104901010386407,60.094651765136646,13.400000000000002,58.57186803248706,10.214624320479244,35.10192778539907,151.15923435195663,301.0534192184648,393.3627059799443,5.7088105414999735,0.42577612,0.17489827,295.7808,32.91544,7.8199134,53.676277,39.15897,11.217106,0.16308343,147.07288,11.616451,4.627037,23.147614,52.175728,134.54181,11.810187,30.0,120.65416666666667,-30.1914
2017-08-15 00:30:00,-2.0118368885696345,24.42168339470233,23.720636499705485,23.720636499705485,13.277244585734291,0.1404116229967942,59.01190618007766,36.0,76.91711627193988,21.72974675764538,38.99589065506469,166.9106245937349,313.22207248228176,396.6312250174906,6.29232587537124,0.36103472,0.16150585,297.67798,28.087353,7.8199134,53.676277,39.15897,11.571416,0.20205738,162.38423,13.249354,6.075554,49.824585,86.15059,134.58215,11.810187,30.0,120.65416666666667,-30.1914
2017-09-15 00:30:00,0.6200371810683434,26.602487000088917,18.81033341019281,18.81033341019281,15.96676443755863,0.15370811208347357,47.10704078856676,8.600000000000001,109.5967556390939,17.805954496623873,65.05370735568218,222.64735636362198,318.95640020025036,398.75762332310825,9.685503277117137,0.4213798,0.14798854,306.17307,25.559834,7.8199134,53.676277,39.15897,16.795948,0.08791331,217.42282,16.215832,9.574509,16.642757,89.61496,132.43274,11.810187,30.0,120.65416666666667,-30.1914
2017-10-15 00:30:00,3.9313309243478636,24.901736435062794,16.386724532037743,16.386724532037743,19.178776161290322,0.10689590504467802,39.478993876960594,9.600000000000001,153.08236269587337,15.011375191087144,98.41575551609607,296.69931429200267,325.56768904546914,397.06736100346154,13.621647267287596,0.46680963,0.14399396,314.74918,26.192875,7.8199134,53.676277,39.15897,22.23158,0.01434677,281.56738,19.326616,12.847988,8.944692,75.41204,127.58776,11.810187,30.0,120.65416666666667,-30.1914
2017-11-15 00:30:00,6.907092896793842,26.80974488765144,20.13245933479393,20.13245933479393,23.097728069444443,0.08472966144853326,40.38142491491451,21.4,162.47071711950372,19.057485425868204,112.05711369245377,310.1162999105993,351.4923316427581,397.4005082835199,17.155035149105437,0.4615194,0.14469379,320.08115,23.837883,7.8199134,53.676277,39.15897,22.710173,0.07194996,305.35492,23.99933,18.493458,13.519554,39.107002,125.2576,11.810187,30.0,120.65416666666667,-30.1914
2017-12-15 00:30:00,10.501778413097298,26.009227274596718,16.351779239532757,16.351779239532757,25.119784616935483,0.07341560515017322,35.44464340422222,1.8,166.82290170067205,14.97936288161498,119.96061809526701,319.9935987852957,363.56774119623657,397.9329906372765,21.03256434595878,0.47619656,0.13729995,323.32,24.293331,7.8199134,53.676277,39.15897,24.592209,0.009542858,315.7146,25.97435,22.363724,7.792465,30.25671,119.87167,11.810187,30.0,120.65416666666667,-30.1914
2018-01-15 00:30:00,29.442916678450395,18.129385123517284,49.896725305366814,49.896725305366814,25.736132553119205,0.1224919749577833,47.45369937812747,87.8,163.60708271096163,45.708857978363206,98.63459063250423,280.2804105900925,390.5837710739142,398.9520817737854,17.77466632821978,0.46952218,0.1429679,323.1133,23.766539,11.745968,49.216537,39.777283,23.137774,0.18625858,274.83197,27.095808,21.363533,39.56089,60.87291,136.28494,11.810187,30.0,120.65416666666667,-30.1914
2018-02-15 00:30:00,17.207139427172212,39.47609570833865,69.87983522442615,69.87983522442615,23.71494552647785,0.26922407533365583,64.86291455026355,232.99999899999997,144.59153844864076,70.87349690255125,61.15716476134085,240.11986603110753,393.6784759640683,399.6345533240161,10.503197439751254,0.45450583,0.14335057,316.53,24.848549,11.745968,49.216537,39.777283,17.330154,0.4708802,230.60512,25.5475,15.199436,44.034565,91.387924,130.49492,11.810187,30.0,120.65416666666667,-30.1914
2018-03-15 00:30:00,9.48688301139006,49.48061964216138,36.94314724313453,36.94314724313453,23.665284218560373,0.2134390409154849,47.40069565552159,10.0,132.27096916843345,33.84248285385114,75.335116142223,254.58489191789482,364.8528280194857,397.300125337605,15.674982663123547,0.49067044,0.15593791,316.87546,28.28895,11.745968,49.216537,39.777283,18.51397,0.034608092,239.94174,24.84742,18.02348,14.248314,97.84377,128.10046,11.810187,30.0,120.65416666666667,-30.1914
2018-04-15 00:30:00,-1.8454460362480467,44.45448984799532,20.3835149004844,20.3835149004844,21.070571309840364,0.1272836323371199,46.83048420564706,0.4,86.64361987731883,19.29513586413137,51.918447775798754,206.74011026740547,339.9787949710953,398.9485464239297,13.484721703968118,0.45032293,0.16594054,310.46545,29.852358,11.745968,49.216537,39.777283,16.132368,0.08683338,193.0594,21.230669,13.127873,13.350743,71.63362,132.50653,11.810187,30.0,120.65416666666667,-30.1914
2018-05-15 00:30:00,-12.741184668612513,41.12542667790746,13.002218304590322,13.002218304590322,15.384301922715055,0.10500499371349582,49.24684255613435,4.8,56.31950706330645,11.910932957042567,43.077720835220845,165.21873135381722,306.61364306078053,395.70847217319266,8.947996378345094,0.4190535,0.16790241,301.26727,32.819366,11.745968,49.216537,39.777283,12.375813,0.0375556,153.53194,15.617901,9.017899,14.477273,42.07633,133.46426,11.810187,30.0,120.65416666666667,-30.1914
2018-06-15 00:30:00,-8.19619729809239,30.39238509067458,14.50086799074781,14.50086799074781,12.844777970833336,0.10746051204122378,58.9500887649124,12.0,41.58959857940944,13.726593249266525,28.826487834435426,129.28035730256946,305.8494725,397.15539833506824,6.123770034422057,0.46661448,0.17171659,294.4788,34.211903,11.745968,49.216537,39.777283,9.304517,0.67860776,129.82251,12.378833,4.8228664,21.89027,49.718285,147.56206,11.810187,30.0,120.65416666666667,-30.1914
2018-07-15 00:30:00,-5.757552887441455,29.045702556984125,17.520099294829933,17.520099294829933,13.039548159946238,0.11938914475146946,57.400686964324926,14.400000000000002,50.500344205944224,16.049625011124075,28.763918608608392,143.27498098925065,304.9455139261966,396.06195598337564,6.437534820622479,0.40401897,0.16124913,296.03275,32.00773,11.745968,49.216537,39.777283,10.0685215,0.4186682,142.49179,12.688711,5.544383,21.990917,58.35846,129.99208,11.810187,30.0,120.65416666666667,-30.1914
2018-08-15 00:30:00,-5.529273920628404,32.900182813110845,26.328742069013508,26.328742069013508,12.02255809544453,0.1828946052983051,55.75358611113206,35.6,81.6164510154676,24.118952188071813,43.330316639206075,188.18098881787068,296.57424116339973,397.51041439832,6.249081996934986,0.37811413,0.15149666,298.87668,28.532606,11.745968,49.216537,39.777283,13.403599,0.3651929,177.06465,12.175808,6.0720615,22.964033,66.84522,108.921555,11.810187,30.0,120.65416666666667,-30.1914
2018-09-15 00:30:00,-0.2340692852902162,30.130276381855246,13.975851999523044,13.975851999523044,16.17374983263889,0.15307556073629566,41.61734707529072,2.8000000000000003,113.13376679149127,13.2296105193016,72.74184350328936,249.07685642319444,303.93791976522874,397.34644966337527,10.835326868812365,0.4714525,0.15409705,307.71286,27.930145,11.745968,49.216537,39.777283,19.066872,0.021695094,231.61263,15.723168,9.764529,6.850956,51.805904,101.524185,11.810187,30.0,120.65416666666667,-30.1914
2018-10-15 00:30:00,3.0313724123310597,38.25629042316328,35.73493717571225,35.73493717571225,19.150170001344087,0.17558521581720304,52.60996829948379,51.00000000000001,147.1668724658602,32.73567870905301,81.92303235540057,272.8170900957863,336.6188145161291,397.65095541990803,10.646851957489442,0.4842219,0.14573619,310.703,27.372261,11.745968,49.216537,39.777283,17.895914,0.23363055,261.61514,19.658224,11.247686,32.647266,62.462257,120.82071,11.810187,30.0,120.65416666666667,-30.1914
2018-11-15 00:30:00,-1.9400361536690545,48.09327479838639,35.547408386177786,35.547408386177786,21.740468836111113,0.17171202439846417,39.80893248586067,44.6,167.40208333763889,33.649352321113355,102.86806931389195,315.8476154838195,341.37910628564106,398.7974233660693,15.918942798223844,0.51182055,0.14500287,315.15698,26.894257,11.745968,49.216537,39.777283,20.031872,0.20306334,303.10187,22.09267,15.462928,39.65378,79.15201,145.99722,11.810187,30.0,120.65416666666667,-30.1914
2018-12-15 00:30:00,3.9156081629819175,42.93482688672821,25.249583529418427,25.249583529418427,25.893885620357043,0.09553905331788054,34.81820707409782,5.8,173.36581345528214,23.130368185402126,111.7844203948603,332.0576725845153,361.996400681545,397.44849346279034,22.261098969951885,0.50467974,0.14959753,322.59525,25.92065,11.745968,49.216537,39.777283,22.93651,0.04128474,325.74298,26.505323,22.8778,21.153965,93.45502,145.26091,11.810187,30.0,120.65416666666667,-30.1914
2019-01-15 00:30:00,8.637029926712124,39.06743215385089,24.646602726517354,24.646602726517354,28.292460403225803,0.07820802746284529,31.326250490562103,14.0,181.17528560265453,22.577995986328773,118.08357602507127,349.3894172491935,370.3482494623656,396.2237600018982,27.098202972656686,0.4998615,0.15562272,326.10202,26.05874,10.572456,64.052185,26.37536,24.698645,0.005170136,338.77313,28.710962,27.682728,9.928854,70.7366,133.19885,11.810187,30.0,120.65416666666667,-30.1914
2019-02-15 00:30:00,15.386050900640996,32.01829669804615,28.046690530955246,28.046690530955246,27.70256101934524,0.13766314887048872,32.661068172270774,33.8,162.1078448456622,28.445502598690393,97.25022334673419,317.4586809847247,369.256483523288,396.3422551309489,25.649637462089196,0.50920117,0.16226092,324.1981,28.627665,10.572456,64.052185,26.37536,22.829687,0.063452475,301.09952,28.225,26.577034,17.321121,48.40394,127.55595,11.810187,30.0,120.65416666666667,-30.1914
2019-03-15 00:30:00,3.6965744498676156,34.244084179375704,21.918338433186907,21.918338433186907,24.761878366935488,0.08993218861871004,44.91158525771296,17.0,115.88092818312876,20.078716838286812,76.58818106738235,233.93906860829478,369.2453370967742,395.13013206192426,17.559995087137818,0.5226104,0.16939138,316.327,28.860123,10.572456,64.052185,26.37536,17.527569,0.10805629,220.58316,25.598225,19.270437,36.5972,63.847176,157.30219,11.810187,30.0,120.65416666666667,-30.1914
2019-04-15 00:30:00,9.662673212334074,29.35902964794507,23.697385234879143,23.697385234879143,19.662520176388888,0.223986436895325,51.65176358181593,63.199999999999996,78.43095290876302,22.432061887461213,51.45940503057,189.79253543422172,335.8117922222222,397.57728494913397,11.220902226758273,0.44482982,0.16625533,306.9353,30.441563,10.572456,64.052185,26.37536,13.756659,0.13083401,174.92284,20.102167,11.852285,26.056812,79.97513,150.71173,11.810187,30.0,120.65416666666667,-30.1914
2019-05-15 00:30:00,-10.041868688263307,38.498804468710745,13.193374846870515,13.193374846870515,15.016789821908601,0.19244229620613312,48.6867679901744,7.0,60.93721188809073,12.086045595983236,41.192565787220964,172.64159789984475,299.4116939125198,394.93927778319085,8.832246770582344,0.48049563,0.17522644,300.7584,34.861668,10.572456,64.052185,26.37536,13.64704,0.046020623,159.43472,13.942742,7.5330305,11.1756115,73.82962,122.23357,11.810187,30.0,120.65416666666667,-30.1914
2019-06-15 00:30:00,-0.9493300154033347,27.549844649046925,19.502768219054722,19.502768219054722,12.351569545833334,0.23696598701458557,61.06952491085052,46.6,42.26694903202745,18.46141670612371,22.7518069643901,126.89298220155109,302.91197222496453,397.86669688568315,5.620245164368136,0.47920167,0.1884859,292.7274,34.87939,10.572456,64.052185,26.37536,7.951519,0.70078486,125.5324,11.9865,4.9170847,31.058678,68.2911,132.13828,11.810187,30.0,120.65416666666667,-30.1914
2019-07-15 00:30:00,-6.532275986143789,32.72446629711857,13.494341652374166,13.494341652374166,12.505481592741933,0.22935082001340365,58.52664377289695,6.4,49.60117517494288,12.361752045349931,32.75212986686304,149.79748277274192,293.9891204915114,397.4952633164044,6.049007700145392,0.42682683,0.16934481,295.3035,32.48803,10.572456,64.052185,26.37536,10.620148,0.3660842,147.00194,11.578064,4.851102,20.917274,63.151566,143.1267,11.810187,30.0,120.65416666666667,-30.1914
2019-08-15 00:30:00,-9.121182537606828,30.81503204184935,15.461197876263642,15.461197876263642,13.31201574126344,0.16487923096099683,51.570494690416965,21.2,74.47370652615545,14.163528639934464,46.01717264321513,186.14886439842073,296.2068398443394,397.9375958461632,7.451824773709416,0.42195997,0.17216666,299.88608,31.77111,10.572456,64.052185,26.37536,12.833961,0.17414995,175.97818,13.519677,7.2331934,17.135088,69.11104,142.94066,11.810187,30.0,120.65416666666667,-30.1914
2019-09-15 00:30:00,-0.10505509578856742,29.16985553901297,12.819455228215304,12.819455228215304,19.03284579583333,0.14261177539702682,37.186198004772876,0.4,111.35461440610416,12.134959624980352,68.25149090121114,247.9891401529514,315.9468474441691,399.0362645411812,14.00717578806802,0.48261166,0.15271108,310.19275,28.072853,10.572456,64.052185,26.37536,18.48449,0.0106618265,231.46219,18.453163,12.788247,7.008979,45.06134,113.35244,11.810187,30.0,120.65416666666667,-30.1914
2019-10-15 00:30:00,-31.288573177483954,64.91400880835894,13.959782807354609,13.959782807354609,22.62891129704301,0.09342513200260366,32.348620211018826,4.6000000000000005,144.3328579615259,12.788128396104119,95.2209216121054,310.0335696500556,329.82267736913434,397.8218457607108,18.9091897180031,0.47347128,0.15076461,318.6382,27.002394,10.572456,64.052185,26.37536,22.909716,0.010315384,287.2797,22.255323,17.566711,11.877148,36.021214,99.172775,11.810187,30.0,120.65416666666667,-30.1914
2019-11-15 00:30:00,-33.02167004441758,68.9199074394511,12.597625174371291,12.597625174371291,24.769624531944444,0.07802079903272799,26.748317906613334,0.0,162.33846752330552,11.924974200554551,120.49253629097993,346.16403908981255,333.98013088422687,398.3356638387772,23.360787388377762,0.48551783,0.1569366,322.74908,25.956251,10.572456,64.052185,26.37536,25.30518,0.0013107855,328.19055,24.395168,22.354147,9.59685,28.482979,97.59401,11.810187,30.0,120.65416666666667,-30.1914
2019-12-15 00:30:00,-12.731233641592233,58.9564417196553,24.284806749729597,24.284806749729597,29.708509663978496,0.0719047642756276,28.637145516946813,33.4,157.35813866454143,22.24656580090223,102.72364824544255,323.31855027159077,376.57774582742064,398.5275678409515,30.6329558639807,0.4779963,0.15399228,325.95108,24.753204,10.572456,64.052185,26.37536,22.765408,0.015251792,319.18304,30.018223,30.719852,22.042196,43.516197,88.57754,11.810187,30.0,120.65416666666667,-30.1914
2020-01-15 00:30:00,-19.139594345220658,68.93094443852542,36.139905242791606,36.139905242791606,26.975389967415982,0.09141950456955726,38.485628904878304,38.6,173.56513412040533,33.10665752080103,114.56335553234864,337.77060878321447,365.3267961710773,395.9315814067589,22.42876871428844,0.49067044,0.1458153,324.8611,25.491467,9.926055,66.353745,24.540113,23.531996,0.18611456,322.59933,27.634356,24.021,21.762438,53.40148,89.4227,11.810187,30.0,120.65416666666667,-30.1914
2020-02-15 00:30:00,-11.430415673284223,65.08506820020038,37.57747762776342,37.57747762776342,25.686276436781608,0.1826277082049407,45.69637401414586,88.8,149.32278397696632,36.79761298989477,88.69193838163763,274.55142085976047,378.6197548716044,393.5527219684743,18.31353538086075,0.49048227,0.16284725,320.52002,25.9592,9.926055,66.353745,24.540113,21.108429,0.22426777,256.7409,26.762756,21.10233,56.958237,100.76287,129.24585,11.810187,30.0,120.65416666666667,-30.1914
2020-03-15 00:30:00,-20.854646480996625,74.07650297997338,23.737717144382948,23.737717144382948,23.02240559139785,0.18882910166360103,47.07118656701043,2.0,119.1570555302352,21.745393811774942,76.48274743561323,247.31128593319224,353.08136351112273,391.3947487776523,15.159269770195019,0.47369418,0.15905164,315.57715,27.418169,9.926055,66.353745,24.540113,18.574507,0.056547858,227.0908,23.774675,16.068062,17.347128,96.0678,139.584,11.810187,30.0,120.65416666666667,-30.1914
2020-04-15 00:30:00,-18.61425076109774,56.221425082185405,10.064951541623017,10.064951541623017,21.078462834722224,0.09874025645175326,42.14738674552977,0.4,74.69038783086111,9.527532832764752,54.78046760784776,190.62328043895135,340.64403888888893,389.10278626041054,14.679700000355817,0.4522405,0.17114383,312.56567,29.51981,9.926055,66.353745,24.540113,16.846956,0.0148753645,175.91434,21.567167,14.228956,9.371213,83.67658,137.07806,11.810187,30.0,120.65416666666667,-30.1914
2020-05-15 00:30:00,-23.35948519091493,48.47138378088228,10.699494964791407,10.699494964791407,14.598625905241935,0.08718708473069564,48.32867402726991,10.8,55.82724651753282,9.80147881033908,44.62539612824203,168.22005020927497,297.9972727172633,387.9132239660082,8.65370095579341,0.44482982,0.1707479,300.3072,33.49664,9.926055,66.353745,24.540113,12.707156,0.08482064,156.81004,14.436612,7.693763,16.49464,43.212982,143.97586,11.810187,30.0,120.65416666666667,-30.1914
2020-06-15 00:30:00,-11.98865774009933,36.042229689401964,9.596840818336707,9.596840818336707,14.224317796527778,0.09550412165797396,51.70256739788077,6.6000000000000005,41.017751137875,9.084416910444038,29.198975369380914,141.2187078945139,299.79828677859484,388.14976058782634,7.892313925752945,0.45316732,0.17567942,297.239,34.047455,9.926055,66.353745,24.540113,10.472487,0.11330844,136.31943,13.797502,6.8316526,14.251585,40.11744,136.18524,11.810187,30.0,120.65416666666667,-30.1914
2020-07-15 00:30:00,-19.266888912594098,41.837734282646466,11.983197093809743,11.983197093809743,12.87068332795699,0.09731731153682506,54.805306326742155,12.0,52.21491291145162,10.977438914789271,34.91535270674595,154.46797482644487,293.5340360435371,387.62201122249536,6.753684074367219,0.39695814,0.15859807,296.40387,31.91456,9.926055,66.353745,24.540113,10.607725,0.23128559,146.83395,12.689516,6.000328,22.38794,53.134163,136.81075,11.810187,30.0,120.65416666666667,-30.1914
2020-08-15 00:30:00,-20.7968128227862,49.75194432187989,20.439990757950284,20.439990757950284,13.369681319892475,0.1494416865958903,56.20497443439788,27.400000000000002,74.92522345019152,18.72444792551778,41.99732248405632,173.348519550252,308.2999156557656,389.1848999105246,6.7644706493264595,0.3560278,0.15667807,297.036,25.126411,9.926055,66.353745,24.540113,11.034247,0.27960387,167.93982,13.868066,6.8139906,23.552132,60.191658,103.40464,11.810187,30.0,120.65416666666667,-30.1914
2020-09-15 00:30:00,-27.311695432585875,58.13333575125118,10.69403609925363,10.69403609925363,17.317962802777778,0.12686630973878674,43.67177664413316,0.8,108.57672352441668,10.123027381608297,77.24309105220593,241.66141818041666,313.19764575647497,390.4525940410506,11.255989707273166,0.4699778,0.15532582,308.67905,27.215654,9.926055,66.353745,24.540113,18.566284,0.020316089,225.18132,17.221832,10.752603,5.9209394,51.86101,91.97845,11.810187,30.0,120.65416666666667,-30.1914
2020-10-15 00:30:00,-36.93197486312742,70.48511403055119,12.23870168068871,12.23870168068871,20.76955658266129,0.08772022918559799,36.59299479987153,4.2,144.98175947553764,11.2114988215867,101.99206982911984,301.37628375497314,324.81502916666665,392.07587156782785,15.780113480841214,0.48143584,0.14468917,317.03726,27.049135,9.926055,66.353745,24.540113,22.892878,0.014489197,278.3938,20.702093,14.7001095,9.307483,38.780556,91.91471,11.810187,30.0,120.65416666666667,-30.1914
2020-11-15 00:30:00,-29.526787368972744,75.68904367195898,27.827564780011564,27.827564780011564,22.69559788888889,0.1821463196332452,38.12866880394318,50.4,177.35305749271527,26.341710240831937,110.43114716648377,339.9531213422223,338.92479574380906,391.76894798732405,17.365304309646962,0.46544594,0.14704032,319.976,25.097754,9.926055,66.353745,24.540113,23.334728,0.06625867,318.0285,23.033497,17.365896,17.906096,33.134518,93.32617,11.810187,30.0,120.65416666666667,-30.1914
2020-12-15 00:30:00,-40.72738328756327,81.28534949304895,12.965654591484178,12.965654591484178,24.79039331989247,0.08267807474661533,32.52634823233633,4.0,174.3661676562164,11.877438062151125,131.64323552638766,347.66140986479166,347.36827951748194,391.31317967160993,21.54545721712343,0.48069045,0.14020355,323.90805,24.582586,9.926055,66.353745,24.540113,24.770885,0.019825889,330.01047,25.760487,22.405205,7.821229,35.034805,86.89582,11.810187,30.0,120.65416666666667,-30.1914
2021-01-15 00:30:00,-33.88824475254848,75.86033638700134,17.73945672083696,17.73945672083696,25.126812883266293,0.0719910037026839,38.27609967757022,11.0,175.6226902719355,16.250571613741624,132.91808869164205,333.98581352409315,358.92217703802913,391.01158962021077,20.11868291812428,0.4903452,0.14539242,323.16855,24.99797,9.926055,66.353745,24.540113,23.77029,0.014518762,315.47565,26.163548,22.111885,10.094198,35.821526,74.60208,11.810187,30.0,120.65416666666667,-30.1914
2021-02-15 00:30:00,-11.212990598034644,69.73094164889784,36.851333640138,36.851333640138,23.689552760416667,0.28681740874985895,44.95926379192123,93.59999900000001,158.0159527349256,37.375344006052664,93.72383241440082,296.51947618424106,359.26030066964285,391.3733816091254,16.427091712024485,0.4901106,0.15674393,319.66107,27.728712,9.926055,66.353745,24.540113,22.058716,0.317703,271.7344,24.59018,17.527828,50.849575,68.765,101.89952,11.810187,30.0,120.65416666666667,-30.1914
2021-03-15 00:30:00,-16.07431671843485,72.29048929289395,25.915533820488296,25.915533820488296,23.96235567876344,0.2157697948991808,42.2965794965678,24.0,126.9973177078861,23.740424799115175,80.6576219354106,262.738646788473,353.67042143817207,392.21311526998323,17.513396342850637,0.5028452,0.16729759,316.1618,29.162775,9.926055,66.353745,24.540113,18.408785,0.21861206,242.14455,24.686613,18.167313,34.48457,95.428345,130.46315,11.810187,30.0,120.65416666666667,-30.1914
2021-04-15 00:30:00,-14.092448944973086,51.68844632269504,10.31762036555904,10.31762036555904,21.819137322916667,0.11231112498782067,37.10575208336453,0.6000000000000001,79.04443940644445,9.766710389249868,57.252483917721754,206.4571737695139,335.8335402083333,390.4947116885229,16.71572849926001,0.45927384,0.169144,311.5718,30.47984,9.926055,66.353745,24.540113,17.123137,0.026055716,186.8557,21.792665,15.418988,12.02302,97.35716,133.1787,11.810187,30.0,120.65416666666667,-30.1914
2021-05-15 00:30:00,-8.450859698633177,40.38850716445187,19.310765499614813,19.310765499614813,15.764267217696672,0.16049693113559063,56.586720928061375,51.2,51.53424464805318,17.689999339103533,30.798127940332783,143.14355907122302,321.4744409830366,389.70734060560454,7.845695671518016,0.4006473,0.17950118,301.21713,32.218647,9.926055,66.353745,24.540113,12.076357,0.7293872,139.75505,15.994352,7.7172556,45.389782,91.89737,160.66237,11.810187,30.0,120.65416666666667,-30.1914
2021-06-15 00:30:00,-7.967287181521396,41.127357997231584,15.92995533754877,15.92995533754877,11.604789473203047,0.26338849801401165,65.65571254857237,10.2,43.8780309012772,15.079374388969775,27.875929597879153,128.59683720685717,302.72306324471685,389.04705561894013,4.716972011139735,0.42047817,0.16824043,292.75497,32.502293,9.926055,66.353745,24.540113,8.399996,0.40952307,129.23997,11.1083355,3.6142807,20.525665,77.93847,173.3668,11.810187,30.0,120.65416666666667,-30.1914
2021-07-15 00:30:00,-6.215482108253376,40.28056960053193,22.490363240392142,22.490363240392142,11.909753974462365,0.2592119004278106,69.29849807489194,52.199999999999996,47.18606747917742,20.60273120020391,23.49435413711499,124.31457302730445,310.0736930107527,390.9751786575686,4.303543086785848,0.3610092,0.1561218,292.07144,28.787067,9.926055,66.353745,24.540113,6.399972,0.58180445,129.2152,12.079032,3.7883253,39.769764,105.68521,203.04237,11.810187,30.0,120.65416666666667,-30.1914
2021-08-15 00:30:00,-18.324394034684545,57.43994124253342,19.221620746183497,19.221620746183497,13.272672081317205,0.30361015887601583,50.73454977496492,14.4,76.3763032505223,17.60833656766571,45.53939157579847,191.88438060756928,290.93709373140484,388.8363618809884,7.560744045841552,0.3575341,0.16976391,300.27274,28.134853,9.926055,66.353745,24.540113,13.762999,0.048542783,179.92085,13.25403,6.6396503,14.713367,75.0088,166.90616,11.810187,30.0,120.65416666666667,-30.1914
2021-09-15 00:30:00,-33.47256380738227,62.444661161188804,13.312948208089718,13.312948208089718,15.798785089769197,0.1602213641676618,40.70874037755092,4.4,108.38208344476492,12.602102516731842,73.99641320115418,244.45436395986252,299.0174810427423,395.8128793183234,10.73926043314574,0.4313575,0.1548361,308.68286,26.298319,9.926055,66.353745,24.540113,19.62753,0.01611066,221.07253,15.536166,10.011122,6.882128,61.365257,139.30373,11.810187,30.0,120.65416666666667,-30.1914
2021-10-15 00:30:00,-39.1145679881792,70.64314191538497,21.003858919540605,21.003858919540605,17.55112052620968,0.131627137672389,41.62606607931578,17.4,146.013040330168,19.240990234836033,91.25576289354997,291.2332190314852,312.97666609983304,400.8388719201861,11.840949593466748,0.45614728,0.16108082,313.7745,25.619806,9.926055,66.353745,24.540113,22.209944,0.09064012,267.98837,17.883226,11.61738,14.790519,36.386013,142.07121,11.810187,30.0,120.65416666666667,-30.1914
2021-11-15 00:30:00,-36.94015841181882,73.52734951100125,27.137131699887185,27.137131699887185,20.915488915972222,0.13003390562189807,42.294745369459854,28.399998999999998,166.56207352366735,25.68814287764012,110.07522410653158,317.710511607313,334.52659756944445,401.8298226231476,14.493351199876445,0.47586304,0.1385527,318.68106,24.10065,9.926055,66.353745,24.540113,23.593874,0.17140883,297.39197,21.504332,15.235056,16.68066,38.353306,113.36211,11.810187,30.0,120.65416666666667,-30.1914
2021-12-15 00:30:00,-38.36507193584855,84.35284584816917,18.26229759892544,18.26229759892544,26.394094374999998,0.09392605509444547,30.57592667791233,7.000000000000001,179.48966918275545,16.729530088382415,131.48136792066708,358.7583973284083,350.62796691979753,401.9920322310901,24.43966195080034,0.47384295,0.14202744,325.55334,24.598185,9.926055,66.353745,24.540113,25.53504,0.0040197843,343.3243,26.854517,24.183414,10.2799635,41.751144,103.1164,11.810187,30.0,120.65416666666667,-30.1914
