time,NEE_SOLO_EC,GPP_SOLO_EC,ER_SOLO_EC,ET_EC,Ta_EC,Sws_EC,RH_EC,Precip_EC,Fn_EC,Fe_EC,Fh_EC,Fsd_EC,Fld_EC,CO2_EC,VPD_EC,LAI_anom_RS,kNDVI_RS,kNDVI_anom_RS,FPAR_RS,fPAR_RS,LST_RS,tree_cover_RS,nontree_cover_RS,nonveg_cover_RS,LST-Tair_RS,TWI_RS,NDWI_RS,rain_anom_RS,rain_cml3_anom_RS,rain_cml6_anom_RS,rain_cml12_anom_RS,srad_anom_RS,vpd_RS,tavg_anom_RS,SOC_RS,CO2_RS,C4_percent_RS,elevation_RS,month_RS,VegH_RS,MI_RS,x_coord,y_coord
2013-09-15,-50.57002606329638,178.28323885870765,96.43467882771093,96.43467882771093,15.829529856944443,0.2678958661915519,76.79759630462976,0.0,137.94545938208677,91.28554319894737,37.808162944710375,255.47625791563195,362.77006660783843,374.5781032955168,4.210995255089501,1.1059151,0.64743835,1.017212,84.54952,0.8849695,24.88144,78.676025,17.34651,4.758553,5.0379486,6.7038593,0.027016144,1.6583624,1.3486041,1.1609035,0.80283254,0.9995168,12.468036,1.0223638,4.792594,394.065,67.92513,799.2243,9.0,25.810963,0.20078868,145.6301375,-17.11746943
2013-10-15,-45.752300809453004,209.7682510027193,87.11836291268709,87.11836291268709,17.776347892154767,0.24145758662608932,78.38014122164638,0.0,159.91733161651294,79.80645730382655,59.46335520629943,272.7821305368903,373.6884721609572,369.3115818260492,4.449375145636302,1.0759405,0.6244147,1.006406,87.13088,0.8951046,25.677612,78.676025,17.34651,4.758553,3.9300709,6.7038593,0.03319036,0.54534924,0.7764729,1.191787,0.7982012,1.0114628,13.693241,1.009683,4.792594,394.127,67.92513,799.2243,10.0,25.810963,0.15603556,145.6301375,-17.11746943
2013-11-15,-7.2677057023049265,186.1747668172937,85.12174635323855,85.12174635323855,18.855067487269107,0.2622064876518173,84.48389254583091,141.399999,140.73657702996786,80.57666545227859,42.87618213737465,231.9367711555667,391.2547198192493,378.0366865161189,3.4210999996685056,0.9351222,0.6013188,0.9834341,69.285774,0.8283123,25.985565,78.676025,17.34651,4.758553,2.9786758,6.7038593,0.044409774,2.493824,1.7020575,1.349614,0.869701,0.9433342,11.044831,1.0040115,4.792594,394.085,67.92513,799.2243,11.0,25.810963,0.89670384,145.6301375,-17.11746943
2013-12-15,-43.23558899503925,225.01888211846466,109.69195202896981,109.69195202896981,18.85261210080645,0.27821501553787986,81.34822725032696,117.4,161.8404242503923,100.48542917349175,43.643802976377195,223.91585507370363,385.4182933314932,367.708266668293,4.111830605105005,1.140185,0.6295524,1.0205492,81.28174,0.90589756,26.796722,78.676025,17.34651,4.758553,3.6354523,6.7038593,0.03844354,0.39759982,0.94219375,1.0552251,0.9208728,1.0047612,12.563454,0.9685491,4.792594,393.929,67.92513,799.2243,12.0,25.810963,0.117512874,145.6301375,-17.11746943
2014-01-15,-4.002969416896027,204.95007116612214,112.85544193021545,112.85544193021545,20.998683543010753,0.2866869115049048,85.59277603768714,301.6,166.8324320739926,103.38340513738673,26.730449408567832,214.9400461601062,407.7539471676969,373.5671622903341,3.637485578009245,1.0831968,0.62522006,1.006749,64.69946,0.67040825,27.47284,78.53964,17.872402,3.6930203,3.2480106,6.7038593,0.03378446,0.6466325,0.7930615,0.79387224,0.8208034,1.0726292,10.270754,1.0173849,4.792594,393.792,67.92513,799.2243,1.0,25.810963,0.96317863,145.6301375,-17.11746943
2014-02-15,0.7347890666557486,195.53531439691403,130.52330254884737,130.52330254884737,21.26986366666667,0.31373595227990086,59.54644881528949,613.5999989999999,133.41487923108832,132.37928866313322,8.400299352543536,166.99980472911236,413.6255536816941,385.3410045149687,10.388668711423996,0.33181244,0.62013966,0.99105173,25.312183,0.42977688,27.339996,78.53964,17.872402,3.6930203,4.27721,6.7038593,0.034483287,1.2137531,0.79572624,0.9378513,0.9610021,0.93946886,5.9665794,0.9750327,4.792594,393.824,67.92513,799.2243,2.0,25.810963,2.4871986,145.6301375,-17.11746943
2014-03-15,-2.261741561459084,208.89072854418905,102.95177305784466,102.95177305784466,21.358686369623655,0.3131344666849541,10.10070197514151,296.4,116.52117457436314,94.31095817455484,12.319870601584405,155.7800548873387,402.8427864024243,376.68596831674637,23.21531538866436,0.774194,0.64859194,1.027692,44.078453,0.6637806,25.764984,78.53964,17.872402,3.6930203,3.644287,6.7038593,0.023371365,0.7166726,0.84950894,0.85404867,0.9404993,0.9726344,6.7436147,0.9802868,4.792594,393.985,67.92513,799.2243,3.0,25.810963,1.7049379,145.6301375,-17.11746943
2014-04-15,5.284846066624725,183.91857949358433,85.95043164599646,85.95043164599646,20.69647014722222,0.30145768997023054,1.2573261827926694,597.599998,111.13572168980022,81.36110304267628,13.188253742493004,151.5832256342107,398.0898259684644,397.66773584172654,24.461478878875244,0.98120946,0.6343056,0.98738486,63.01928,0.63430923,20.235748,78.53964,17.872402,3.6930203,-1.2031097,6.7038593,0.030534366,2.123012,1.1888714,1.0081042,1.0423342,0.9619891,6.1731286,1.0179062,4.792594,394.171,67.92513,799.2243,4.0,25.810963,1.9056723,145.6301375,-17.11746943
2014-05-15,-20.720277145584923,172.88638673879694,122.51218076273166,122.51218076273166,18.134138315860216,0.2955665870473556,1.165451695576563,187.00000000000003,105.42833113996012,112.22964707266964,6.34099033815195,146.81109282102082,382.43876282366085,405.5151475791601,20.81176940557405,1.1406498,0.624558,0.9693187,62.502144,0.80006546,21.529999,78.53964,17.872402,3.6930203,2.447403,6.7038593,0.036987867,1.3896848,1.2057226,0.9550921,1.0248282,0.9510652,6.7076855,1.0005455,4.792594,394.362,67.92513,799.2243,5.0,25.810963,0.5852655,145.6301375,-17.11746943
2014-06-15,-7.09071079504874,133.87948323023744,91.99614630562293,91.99614630562293,16.57884945416667,0.3247895425486908,2.065373825541437,138.8,74.01273609232747,87.08400639485974,6.537020146569318,107.36797749832152,376.9990374719258,395.6878717691417,18.658985350853637,1.1230065,0.5762956,0.8902385,59.793842,0.90962535,18.21402,78.53964,17.872402,3.6930203,0.6321354,6.7038593,0.026141739,2.0686278,1.905638,1.103239,1.0746542,0.9290743,5.8000126,0.9935338,4.792594,394.76,67.92513,799.2243,6.0,25.810963,0.9386993,145.6301375,-17.11746943
2014-07-15,-54.05033371663279,152.27933265338788,92.13480088672065,92.13480088672065,14.787733489919356,0.2734996828835355,1.0575330089525736,81.4,108.43645721204423,84.40186210262016,19.609242725821296,164.7428850088743,351.3878386964655,391.233936001245,16.777070856928624,1.145211,0.6427025,0.9902891,74.112854,0.9160039,18.608337,78.53964,17.872402,3.6930203,2.6149902,6.7038593,0.03226916,0.6761726,1.4074657,1.2326567,1.0395424,1.0423214,7.601741,0.9488166,4.792594,395.297,67.92513,799.2243,7.0,25.810963,0.21880293,145.6301375,-17.11746943
2014-08-15,-56.80196695638733,163.37753092839017,89.65141859200794,89.65141859200794,15.63726842204301,0.2959694874916608,1.0875437423226175,81.60000000000001,114.42186622658939,82.12691183443499,20.514184363203785,168.0212573054953,359.3513229683724,391.9704467831414,17.72846921603103,0.79230946,0.60247105,0.93328995,60.683224,0.90048045,19.93399,78.53964,17.872402,3.6930203,2.4911156,6.7038593,0.02286563,1.756907,1.4913266,1.2624832,1.0656822,0.9536924,8.178208,1.0003576,4.792594,395.764,67.92513,799.2243,8.0,25.810963,0.13338156,145.6301375,-17.11746943
2014-09-15,-67.01675739793197,186.5904466189665,81.88741225265898,81.88741225265898,17.129604672916667,0.24594617987569453,1.0942928210831784,4.4,186.6331873482685,77.51502882064972,56.12270434498344,268.075852384125,352.3877931587095,384.20113905874365,19.52595334346993,1.1372883,0.63831055,1.002871,88.53969,0.8948945,22.685455,78.53964,17.872402,3.6930203,3.642374,6.7038593,0.02539621,0.12306329,0.82388896,1.6170943,1.0374153,1.0630138,12.616268,0.98112565,4.792594,396.004,67.92513,799.2243,9.0,25.810963,0.06334307,145.6301375,-17.11746943
2014-10-15,-50.79831146112264,189.91342712270733,84.83848042474978,84.83848042474978,18.53229383870968,0.18698364155345362,0.960796509873681,11.4,209.9543811722675,77.71792696018746,69.40341278725276,299.52211344926747,356.435311185948,388.28853629320815,21.392211549952428,1.0675805,0.62136364,1.0014883,84.805756,0.8919917,25.210083,78.53964,17.872402,3.6930203,4.247862,6.7038593,0.031234836,0.34281403,0.6803825,1.153966,1.0304371,1.0565522,15.241046,0.97322255,4.792594,396.005,67.92513,799.2243,10.0,25.810963,0.09479036,145.6301375,-17.11746943
2014-11-15,-34.2257666118832,201.69768907565182,68.31756097464141,68.31756097464141,20.91596561805555,0.15617639585850038,1.004381396303859,11.200000000000001,214.05028836696744,64.66974058926704,76.4275962022932,291.0490457556542,383.6850337304083,386.80098113117,24.86465424797298,1.1378114,0.61831677,1.0112337,80.20132,0.89347947,26.993164,78.53964,17.872402,3.6930203,3.8418827,6.7038593,0.046616074,0.16010512,0.21198222,0.83982396,0.93044555,1.0689132,15.183433,1.0103127,4.792594,395.962,67.92513,799.2243,11.0,25.810963,0.07635705,145.6301375,-17.11746943
2014-12-15,9.687732637611202,191.93149450262248,77.87994802860635,77.87994802860635,22.859397112903224,0.14455734192260714,1.213578554573293,62.0,224.69230283570403,71.34342909311101,72.07716668183201,297.7277586645222,397.9159039324613,392.1163471184575,28.009144906851155,1.2687517,0.61049396,0.98965406,87.84353,0.9080529,25.87799,78.53964,17.872402,3.6930203,1.4029789,6.7038593,0.03992358,0.38295287,0.32100046,0.46086448,0.94964874,1.0906557,13.55323,1.0234866,4.792594,395.893,67.92513,799.2243,12.0,25.810963,0.30690253,145.6301375,-17.11746943
2015-01-15,35.89228509309657,178.12264683509486,115.46979281047663,115.46979281047663,23.501635858870966,0.22768334511921642,96.04184362652829,2.74999998,176.46091445519437,105.77833170541571,26.847680128292296,225.51767891213035,413.61761666380943,401.9592210586805,1.1677189570612532,1.0282172,0.6013132,0.96825343,70.03288,0.59716785,27.613342,81.02254,16.08253,3.579171,3.1040611,6.7038593,0.042391125,0.68416816,0.5219677,0.5489103,0.9571626,1.036454,10.40387,1.0293312,4.792594,395.927,67.92513,799.2243,1.0,25.810963,1.0903767,145.6301375,-17.11746943
2015-02-15,43.19007958383962,146.51176049938752,105.41745067738151,105.41745067738151,22.54688724107143,0.3119469054534123,98.07514971126281,4.220000000000001,154.35568074513836,106.91644220487073,17.403811420752362,204.14599645961212,404.8922976780329,396.9996357523707,0.5352814629158456,0.9172152,0.61930656,0.9897204,53.67833,0.89321333,27.054016,81.02254,16.08253,3.579171,3.2436275,6.7038593,0.035456404,1.6822587,0.98242074,0.86715305,1.0418156,0.99106556,9.372031,1.0066392,4.792594,396.068,67.92513,799.2243,2.0,25.810963,2.810977,145.6301375,-17.11746943
2015-03-15,-14.21447250637637,219.5212025302165,92.92382813485528,92.92382813485528,21.980604243279572,0.28246571219973765,97.66272696126009,3.6339999799999996,160.33143785895547,85.12466573763476,29.57364627314918,222.82106905919085,392.3765805963025,389.29414327896035,0.6274752665381111,1.4874843,0.6435437,1.019693,73.56453,0.94123447,24.369995,81.02254,16.08253,3.579171,1.4687061,6.7038593,0.043963436,0.73370945,1.0159837,0.8397057,1.0429622,1.1373703,9.846871,1.014879,4.792594,396.189,67.92513,799.2243,3.0,25.810963,1.0468658,145.6301375,-17.11746943
2015-04-15,-7.432873204056793,186.26284965493625,72.88232272606628,72.88232272606628,20.153112360858792,0.23319639639430376,90.08142999225564,3.5100000000000002,135.63104908479642,68.99076660519916,26.529674050322065,191.34404657731127,384.261855876647,396.06180198907094,2.374452914972641,1.3895175,0.65190053,1.0147738,74.63925,0.7208122,22.268616,81.02254,16.08253,3.579171,0.9692116,6.7038593,0.032423627,0.45856306,1.0425255,0.8118435,0.8743858,1.1072283,9.540222,1.011285,4.792594,396.498,67.92513,799.2243,4.0,25.810963,0.39489865,145.6301375,-17.11746943
2015-05-15,-30.2071919495608,181.91308614845258,70.93511899321851,70.93511899321851,18.336999351431658,0.20578539057510883,86.6686238789089,74.60000000000001,113.75364876640133,64.98148445406245,20.614124017124787,166.30547774088063,373.9475967501643,392.171022746027,2.84385939704648,1.0614935,0.6408374,0.99458444,61.723515,0.85273033,21.534637,81.02254,16.08253,3.579171,2.1353073,6.7038593,0.036640108,0.462329,0.61714137,0.8229192,0.8275748,1.080725,9.31011,1.0171527,4.792594,396.934,67.92513,799.2243,5.0,25.810963,0.35281467,145.6301375,-17.11746943
2015-06-15,-14.527618896520337,147.61104028286644,70.05284400170353,70.05284400170353,17.646099756944444,0.24558283771081454,90.08112434044457,259.20000000000005,77.0291470184853,66.31236807198295,1.4824455063749786,108.20122005813263,384.29603459590174,402.9297921858375,2.024318820131833,0.84003943,0.64186734,0.99153113,49.47323,0.26252264,18.235718,81.02254,16.08253,3.579171,-0.78211594,6.7038593,0.041635595,2.9088013,0.9440534,0.9987029,0.8564749,0.88832784,6.7548637,1.0746778,4.792594,397.253,67.92513,799.2243,6.0,25.810963,1.109897,145.6301375,-17.11746943
2015-07-15,-52.124161306252894,158.25523499776727,68.49162170581795,68.49162170581795,15.639386447527682,0.2889768989869029,87.96390103120802,61.599999999999994,100.17276529016168,62.743071616410894,20.929570547473592,148.41708988931586,360.9849413033498,390.85971116802887,2.157574875456349,0.8676622,0.65715456,1.0125571,60.00023,0.90277684,18.854462,81.02254,16.08253,3.579171,2.1052742,6.7038593,0.024895236,0.70318294,1.2684647,1.087782,0.8564202,0.982998,7.421035,0.99365735,4.792594,397.741,67.92513,799.2243,7.0,25.810963,0.23894908,145.6301375,-17.11746943
2015-08-15,-66.34499261445391,173.99953341340546,76.23281451201504,76.23281451201504,16.04321518727742,0.2388266925900595,83.43942651069665,44.400000000000006,148.51447900896625,69.83454065362908,46.140646873143126,218.16805444761246,349.7872173384688,385.9311748156686,3.047582211116249,1.2234744,0.6609979,1.0239542,81.57156,0.9287953,20.126251,81.02254,16.08253,3.579171,2.7100716,6.7038593,0.029283037,0.3064443,1.5530072,0.8031341,0.8313034,1.0542756,10.036408,0.9988266,4.792594,398.332,67.92513,799.2243,8.0,25.810963,0.079587504,145.6301375,-17.11746943
2015-09-15,-66.31860886574952,191.4620552582474,69.95708737047143,69.95708737047143,17.63419081736111,0.20728964102883773,79.83287803373157,34.6,167.66127827178514,66.22172437198638,50.098312258520146,236.7667872223104,361.1799456833336,386.48294957477265,4.112712540606469,0.8881835,0.64469284,1.0128984,74.05395,0.90151614,22.368744,81.02254,16.08253,3.579171,2.921114,6.7038593,0.02519549,0.6385892,0.5797748,0.84688634,0.83815867,1.002806,12.002891,1.0019685,4.792594,398.528,67.92513,799.2243,9.0,25.810963,0.074343376,145.6301375,-17.11746943
2015-10-15,-67.22398596764135,200.38125700903976,94.18562922863487,94.18562922863487,18.473859217741936,0.20342386809804905,82.6901211700238,110.19999999999999,171.4171763499374,86.28056297617178,42.41906034187328,230.29018016697518,376.04261100661927,392.5438409364017,3.724971679185179,0.92347515,0.63310236,1.0204084,75.526115,0.87558854,25.24002,81.02254,16.08253,3.579171,4.3081856,6.7038593,0.037685193,1.1291782,0.7659922,1.0932761,0.85921484,0.9218239,11.942685,0.9718118,4.792594,398.574,67.92513,799.2243,10.0,25.810963,0.20136909,145.6301375,-17.11746943
2015-11-15,-23.834361514097985,205.48079523326794,81.4562288706171,81.4562288706171,21.701340895833333,0.19379587692376943,83.55223019945402,46.2,208.65740228440842,77.10686850190822,59.93287592881677,271.64796505976386,395.303324838264,385.25272857777776,4.339385776535047,0.99748105,0.619087,1.0124933,74.90243,0.86974853,26.262726,81.02254,16.08253,3.579171,2.7359314,6.7038593,0.031252082,0.7391925,0.84574705,1.192837,0.8816105,0.9925817,13.108575,1.0266999,4.792594,398.699,67.92513,799.2243,11.0,25.810963,0.23585437,145.6301375,-17.11746943
2015-12-15,-14.84284763390022,204.70833736929498,76.35158994623657,76.35158994623657,21.645591015391396,0.21234212250435178,86.78283109664666,295.59999999999997,153.7984152732525,69.94334718193177,34.64248506893459,196.34471564815968,406.65706730931083,383.9847371830351,3.4749420416256918,0.67648673,0.61921483,1.0037912,52.399033,0.8943231,26.725006,81.02254,16.08253,3.579171,3.2194462,6.7038593,0.026616303,1.6239928,1.322312,1.1157967,1.0266995,0.920514,10.185067,0.98294646,4.792594,398.733,67.92513,799.2243,12.0,25.810963,0.6884538,145.6301375,-17.11746943
2016-01-15,12.611151421886731,213.19354003186723,100.00768324799702,100.00768324799702,23.124047606032203,0.23832841393797585,81.04315005432764,50.2,210.76396202013805,91.61396789773204,45.210905460615216,272.7453944906748,402.94348568330315,396.55424189654144,5.463653506297881,1.3785081,0.64743054,1.042513,74.715004,0.9181124,27.101227,71.194626,27.932974,1.8724027,3.0034504,6.7038593,0.028417414,0.22265643,0.69204736,0.7065448,0.9354613,1.1328294,11.635131,1.012049,4.792594,398.849,67.92513,799.2243,1.0,25.810963,0.65128046,145.6301375,-17.11746943
2016-02-15,40.330658163045555,173.36850410369053,108.53905312346981,108.53905312346981,23.467434928846846,0.21893189717965778,80.1000481189623,135.8,196.51311758170672,106.2864865675868,35.45237078438691,259.80855062333603,400.9514968720751,407.53678081707625,5.858427611849034,1.4309585,0.62329406,0.99609286,78.05752,0.9194569,28.171844,71.194626,27.932974,1.8724027,3.381544,6.7038593,0.012294937,0.3045749,0.53895164,0.5879629,0.6836705,1.1512948,12.331352,1.0480673,4.792594,399.134,67.92513,799.2243,2.0,25.810963,0.46069676,145.6301375,-17.11746943
2016-03-15,48.05735549576514,178.48502486702012,104.10010472113242,104.10010472113242,22.441017345430105,0.28443470469707677,87.87394151418478,223.8,157.026460243396,95.36290955188562,26.718745570368235,200.0104326586492,410.0568052120125,406.59861612580613,3.350034634991697,1.2155998,0.63764584,1.0103478,67.36582,0.9362877,24.894989,71.194626,27.932974,1.8724027,1.4893818,6.7038593,0.010686132,0.5491585,0.36024332,0.5702433,0.6458052,1.0112355,7.8648224,1.037228,4.792594,399.386,67.92513,799.2243,3.0,25.810963,1.4482698,145.6301375,-17.11746943
2016-04-15,12.808957698741313,187.5475542765822,92.09301103293146,92.09301103293146,20.64672212484571,0.2810495885735153,86.6607086761487,162.0,127.81246616158685,87.17569902407433,17.485234773176533,171.42142062183694,395.44854293856525,396.4475062705893,3.2942157180523406,0.9486359,0.62669134,0.97553223,58.31716,0.7139801,20.158905,71.194626,27.932974,1.8724027,-1.8626995,6.7038593,0.0106228,0.6886945,0.48325974,0.5635729,0.65961677,0.95479184,8.739977,1.0455747,4.792594,399.735,67.92513,799.2243,4.0,25.810963,0.695855,145.6301375,-17.11746943
2016-05-15,18.367453707465636,183.9968550421529,81.70867698560468,81.70867698560468,20.33193597674715,0.30281122837617475,88.7870374001867,224.20000000000002,104.0004715289037,74.85081012988339,15.357105486359004,139.88488336846808,398.157046126024,389.32360813951857,2.7147672271099155,0.75058013,0.6299745,0.9777252,52.83925,0.92866933,20.910004,71.194626,27.932974,1.8724027,-0.3068447,6.7038593,0.009297977,2.0500846,0.81209344,0.6450305,0.7404091,0.96273077,8.108934,1.1124494,4.792594,400.239,67.92513,799.2243,5.0,25.810963,0.70675683,145.6301375,-17.11746943
2016-06-15,4.709695052000951,153.2482594443968,69.08276054475479,69.08276054475479,18.35791130277778,0.3055917414139674,88.77692831332611,117.39999999999999,92.4213628885621,65.39408228109968,12.379842774593067,131.7347876134318,382.59994783136693,383.79059793947073,2.3973149843299204,1.1903731,0.65777487,1.0161045,58.393066,0.9311792,21.067535,71.194626,27.932974,1.8724027,1.8171768,6.7038593,-0.00197323,1.103894,1.1543667,0.5510277,0.67531395,0.9882696,7.1921163,1.0878175,4.792594,400.787,67.92513,799.2243,6.0,25.810963,0.6199278,145.6301375,-17.11746943
2016-07-15,-23.362942366302185,164.65312070891275,87.07406598403549,87.07406598403549,17.291340310655805,0.31407401945254276,89.00824361311896,178.99999999999997,100.44498395229287,79.76587824762152,18.7157696636903,140.31605122354026,377.2475169335436,386.2565642122066,2.19270770887891,1.1014931,0.64369565,0.9918193,77.88335,0.8532749,20.029968,71.194626,27.932974,1.8724027,2.0324821,6.7038593,-0.0027986283,1.2999605,1.5649291,0.69992375,0.6930525,0.9828246,7.0917373,1.0677135,4.792594,401.306,67.92513,799.2243,7.0,25.810963,0.48542944,145.6301375,-17.11746943
2016-08-15,-77.3784877368818,192.06581039436796,87.41595411282213,87.41595411282213,16.30878402643236,0.2910556141144671,89.78079557950736,77.6,124.40060576952976,80.07907146476268,28.21830683388097,168.38848062214038,371.52384939269086,381.63910628238915,1.9132719540060004,0.8742165,0.6381725,0.9885952,66.39773,0.65839094,20.570007,71.194626,27.932974,1.8724027,2.7524433,6.7038593,0.0023769643,1.4115893,1.2403997,0.8972145,0.71282667,0.92479765,8.010305,1.0218462,4.792594,401.608,67.92513,799.2243,8.0,25.810963,0.18358243,145.6301375,-17.11746943
2016-09-15,-81.7998640075069,224.9411082044361,84.36825244345894,84.36825244345894,19.519493809090484,0.2786578531267704,89.60990035743026,103.4,151.67123413309324,79.86340439632363,35.46887392096248,199.83707200660254,388.4850476563722,378.69917470403783,2.3896379110160613,0.8897724,0.6576058,1.0331864,76.834076,0.9056746,23.401123,71.194626,27.932974,1.8724027,2.4637966,6.7038593,0.0052023274,1.5319957,1.3899634,1.2172093,0.7263203,0.9204411,10.129347,1.0787197,4.792594,401.767,67.92513,799.2243,9.0,25.810963,0.2198529,145.6301375,-17.11746943
2016-10-15,-78.353871295929,229.45307973131023,98.76909027545648,98.76909027545648,19.72156765860215,0.22940396061788207,83.67815360436636,25.599999999999998,194.74563084492405,90.47933090645908,54.69200259718499,261.9036632506989,378.21346208468816,383.4738267701664,3.8022418968474265,1.0895966,0.62884015,1.0135387,89.48991,0.90631,24.973297,71.194626,27.932974,1.8724027,3.6960392,6.7038593,0.012013398,0.6035916,1.0807153,1.3961065,0.7106507,0.98045486,12.96891,0.9878489,4.792594,401.801,67.92513,799.2243,10.0,25.810963,0.117999375,145.6301375,-17.11746943
2016-11-15,-62.99404930069403,229.22396321763782,104.5374370959853,104.5374370959853,21.328981953547885,0.19547917776744286,79.76140692590064,54.8,217.35089660201132,98.95565418931696,61.41556876620916,293.1146939361185,383.0643573651312,385.3105427817526,5.216643046782308,1.2097893,0.6124559,1.0016484,85.95034,0.9144496,28.002472,71.194626,27.932974,1.8724027,4.5782776,6.7038593,0.042764958,0.6259221,0.79434603,1.0132481,0.70436573,1.0386268,15.770847,1.0222225,4.792594,401.532,67.92513,799.2243,11.0,25.810963,0.16825143,145.6301375,-17.11746943
2016-12-15,-78.34831889666467,259.8990426990787,111.29114131097452,111.29114131097452,22.107842392473117,0.18978434211903886,79.99786067383245,120.19999999999999,210.66505115507775,101.95039737179178,55.64286456634431,272.9739579092137,399.54159872896827,384.8303974452709,5.412601475296652,1.2080225,0.6256078,1.0141547,79.13331,0.8904341,28.03769,71.194626,27.932974,1.8724027,4.1064777,6.7038593,0.04004111,0.3925246,0.4854782,0.73703486,0.59550154,1.0526834,13.630139,1.0007461,4.792594,401.333,67.92513,799.2243,12.0,25.810963,0.31739432,145.6301375,-17.11746943
2017-01-15,-37.64947292235765,237.37710520412247,103.9693750893812,103.9693750893812,23.042095282325864,0.2763614002960046,88.75763372084292,411.23800000000006,183.3447052290095,95.2431521502784,38.97409004949783,230.40965758050527,413.4769386608037,393.81314603954394,3.223836520886249,1.1676664,0.63562065,1.0234964,64.17964,0.9142711,25.96817,78.23266,19.218912,3.074319,1.6647453,6.7038593,0.02924452,1.4120032,0.99771595,1.0149351,0.8309215,0.979685,7.6134715,1.0206857,4.792594,401.312,67.92513,799.2243,1.0,25.810963,1.9338831,145.6301375,-17.11746943
2017-02-15,-22.93397688611092,205.62414512387895,95.08044383430723,95.08044383430723,22.758900162392884,0.3340033213517798,88.32041949837482,372.65599999999995,157.96195137965162,96.43244749994057,21.791357513571615,202.2076214635827,411.0708512488102,397.70270337754675,3.2909776267640676,0.9900318,0.6322653,1.01043,65.30752,0.9140185,25.029999,78.23266,19.218912,3.074319,1.226429,6.7038593,0.019557772,0.9739052,1.0147161,0.9841996,0.95227045,0.9699136,7.5117874,1.006351,4.792594,401.305,67.92513,799.2243,2.0,25.810963,1.1640981,145.6301375,-17.11746943
2017-03-15,4.221442863190646,218.61328004149652,96.42908315135142,96.42908315135142,23.07776363029851,0.32987792040800645,87.37064291918225,152.39999999999998,166.82007982382603,88.33572222974756,26.82280345087537,220.83580162466868,404.8053723456153,403.53821482162226,3.629567884845684,1.6108351,0.6388407,1.0122411,83.25275,0.7177512,24.391663,78.23266,19.218912,3.074319,0.30656815,6.7038593,0.038713552,0.40999025,0.930863,0.8125065,0.9227881,1.0828801,8.985384,1.0673398,4.792594,401.409,67.92513,799.2243,3.0,25.810963,1.0995861,145.6301375,-17.11746943
2017-04-15,-49.025808627038245,209.4011585057001,88.09206855415042,88.09206855415042,19.71220352750874,0.33635383000039204,88.31846229024875,127.19999999999999,119.26062639591207,83.38838711591953,11.08126580816586,164.11905911488648,388.82405527697483,387.45784330317395,2.7196503930902103,1.0033423,0.6468968,1.0069848,58.62909,0.8207613,21.516663,78.23266,19.218912,3.074319,0.62353706,6.7038593,0.04003188,0.6614967,0.6766682,0.8010637,0.9091459,1.0070153,8.556902,0.99199504,4.792594,401.665,67.92513,799.2243,4.0,25.810963,0.5799708,145.6301375,-17.11746943
2017-05-15,-34.599097613799216,177.0278518416451,74.30929038206912,74.30929038206912,18.306104131442527,0.32865506010265044,89.43122918341821,108.4,106.39286172816112,68.07245925979868,15.938174878597245,151.193749995668,379.5634194414249,393.49591437750996,2.250091853338646,1.2089043,0.6495096,1.0080439,69.07819,0.94147253,21.17926,78.23266,19.218912,3.074319,1.718504,6.7038593,0.02795755,0.87878203,0.5495429,0.8140434,0.84996253,1.0237293,8.098498,1.0203733,4.792594,401.902,67.92513,799.2243,5.0,25.810963,0.89071953,145.6301375,-17.11746943
2017-06-15,-29.575736100717723,125.47839977917317,52.92888438376248,52.92888438376248,15.969987578285165,0.32298530570925893,90.51225954805074,95.6,74.37330543623024,50.10274333487639,5.885742618133852,108.81645919489387,372.3919369369984,395.88114606618007,1.737712922270206,1.0370307,0.6506813,1.0051466,56.062412,0.90853775,16.42334,78.23266,19.218912,3.074319,-1.3583126,6.7038593,0.016711837,1.0599749,0.8015008,0.89978456,0.8473841,0.9442324,7.0349727,1.0048225,4.792594,402.207,67.92513,799.2243,6.0,25.810963,0.7844099,145.6301375,-17.11746943
2017-07-15,-37.11391754997305,155.1160397674111,65.22840356442379,65.22840356442379,16.92015828629032,0.32664095330732024,89.21354494623655,126.20000000000002,101.88114931920293,59.75373767386133,14.060935966508271,142.66064401639787,374.97551639784945,396.23869608564024,2.100899137943994,0.89464664,0.64892924,0.99988335,65.65282,0.77179307,19.45221,78.23266,19.218912,3.074319,1.1644268,6.7038593,0.027862359,1.0372264,0.97559303,0.7365444,0.8383861,0.96865886,7.9773164,1.0849355,4.792594,402.838,67.92513,799.2243,7.0,25.810963,0.20989119,145.6301375,-17.11746943
2017-08-15,-67.51229487462635,190.03421609925664,80.74146304730172,80.74146304730172,16.967077232055473,0.25110310474772807,84.2833072772164,14.4,150.4701955386501,73.96477513920979,34.836823704048165,215.1403972054973,359.19515115709675,390.52360434796424,3.070450345508308,1.1388168,0.6637151,1.0281633,76.14619,0.91800636,22.054993,78.23266,19.218912,3.074319,3.67585,6.7038593,0.02577128,0.2178556,0.8753412,0.6142916,0.81777817,1.0439715,10.671014,1.0540531,4.792594,403.397,67.92513,799.2243,8.0,25.810963,0.08523503,145.6301375,-17.11746943
2017-09-15,-74.32114009358051,202.90207796954434,77.9742205485361,77.9742205485361,17.866485147916666,0.20605575524305553,82.50643799305556,73.0,172.63605685535694,73.81078222912353,46.06058402164885,242.43366140893332,362.46829236111114,396.8281572857032,3.6210492158626186,1.0578725,0.6269898,0.9850846,85.52754,0.90907127,22.89502,78.23266,19.218912,3.074319,3.4217587,6.7038593,0.016900871,1.499197,0.9362516,0.83744395,0.8154118,1.0267359,12.33651,1.0032891,4.792594,403.611,67.92513,799.2243,9.0,25.810963,0.16600524,145.6301375,-17.11746943
2017-10-15,-55.828608376998936,217.57645724243176,84.19314733690146,84.19314733690146,20.116764893853155,0.2238404484227332,84.09630845649615,214.39999899999998,176.49028610633457,77.12675713329654,46.40081719613099,230.93484887136646,389.46758277682346,401.51792187206024,3.7985356484464297,0.8618707,0.63525164,1.0238725,72.35561,0.87166566,26.003326,78.23266,19.218912,3.074319,4.2089615,6.7038593,0.027457021,2.8877428,1.7640301,1.2504842,0.8785826,0.96322066,10.951752,1.0118568,4.792594,403.738,67.92513,799.2243,10.0,25.810963,0.6725943,145.6301375,-17.11746943
2017-11-15,-76.09222561129661,243.55620740489945,99.52371112799607,99.52371112799607,20.3514034221984,0.24952156996101982,87.11255391291662,132.60000000000002,187.48495577559135,94.20963642887776,43.64543125046338,237.61550737284279,396.32329873010076,402.25032048679594,3.124006371119567,0.9907744,0.6302131,1.0306896,79.143845,0.8793556,24.447784,78.23266,19.218912,3.074319,2.0701141,6.7038593,0.030036312,1.4190557,1.90932,1.4018921,0.90990263,0.9157059,11.188104,0.9765526,4.792594,403.846,67.92513,799.2243,11.0,25.810963,0.3438129,145.6301375,-17.11746943
2017-12-15,-57.00777047575833,258.89509765011496,115.14181186365907,115.14181186365907,21.882220907650602,0.24119672575783724,82.3598103406186,60.8,227.96778369795325,105.47787843065781,57.12252594713578,301.28755682181946,388.32681597273853,402.9242642030646,4.706809319738094,1.269733,0.6393809,1.0364817,86.6516,0.854806,24.655548,78.23266,19.218912,3.074319,0.8592682,6.7038593,0.03630654,0.25298238,0.97979945,0.9676879,0.91601986,1.1266367,15.154512,0.99510366,4.792594,403.857,67.92513,799.2243,12.0,25.810963,0.17737605,145.6301375,-17.11746943
2018-01-15,-40.41694527594832,247.99170941025687,101.97341218968424,101.97341218968424,22.17835403156431,0.24573181525123136,87.3815413680182,304.39999900000004,156.40573177796693,93.41471182370417,23.951428433818133,198.9229095093849,407.8768359427993,404.95543196286803,3.4295910202504154,1.1197977,0.6180956,0.995277,61.95778,0.86708033,23.892548,67.872406,26.255194,6.0,-0.14731026,6.7038593,0.046404492,1.0545536,0.8509598,0.9970072,0.8453651,1.0142564,9.453651,1.0096165,4.792594,403.901,67.92513,799.2243,1.0,25.810963,1.2305474,145.6301375,-17.11746943
2018-02-15,0.4476550555173642,192.62838235979564,109.6987447087511,109.6987447087511,22.536231904122204,0.30638540273960013,83.91306856367291,465.599999,186.22096849614258,111.25861442517842,29.731612119737694,243.1891887389754,399.2774808618759,408.6306854435831,4.470654892706012,1.2361579,0.63931584,1.0216974,67.989525,0.8843224,28.514587,67.872406,26.255194,6.0,5.202099,6.7038593,0.037345126,0.9872201,0.8463546,1.0127513,0.8471468,1.0958455,8.957859,0.98558944,4.792594,403.963,67.92513,799.2243,2.0,25.810963,1.4187708,145.6301375,-17.11746943
2018-03-15,5.670459569855349,203.49899325269894,95.29349580559706,95.29349580559706,21.5274717151891,0.3594107546904666,89.60266117355714,1256.199995,121.14843199718197,87.29544553039612,6.025415608542524,154.9670969001946,408.10489438507426,393.9704682251828,2.7134739379722954,0.7670033,0.5793,0.9178991,46.95535,0.46262765,23.036682,67.872406,26.255194,6.0,0.80810547,6.7038593,0.03414457,2.358031,1.479425,1.3382735,1.2296941,0.93838185,5.575641,0.9850675,4.792594,404.055,67.92513,799.2243,3.0,25.810963,3.36094,145.6301375,-17.11746943
2018-04-15,-22.550582738465792,222.50878409148828,91.11071979989009,91.11071979989009,20.09781975594402,0.32690734545412065,84.98726298288446,58.8,133.09673887745782,86.24585729205644,15.279789982178444,185.3436533780473,385.1840650888425,383.56584091990226,3.5814490755882344,1.367992,0.6661893,1.0370163,76.27616,0.9352932,21.917267,67.872406,26.255194,6.0,0.4119625,6.7038593,0.03311329,0.35081667,1.4303683,1.16995,1.1857867,1.0742416,9.293343,1.021061,4.792594,404.316,67.92513,799.2243,4.0,25.810963,0.5272958,145.6301375,-17.11746943
2018-05-15,-22.15944495386787,187.2488070270564,63.27155077423593,63.27155077423593,17.614298099686795,0.28343665694555925,87.45203749386161,67.8,92.99921421949823,57.96112491773645,7.033837204476721,131.39273176974592,379.93044017643325,371.0802210883601,2.555659251627446,1.0094172,0.6685293,1.0375625,55.82604,0.9226951,20.347504,67.872406,26.255194,6.0,1.3158779,6.7038593,0.026464276,0.605007,1.5415529,1.1217871,1.1722449,0.9932226,7.346887,0.99787307,4.792594,404.557,67.92513,799.2243,5.0,25.810963,0.48938847,145.6301375,-17.11746943
2018-06-15,-57.65725006639185,178.75382909360215,68.83335296695188,68.83335296695188,15.253452235585582,0.2590085935996784,86.43599466758413,102.4,102.20180074643739,65.15799183630908,16.085092645127677,155.08396586977244,355.43981938019465,372.78685339955507,2.3710649586932906,1.2573545,0.656358,1.0139158,71.198875,0.5865871,18.660767,67.872406,26.255194,6.0,1.8433933,6.7038593,0.009584392,0.6742384,0.4863799,1.240851,1.1571208,1.073352,7.999917,0.9503321,4.792594,404.832,67.92513,799.2243,6.0,25.810963,0.4037251,145.6301375,-17.11746943
2018-07-15,-60.221995426797925,196.39040191722702,67.75859643887098,67.75859643887098,15.986713998655917,0.2881678459005376,86.69458648521505,52.80000000000001,111.49047267478024,62.07156967682715,22.39292765189484,164.3157783208152,360.4017801075269,386.4078631194865,2.439581571361527,1.1933753,0.6435436,0.9915851,82.09505,0.92665297,19.825989,67.872406,26.255194,6.0,2.590252,6.7038593,0.020610536,0.74795073,0.6637439,1.2768092,1.1469815,1.0591834,8.146851,1.0225222,4.792594,405.333,67.92513,799.2243,7.0,25.810963,0.37419182,145.6301375,-17.11746943
2018-08-15,-82.95374954875206,213.16061516741752,83.3580188355088,83.3580188355088,15.897398615591399,0.22673748061590251,80.72362050403227,7.6,157.98720040021033,76.36172155570654,43.60948748627123,228.86353007488572,348.27308823924733,393.92711511598696,3.513927973634813,1.2514749,0.6486073,1.0047598,83.480484,0.9137068,20.515564,67.872406,26.255194,6.0,3.1642723,6.7038593,0.028956212,0.21910249,0.606078,1.3556379,1.1475464,1.0959152,11.744992,0.99510527,4.792594,405.804,67.92513,799.2243,8.0,25.810963,0.07437551,145.6301375,-17.11746943
2018-09-15,-81.93577133718819,222.5083770352532,85.16209286842079,85.16209286842079,17.565867781768148,0.19610736734453107,76.68188415384081,7.6,172.34242995920852,80.61485766279216,50.543510465730634,249.43461257012115,354.12119003500766,395.1622754289211,4.734481553146163,0.92994344,0.6258014,0.9832175,76.541824,0.8906411,25.047333,67.872406,26.255194,6.0,5.6064835,6.7038593,0.030339142,0.2763349,0.48379925,0.48569155,1.1243695,1.0536035,13.9059515,1.0016192,4.792594,406.019,67.92513,799.2243,9.0,25.810963,0.09324195,145.6301375,-17.11746943
2018-10-15,-30.604802924503254,217.6204421758873,88.09522418890596,88.09522418890596,20.278624785433813,0.18273880394617656,76.66756885994508,24.000000000000004,213.8916898809658,80.70132992454438,75.63873805337161,289.2982301780203,377.11433322609815,402.9556625238164,5.630056120013501,1.1556698,0.6291332,1.014011,89.79856,0.89221483,27.117493,67.872406,26.255194,6.0,4.9085636,6.7038593,0.02328425,0.31005728,0.27543855,0.52836,1.050544,1.0532572,14.882689,1.031104,4.792594,406.061,67.92513,799.2243,10.0,25.810963,0.11112614,145.6301375,-17.11746943
2018-11-15,-0.145266771498072,202.20177444876566,85.32828969411031,85.32828969411031,22.076699694197835,0.16904326618664348,77.20670281965145,43.0,209.10892497675144,80.77218039871491,76.94679993227349,276.05075720901505,395.7110829556647,406.90601682832147,6.155941185981013,0.9698025,0.6205285,1.0148509,70.23036,0.86214024,28.486908,67.872406,26.255194,6.0,4.5263977,6.7038593,0.018099925,0.6377693,0.4617779,0.5325936,1.0155395,1.052904,17.738455,1.0456271,4.792594,405.977,67.92513,799.2243,11.0,25.810963,0.21125507,145.6301375,-17.11746943
2018-12-15,44.87342106899557,176.59652382190743,107.21333001135247,107.21333001135247,22.531396755127684,0.22876041593366817,82.0648606829374,982.799998,147.42753711955328,98.21483964898985,26.907939203795,187.85714650935648,414.2376460598377,409.37633873274893,4.982786826873583,0.6139459,0.6004364,0.97335005,44.231575,0.86445224,28.355011,67.872406,26.255194,6.0,4.159794,6.7038593,0.035540048,3.9929674,2.5489898,1.9746164,1.4162923,0.871935,8.477491,1.0117862,4.792594,405.915,67.92513,799.2243,12.0,25.810963,3.1310806,145.6301375,-17.11746943
2019-01-15,13.609232235729795,222.6957225503168,108.32420547459597,108.32420547459597,21.57723266768367,0.3030730574536756,1.1244009299464217,832.799998,146.52265705896454,99.23247855154894,22.190935288266505,185.4005561498262,410.25251012117684,399.09888435829566,25.884714146430035,0.90255266,0.61546725,0.99104476,51.950676,0.8113768,26.743317,70.790794,25.55572,4.5258927,3.3239841,6.7038593,0.05914326,1.4995929,2.0992978,1.8238449,1.5044913,0.9592122,5.6950893,0.9835559,4.792594,405.904,67.92513,799.2243,1.0,25.810963,1.7371614,145.6301375,-17.11746943
2019-02-15,-16.737794980395844,250.3235793932131,122.79999034624952,122.79999034624952,22.667175049949286,0.30030905840582467,21.91381519597655,246.39999899999998,179.22291569289513,124.54615423014127,20.773453596915115,232.42738543850777,408.46429668802756,391.0762604241619,21.877690297697555,1.1319625,0.620738,0.99200803,61.745815,0.88383603,27.849976,70.790794,25.55572,4.5258927,3.762928,6.7038593,0.030401757,0.8189307,1.7361376,1.5458485,1.4726738,1.0453649,9.564179,1.0183357,4.792594,405.838,67.92513,799.2243,2.0,25.810963,1.4985996,145.6301375,-17.11746943
2019-03-15,-49.4961890814689,288.2894837246785,107.12047489764637,107.12047489764637,21.50877210185391,0.324619476121318,1.1349221095097264,433.99999899999995,141.24406399114193,98.12977793043054,22.26392980702345,175.8507808452201,413.473332835032,376.6432473614105,25.77143737920436,0.8962689,0.64743394,1.0258571,54.075775,0.92600554,25.123352,70.790794,25.55572,4.5258927,2.1803799,6.7038593,0.013830824,0.8079978,1.0481727,1.3664074,1.1637217,0.95550716,6.1128693,1.0167263,4.792594,405.974,67.92513,799.2243,3.0,25.810963,1.5079988,145.6301375,-17.11746943
2019-04-15,-56.1383819553665,242.00307189227175,99.46121282210103,99.46121282210103,18.93004708131465,0.3598572778022469,1.071592570809082,294.0,111.86359427892971,94.15047522388392,5.250379411625065,145.58445623253442,398.9263602580563,366.7000429997552,21.91677412158271,0.80053616,0.6613,1.0294054,49.48698,0.9406433,20.755005,70.790794,25.55572,4.5258927,-0.4920597,6.7038593,0.014242083,1.1267798,0.87600195,1.3730474,1.2224784,0.91362625,6.0623126,1.0087999,4.792594,406.381,67.92513,799.2243,4.0,25.810963,0.551735,145.6301375,-17.11746943
2019-05-15,-44.93032980917372,208.82012651661006,91.75476881562986,91.75476881562986,16.906453939303425,0.36464132855105214,1.0463706975646774,234.60000000000002,88.8084970784621,84.05372639114,3.1689138467704443,121.02216737093111,389.4593797717746,373.97109517248305,19.25635924543666,0.7255428,0.6793958,1.0544274,46.98986,0.92638415,21.682007,70.790794,25.55572,4.5258927,2.110571,6.7038593,-0.002588607,1.1375388,0.9453134,1.3948666,1.2498758,0.92701054,6.509295,1.0261766,4.792594,406.887,67.92513,799.2243,5.0,25.810963,0.50951767,145.6301375,-17.11746943
2019-06-15,-62.74359371142576,174.09276526489504,58.882887108307415,58.882887108307415,14.446578545833333,0.3661683283680555,0.8687977034027777,127.19999999999999,77.38119848612709,55.73883171641323,7.217931529748163,113.36421885036319,371.15488354166666,371.61347116571676,16.437317758358986,0.6401527,0.6642218,1.0260634,39.117455,0.9246373,18.75,70.790794,25.55572,4.5258927,1.3740463,6.7038593,-0.005371023,0.83534575,1.0721927,1.0539436,1.2541131,0.966369,6.4393716,0.9818969,4.792594,407.419,67.92513,799.2243,6.0,25.810963,0.5009109,145.6301375,-17.11746943
2019-07-15,-83.53672602875149,188.13527628243025,71.60319178326779,71.60319178326779,13.66737670564516,0.3520107579301075,0.8439366752016128,96.60000000000001,103.34984890631452,65.59348542391946,20.05224710535064,153.14405382208062,357.33345241935484,373.7801314136647,15.619565341522454,1.1720299,0.66360694,1.0224991,77.12877,0.93662465,17.8685,70.790794,25.55572,4.5258927,1.4349403,6.7038593,0.0049444297,0.9864721,1.0059477,0.9020306,1.2601813,1.0075235,7.107685,0.9749325,4.792594,408.011,67.92513,799.2243,7.0,25.810963,0.18383361,145.6301375,-17.11746943
2019-08-15,-83.96406482745006,190.31424473310182,79.5040031997876,79.5040031997876,14.231000528593983,0.3075982705669065,0.8584521601178378,59.400000000000006,129.63037787212704,72.83117616898106,30.00599254771414,188.20441374284823,355.21196782030734,376.891759257334,16.207901097208072,1.1268344,0.6605727,1.0232954,77.00643,0.9213373,20.15625,70.790794,25.55572,4.5258927,2.8785534,6.7038593,0.014823596,0.9635966,0.9177649,0.9398384,1.273878,1.0095345,8.97604,0.99088454,4.792594,408.514,67.92513,799.2243,8.0,25.810963,0.21858183,145.6301375,-17.11746943
2019-09-15,-86.46342134105807,203.91870995538036,101.82168342146305,101.82168342146305,15.26093107912009,0.22048872636657676,0.7908745957848244,6.4,174.1446075503789,96.38490834988494,49.3890043964299,263.5390489388987,338.302201925894,382.1293326807501,17.350783978908392,1.1219053,0.63594306,0.99915135,86.77981,0.88681096,23.474762,70.790794,25.55572,4.5258927,5.058666,6.7038593,0.015041538,0.1602885,0.7667623,0.99072266,1.2690958,1.0891343,14.915479,0.9488225,4.792594,408.76,67.92513,799.2243,9.0,25.810963,0.07798709,145.6301375,-17.11746943
2019-10-15,-80.22163905695082,244.44703031301654,92.65712233100692,92.65712233100692,17.650760394512517,0.19524787588387713,0.887127617030332,56.800000000000004,197.20688955737714,84.8803447399039,63.25785801740263,271.1994623214118,370.2418322374626,406.4461233839083,20.23375403046484,1.0246344,0.61770254,0.9955876,84.274536,0.8264797,26.69571,70.790794,25.55572,4.5258927,5.1350555,6.7038593,0.020609876,0.7854206,0.6668321,0.887714,1.2808784,1.0118039,13.818728,1.0010062,4.792594,408.908,67.92513,799.2243,10.0,25.810963,0.14615521,145.6301375,-17.11746943
2019-11-15,-100.44521461053714,297.79481314101565,88.53628459924606,88.53628459924606,19.462863844135427,0.18251760125369026,0.852862078052413,4.800000000000001,226.9966467258839,83.80888421786656,86.97699943889658,309.96681110899533,376.64955039884575,405.1862869369579,22.721320937560623,1.1228807,0.60035086,0.98185104,80.41859,0.84922147,26.830048,70.790794,25.55572,4.5258927,4.0484333,6.7038593,0.043998428,0.020414012,0.29480445,0.60052395,1.2522418,1.1241565,17.015507,0.99418056,4.792594,408.94,67.92513,799.2243,11.0,25.810963,0.059030887,145.6301375,-17.11746943
2019-12-15,-55.52497791107302,280.4172563175328,93.13241648204858,93.13241648204858,22.293604474182303,0.17393918741863929,0.9988817691295623,89.999999,196.23286640561702,85.31574711781451,61.48714277931594,258.60057428621025,399.0659243492447,411.0871681435958,27.101304046780676,1.1303843,0.6107926,0.9901381,76.59533,0.8868563,28.146362,70.790794,25.55572,4.5258927,3.2644463,6.7038593,0.022312647,0.4469497,0.39733475,0.50008047,0.92151606,1.0306331,15.155701,1.0405023,4.792594,408.705,67.92513,799.2243,12.0,25.810963,0.27956414,145.6301375,-17.11746943
2020-01-15,-26.929622154183054,261.97349181668505,103.88826739275149,103.88826739275149,22.794328663853317,0.2060889601613966,0.9681242126445673,347.599998,177.36937483267667,95.16885187979953,40.325788080565786,221.7480603176239,415.8636153963467,415.7530630611944,27.96575002154768,1.033714,0.62770474,1.0107499,62.699696,0.8898619,28.643372,76.73751,22.157423,2.0,3.7249126,6.7038593,0.020335333,1.0620599,0.73906654,0.73096746,0.83501357,1.0207816,10.154405,1.0465156,4.792594,408.43,67.92513,799.2243,1.0,25.810963,1.9199209,145.6301375,-17.11746943
2020-02-15,-0.8937993830468525,230.65859046982172,111.01979886337145,111.01979886337145,23.563744956754714,0.28582970809094443,1.1044952410651174,286.399998,187.7573337164725,108.71574812067695,34.48188243115404,238.1748656635406,413.4091446471826,420.21349879161886,29.287714021741262,1.4022167,0.6232747,0.99606186,78.945946,0.90751755,26.992493,76.73751,22.157423,2.0,2.1763859,6.7038593,0.00912864,0.68320006,0.7761914,0.70471257,0.8096403,1.0535417,9.520065,1.0491583,4.792594,408.502,67.92513,799.2243,2.0,25.810963,1.2162261,145.6301375,-17.11746943
2020-03-15,5.993132947147533,241.64798799018564,96.23798353443954,96.23798353443954,21.470780983511112,0.3188129643136364,1.1267957260777408,284.40000000000003,140.5761571327495,88.16066173838891,16.22258716779552,180.56291724161275,406.49312386583,411.25635637915616,25.712399675089454,1.152921,0.63502663,1.0061978,65.35213,0.9253788,21.665009,76.73751,22.157423,2.0,-1.120367,6.7038593,0.012974587,0.7378568,0.8315862,0.7176519,0.79408026,0.95828474,7.7026973,1.0097423,4.792594,408.755,67.92513,799.2243,3.0,25.810963,0.8690863,145.6301375,-17.11746943
2020-04-15,-29.676719435040653,260.8180376798249,88.43820914974344,88.43820914974344,20.611436301011505,0.28375881033885725,1.103368408087024,59.99999999999999,143.65512153853928,83.71604551304416,23.99380690191991,194.9986643919628,391.12781479000034,410.1377202415066,24.3689542017051,1.1063716,0.6389861,0.99467075,65.86841,0.8793227,23.570007,76.73751,22.157423,2.0,1.5054283,6.7038593,0.024356447,0.40841118,0.6509446,0.67878747,0.717189,1.0788437,8.876253,1.047615,4.792594,408.983,67.92513,799.2243,4.0,25.810963,0.5531847,145.6301375,-17.11746943
2020-05-15,-21.69703620740043,223.82394452062758,74.41005128150793,74.41005128150793,17.09576713459294,0.2943829107917505,0.9910000602463166,196.4,103.52542768010186,68.1647632259214,15.400800781152318,143.54039350415854,377.29993528394255,409.9070892958202,19.503776076842392,0.84793055,0.6608299,1.0256131,50.491024,0.6331139,19.35669,76.73751,22.157423,2.0,0.98044205,6.7038593,0.024051806,1.5245848,0.7644831,0.76336604,0.7370503,0.9916884,6.977634,0.96351004,4.792594,409.249,67.92513,799.2243,5.0,25.810963,0.5655153,145.6301375,-17.11746943
2020-06-15,-8.542940579428771,189.79213567224468,52.964834690374445,52.964834690374445,16.86628592523272,0.3159250362936849,0.9612012938814373,150.4,75.64240007531087,50.136774072647654,6.147721419707173,105.50181790716314,382.24073106548894,405.77721076604405,19.2230391294259,0.7559471,0.6636024,1.0251067,45.14687,0.93824106,19.186005,76.73751,22.157423,2.0,0.58416176,6.7038593,0.017636618,1.1050031,0.8606246,0.83856267,0.74576235,0.9297139,6.398667,1.0511706,4.792594,409.679,67.92513,799.2243,6.0,25.810963,0.57577777,145.6301375,-17.11746943
2020-07-15,-50.14687753773806,195.84719747655004,62.12883941031241,62.12883941031241,14.98781532526882,0.3097258033266129,0.8289778148521505,99.60000000000001,104.86668293766935,56.91432212408249,16.025565005431357,159.94666468217204,353.07067237903226,404.5673532385168,17.03742288760128,1.2896427,0.66891605,1.0306795,81.42142,0.9374313,19.87857,76.73751,22.157423,2.0,2.8087807,6.7038593,0.0105271805,0.8194259,1.2111367,0.76315385,0.7398266,1.0321018,8.65994,1.0126773,4.792594,410.205,67.92513,799.2243,7.0,25.810963,0.29409072,145.6301375,-17.11746943
2020-08-15,-66.77989610921851,223.61972068503016,70.45503534298102,70.45503534298102,16.29627952449622,0.2591637012122445,0.8815242408533598,57.4,139.33297788441382,64.54169456299964,29.50363321346808,197.34437143906848,362.0665413013144,406.85684628571494,18.542246960409752,1.2403915,0.6644886,1.0293616,84.49253,0.9130362,21.080017,76.73751,22.157423,2.0,2.8664608,6.7038593,0.0010392558,1.2912722,1.0389756,0.8190354,0.7459426,1.016885,10.188275,1.0445565,4.792594,410.657,67.92513,799.2243,8.0,25.810963,0.1459696,145.6301375,-17.11746943
2020-09-15,-79.70244424127807,250.2890686805817,78.42724363090258,78.42724363090258,17.782135899384716,0.25611143476136733,0.9668588169862188,122.20000000000002,152.32703574487238,74.23961611604267,35.37134386873253,200.8556338887494,379.96943796137236,406.046009663775,20.38862549311309,1.005984,0.6584589,1.0345267,80.887245,0.90492386,23.502014,76.73751,22.157423,2.0,3.49539,6.7038593,0.009452477,2.322269,1.3348033,0.9871062,0.7807669,0.89479977,10.09436,1.0307686,4.792594,410.95,67.92513,799.2243,9.0,25.810963,0.24288328,145.6301375,-17.11746943
2020-10-15,-84.69281199706198,265.15873123133775,83.46257604697239,83.46257604697239,18.905721218219583,0.21375696878430955,0.9119975193189213,24.200000000000003,187.9101085989253,76.45750320670977,45.98370252071106,254.94095785089687,375.3682610723497,406.69249699082394,21.918174310283092,0.9079522,0.6375622,1.0275966,74.4296,0.9068945,24.448761,76.73751,22.157423,2.0,2.6022396,6.7038593,0.011402334,0.46599114,1.1981997,1.2066263,0.77082247,1.0049217,13.903697,1.0142783,4.792594,411.044,67.92513,799.2243,10.0,25.810963,0.113721855,145.6301375,-17.11746943
2020-11-15,-95.74259550112467,282.5771895883286,81.34901845883738,81.34901845883738,20.326014745320936,0.18592426456718414,1.0383070536957077,38.199999999999996,201.37892295920605,77.0053825966834,56.86256214435951,268.14167566279946,387.733794822648,405.13685143992785,23.950647656072938,1.0932792,0.617512,1.0099175,80.446815,0.8988235,27.359985,76.73751,22.157423,2.0,3.8965397,6.7038593,0.040147725,0.49799752,0.8412861,0.93830276,0.78915775,1.0354316,15.706752,1.0239354,4.792594,410.966,67.92513,799.2243,11.0,25.810963,0.20965664,145.6301375,-17.11746943
2020-12-15,-75.40801536786734,286.205505048871,86.02415888329688,86.02415888329688,21.750973262108065,0.19088571805759397,1.021207864755424,172.0,190.22980557929407,78.80409058992579,48.92344866146775,242.14175816932394,407.8089973368494,410.6863424819364,26.194438917339433,0.85946965,0.61546373,0.9977104,64.12058,0.8763136,25.358887,76.73751,22.157423,2.0,1.0349045,6.7038593,0.04466747,0.80082476,0.67009366,0.85496366,0.84248394,1.0005995,11.297787,1.0171709,4.792594,410.854,67.92513,799.2243,12.0,25.810963,0.91009414,145.6301375,-17.11746943
2021-01-15,-26.689151970547467,244.6763141597884,87.86575098572995,87.86575098572995,21.165649442883584,0.2995252919072808,1.0743989406747954,528.219999,145.06815666820037,80.49111656906624,18.693968722828373,180.274354809746,413.0737681191072,431.0321079771792,25.23925630584622,0.7170408,0.6217532,1.0011666,44.62216,0.89831537,24.720001,76.73751,22.157423,2.0,1.4894676,6.7038593,0.012834102,1.4680091,1.1329689,1.1479964,0.92289555,0.90230894,4.738325,0.9756268,4.792594,410.794,67.92513,799.2243,1.0,25.810963,3.2987926,145.6301375,-17.11746943
2021-02-15,-33.550513580712135,230.8880493855177,79.78131326881748,79.78131326881748,21.259192357408217,0.32459559094789825,1.0909313841629167,224.799999,155.82023390181132,80.91576977363201,24.15762426657903,191.77298951100073,413.71448222566653,430.65476872303043,25.383360176312916,0.91756344,0.6203372,0.99136746,52.994423,0.8689176,25.902008,76.73751,22.157423,2.0,2.620552,6.7038593,0.018978672,0.7961284,1.055467,1.0260391,0.94277227,0.96251094,5.91221,0.9842774,4.792594,410.813,67.92513,799.2243,2.0,25.810963,1.7166861,145.6301375,-17.11746943
2021-03-15,-40.08818468746571,246.51079671053083,88.925514526653,88.925514526653,20.865149037025486,0.28727657939546314,1.141941060727373,158.2,172.1352745983999,81.46193340897396,31.671157813236043,223.38331236590662,400.7263316039067,418.4605012119188,24.75100664931909,1.3433785,0.63505983,1.0062504,74.703964,0.93651855,22.977692,76.73751,22.157423,2.0,0.24561119,6.7038593,0.020919427,0.54120684,0.93886006,0.86017525,0.901969,1.0976723,8.986225,1.0073805,4.792594,410.97,67.92513,799.2243,3.0,25.810963,1.0798817,145.6301375,-17.11746943
2021-04-15,-16.943804210841733,191.5445101033029,69.06789467898703,69.06789467898703,19.45099377553202,0.31550752617652716,1.139306822537856,618.599999,112.35837622534252,65.38001017915222,7.709011798224755,146.2250841577881,401.48548920708504,437.10780007286616,22.63863264063195,0.791417,0.6298395,0.98043275,48.866356,0.905934,23.25,76.73751,22.157423,2.0,1.8615417,6.7038593,0.026705759,3.1050584,1.152203,1.1285943,1.1439333,0.9211912,5.9044824,1.0155132,4.792594,411.088,67.92513,799.2243,4.0,25.810963,3.8308382,145.6301375,-17.11746943
2021-05-15,-47.954436289844075,181.81424703261374,64.14674207928776,64.14674207928776,17.031096827948033,0.3043917994666953,0.9950021873158404,125.19999999999999,107.74831579929184,58.76286079963428,8.343716994469817,149.97916637792818,379.8033118116431,422.2880186541068,19.421862760670052,1.2256857,0.653017,1.0134873,69.23499,0.90054834,21.75003,76.73751,22.157423,2.0,2.6400738,6.7038593,0.002543456,0.8287535,1.2923334,1.141367,1.1089553,1.0058334,6.6353316,1.0019802,4.792594,411.254,67.92513,799.2243,5.0,25.810963,0.48632413,145.6301375,-17.11746943
2021-06-15,-35.24804453296388,145.1731070926453,49.68271512614126,49.68271512614126,16.508525989036666,0.31629873017169413,1.0204389006306775,133.4,96.55314495859065,47.029903485146676,9.83990737941817,131.13592738589935,383.15251780174924,426.50901149238763,18.772481875760445,1.1337008,0.66389054,1.0255517,59.977207,0.94497365,19.287506,76.73751,22.157423,2.0,0.75335693,6.7038593,0.033632196,0.90061533,2.0278544,1.200486,1.1003584,1.0171909,6.67325,1.0473453,4.792594,411.64,67.92513,799.2243,6.0,25.810963,0.57742065,145.6301375,-17.11746943
2021-07-15,-56.43629215397496,164.36346668336958,61.09416474943415,61.09416474943415,16.541937389051334,0.31343184413188,0.9272638460397349,88.0,116.67588582032425,55.9664884368323,32.640118854186824,160.37121556273397,376.66232610150536,424.16646703483065,18.830812849445238,1.344842,0.6480822,0.99857825,85.18938,0.93423253,21.173096,76.73751,22.157423,2.0,2.4824104,6.7038593,0.030142205,1.0350403,0.90500516,1.1026877,1.1058782,1.0513959,7.9323196,1.1088381,4.792594,412.152,67.92513,799.2243,7.0,25.810963,0.32922867,145.6301375,-17.11746943
2021-08-15,-80.40812935897294,185.7399934819768,62.45996636018681,62.45996636018681,16.235003970303424,0.27767657870698204,1.050674877914678,80.0,109.53312171053376,57.217657355643055,23.296414719495914,149.58047739985892,377.1172098489187,425.91263892661595,18.43723831326744,0.6985609,0.6639619,1.0285456,54.966923,0.8977682,20.519989,76.73751,22.157423,2.0,1.9130955,6.7038593,0.0032080652,1.3907149,1.0526333,1.2446958,1.1081516,0.91949624,8.043961,1.0671146,4.792594,412.663,67.92513,799.2243,8.0,25.810963,0.25899968,145.6301375,-17.11746943
2021-09-15,-76.8792926184052,185.92113796933154,77.85803913679342,77.85803913679342,16.84695906770228,0.2889651242139984,0.9019371817492201,0.0,139.22805588989456,73.70080433103253,41.82734389028971,187.70741198395731,376.240221944412,416.48080443799233,19.210562297311302,1.0406824,0.6532187,1.0262936,82.349174,0.91763985,22.253326,76.73751,22.157423,2.0,2.7606602,6.7038593,0.011145191,2.791653,1.5847667,1.909666,1.1136146,0.91132563,10.313386,1.0042889,4.792594,413.022,67.92513,799.2243,9.0,25.810963,0.19656107,145.6301375,-17.11746943
2021-10-15,-98.36960492203237,265.1569431703739,99.064980542353,99.064980542353,20.779619434965067,0.2091362263197774,0.9799518527420676,0.0,222.64727315104548,90.75038689468239,67.32376834302806,298.4522642238433,381.5331926277963,414.01236793968354,24.658725363760688,1.0242335,0.64196515,1.034693,84.05078,0.9079847,26.996002,76.73751,22.157423,2.0,4.0001717,6.7038593,0.015789146,0.8424399,1.5219766,1.1201142,1.1228107,1.0575134,14.503808,1.0676378,4.792594,413.178,67.92513,799.2243,10.0,25.810963,0.123907045,145.6301375,-17.11746943
2021-11-15,-89.68479292026586,264.71673080575925,91.86987535235454,91.86987535235454,21.547173580294338,0.19415414176518908,1.1567484685556562,0.0,190.7842023159031,86.96447768693561,38.6351961874913,244.44733676546068,402.3367409115072,420.8743717578503,25.827677414631218,0.76839614,0.6230797,1.0190233,65.204475,0.83495396,26.130005,76.73751,22.157423,2.0,2.5977402,6.7038593,0.036683448,1.2413467,1.4129328,1.2361149,1.151516,0.954859,12.043469,1.0269387,4.792594,413.216,67.92513,799.2243,11.0,25.810963,0.6109047,145.6301375,-17.11746943
2021-12-15,-81.27838074727256,273.3666028613443,93.15914966893811,93.15914966893811,21.96651073165956,0.20227315987701125,1.1645793230733734,0.8000000000000002,199.6203918190408,85.34023656948422,43.82066590599481,263.13582868022604,396.95798029980676,420.21049805748044,26.510522864816114,1.0409087,0.6327854,1.02579,71.98495,0.885768,26.51001,76.73751,22.157423,2.0,2.3569546,6.7038593,0.03832198,1.046572,1.0609964,1.2066683,1.201964,1.0279697,12.316336,1.0100231,4.792594,413.173,67.92513,799.2243,12.0,25.810963,0.64772063,145.6301375,-17.11746943
2022-01-15,-45.1934061336,249.1803396252,92.4112472367134,92.4112472367134,22.60873914702666,0.2874630085668264,13.599938951003255,3.8,176.01517331442662,84.6551061155914,33.24463467741936,225.17708392770922,409.87901728328836,420.6960245099341,24.11940943178822,,,,,,,,,,,,,,,,,,,,,,,,,,,145.6301375,-17.11746943
2022-02-15,-60.74168252005446,241.85866780912417,82.77751874895819,82.77751874895819,22.39964176579479,0.29456798329827255,40.49471011385258,0.0,179.91044527973878,83.9545800274652,34.668223375856506,230.45460045047008,408.0114590015345,417.9991718392953,16.397160276945975,,,,,,,,,,,,,,,,,,,,,,,,,,,145.6301375,-17.11746943
2022-03-15,-23.878282945001,211.73403733858564,109.65627933179505,109.65627933179505,22.3170724366008,0.2979847705446097,85.12785288981905,2.200000000000001,158.55791378409805,100.45275051093651,17.025643637637558,210.87984074026383,403.1609930868451,429.1224531472279,4.077158236296083,,,,,,,,,,,,,,,,,,,,,,,,,,,145.6301375,-17.11746943
2022-04-15,-39.3596039941891,203.37280028102046,97.7183583329214,97.7183583329214,20.53293173453484,0.26826399964241876,89.79126429004532,421.79999799999996,114.69569529427692,92.50068055773764,10.595731284510736,153.65574758073157,400.6570717912261,428.8669438254895,2.503122189988676,,,,,,,,,,,,,,,,,,,,,,,,,,,145.6301375,-17.11746943
2022-05-15,-27.199144256082217,174.12411690911162,83.98116576891991,83.98116576891991,18.92989475001303,0.3294837159266825,91.1838826549064,288.8,105.17627993414442,76.93256732774115,11.135234692895397,144.3570001379694,389.9733732773737,432.9099671471159,1.9531192765319676,,,,,,,,,,,,,,,,,,,,,,,,,,,145.6301375,-17.11746943
2022-06-15,-48.640025953664974,157.30535739768908,56.15558184312226,56.15558184312226,16.649838035922038,0.26808756112947696,90.97416880100717,76.0,76.77364129286416,53.1571510842148,6.148397878462971,107.90085538732983,381.19028072159335,421.7749417576336,1.7275564873611622,,,,,,,,,,,,,,,,,,,,,,,,,,,145.6301375,-17.11746943
2022-07-15,-79.15516317375213,167.4741193951691,53.075404388248124,53.075404388248124,14.813495375298556,0.29758249033348394,89.17930096858817,198.8,105.04996875549556,48.62074828517233,20.68235807882994,148.91478980456617,363.5834488252985,426.41002833253896,1.8378972949681789,,,,,,,,,,,,,,,,,,,,,,,,,,,145.6301375,-17.11746943
2022-08-15,-43.252605640529055,98.62587307859087,28.42733211629072,28.42733211629072,17.026856679245288,0.2391112553908356,89.73310768194071,11.2,119.75485219407008,52.22319712528519,26.244465403955385,162.25925911859838,378.11314851752024,412.7897661457602,2.013511201972478,,,,,,,,,,,,,,,,,,,,,,,,,,,145.6301375,-17.11746943
