time,NEE_SOLO_EC,GPP_SOLO_EC,ER_SOLO_EC,Ta_EC,Sws_EC,RH_EC,Precip_EC,Fe_EC,Fh_EC,Fsd_EC,Fn_EC,Fld_EC,VPD_EC,lai_RS,LST_RS,Fpar_RS,soil_moisture_RS,LST-Tair_RS,spei_gamma_06_RS,solar_exposure_month_RS,temp_avg_month_RS,VPD_RS,rain_month_RS,rain_month_L1_RS,rain_month_L2_RS,rain_month_L3_RS
2008-09-15 00:30:00,14.119926333650415,10.973437523824881,25.093363857475296,27.37447523611111,0.013556718545833332,29.27700394599062,14.20000000000001,3.31336325264633,79.40294837681823,277.4487746194444,97.70903205811771,390.89752083333326,26.413189238212436,0.3,319.69998,18.676139777670045,,18.870487,0.19222416,274.92285,27.291836,24.164299,3.3,,,
2008-10-15 00:30:00,-3.3400860173994795,26.792948443007212,23.45286242560773,30.30588920242027,0.012997620630655961,24.97248399409002,16.16,4.243340286973798,86.42363571945414,304.5594171234309,110.01820136214492,404.33807414066206,33.362694845891035,0.275,323.4337,17.56109586743909,,19.199963,-0.4306088,302.8786,30.030323,30.777622,1.9000001,3.3,,
2008-11-15 00:30:00,26.05414240165917,1.5594656296868663,27.613608031346036,31.393843221552455,0.07529178678658557,44.737354225375526,51.62307692307692,29.54510289041,74.39556595813707,288.78827991048684,132.01537955572374,440.8003025036834,26.195439817384642,0.2,321.08154,15.889918221360727,,14.622005,-0.565215,288.87347,32.327,28.411238,76.799995,1.9000001,3.3,
2008-12-15 00:30:00,-2.9529817657315443,40.42680971767133,37.47382795193978,29.897434637096776,0.16285845217741937,56.99393549044369,41.9,58.85421841509306,60.048589058581534,265.4520152084637,138.54359480065895,430.3283765522379,18.668060321259087,0.3,322.1057,14.114472761900785,,16.443485,-0.01535408,266.6891,31.029842,21.064287,141.3,76.799995,1.9000001,3.3
2009-01-15 00:30:00,-33.52006119374841,73.05712176927614,39.53706057552774,27.43304088709677,0.24744199213709675,75.79661434176286,488.99999990000003,110.08485191003554,24.06313147386869,240.92284902160682,152.9516107455667,430.24991580513426,9.07120076379674,0.625,306.664,21.554615148898684,,5.3955803,1.097499,245.77734,28.956776,12.704039,377.29996,141.3,76.799995,1.9000001
2009-02-15 00:30:00,-35.58369087662067,67.70536868593003,32.12167780930935,27.39150149580404,0.21284559228869113,68.86950450665414,212.4,123.2579503366968,23.308274535984147,243.30563379971764,147.40876175309435,420.73204637127265,11.63832937599593,1.0,308.79663,36.16843662642806,,6.840212,1.1368164,257.3826,28.512144,12.444664,196.6,377.29996,141.3,76.799995
2009-03-15 00:30:00,-39.353848207199995,65.7001544616,26.346306254399998,27.720275623117573,0.08925518744421344,52.525597966735276,8.022222222222222,163.6654745295699,23.783590389784944,290.8461353110017,161.82389510505394,395.0226105145557,18.10238875483585,1.425,313.855,50.015868045521565,,11.563641,0.811739,313.6873,28.138874,16.284843,9.5,196.6,377.29996,141.3
2009-04-15 00:30:00,-29.3831553348,51.8981877594,22.5150324246,26.545351067860985,0.06462075583898891,44.87817451103859,4.6,144.75378826388888,22.391606319444442,254.29320765866646,129.11413818520546,389.63705748877544,19.583075786698366,0.8,314.339,40.07213633407294,,12.806471,0.8283713,264.01236,27.40883,20.319628,0.5,9.5,196.6,377.29996
2009-05-15 00:30:00,1.348802199093846,17.317444192682306,18.66624639177615,22.389260317573086,0.06801824803648857,38.39350635370394,0.6000000000000001,58.253988974033625,58.97483362171239,214.49853068288064,103.64824530383218,367.30982619660057,16.965214401565998,0.5,310.39697,31.754104739463322,,13.749994,0.88946664,225.24269,22.929358,18.251928,0.0,0.5,9.5,196.6
2009-06-15 00:30:00,11.376342482675046,3.414875881690586,14.791218364365633,20.564877947916667,0.06750124136040918,39.79035346974741,0.0,7.4281517388972365,65.19359157243376,211.9983012800139,61.780984197916666,351.30641541817806,14.792763128314997,0.5,309.78918,31.065442666912013,,15.28713,0.8060335,226.77084,20.470499,13.371553,0.0,0.0,0.5,9.5
2009-07-15 00:30:00,10.744404049811632,2.8944926451510433,13.638896694962673,20.215744342741935,0.05912365504192778,35.31558979813718,0.0,7.265948936586461,70.7250750335302,223.46321561060486,64.94719490973306,343.9514170992398,15.546413057674437,0.45,309.74,28.863123021955158,,15.799635,-0.0007370343,232.66129,20.010485,13.620193,0.0,0.0,0.0,0.5
2009-08-15 00:30:00,12.953561857087166,3.649551332408901,16.60311318949607,24.297034808467743,0.04841808925293961,29.757743947446293,0.0,6.555261801299099,77.69934729985471,253.4121480162433,81.33035720901644,358.39311668648526,21.76182887958284,0.42499998,315.7703,27.26375493456857,,18.056631,-0.5036898,259.5318,23.755808,17.711218,0.0,0.0,0.0,0.0
2009-09-15 00:30:00,10.661253467789258,7.523843138199985,18.185096605989244,27.73620258333333,0.04678795543951403,27.46913917297592,0.0,10.035234678961954,88.71954953223627,269.12183919152085,94.5464216760367,379.99618098957063,27.68305314115198,0.4,319.9667,25.654892545142506,,18.657068,-0.49023554,280.33566,27.186499,22.35521,0.0,0.0,0.0,0.0
2009-10-15 00:30:00,10.619802927357387,8.342546659097447,18.962349586454835,28.669697729767577,0.05094072725061868,23.952669152866225,10.6,16.009778814065115,96.59458276421222,303.7337243469885,116.6534248696568,379.30199601488874,30.690837305047836,0.46666667,321.09042,23.864473572392164,,18.702791,-0.16249706,315.3524,28.332579,27.384064,4.6,0.0,0.0,0.0
2009-11-15 00:30:00,16.477017095450172,4.0360531742223955,20.513070269672568,31.48502021401593,0.03414106636425339,30.65356097211344,2.2,8.482671740801425,95.84576801788907,302.46659456964323,112.3455005157633,403.7797056554767,33.0472315604065,0.375,321.76712,20.013543711874437,,15.507,-0.7383934,310.05014,31.540668,28.390966,7.3,4.6,0.0,0.0
2009-12-15 00:30:00,27.215201752097695,-3.511899001236895,23.7033027508608,30.85890538306452,0.09674386058534945,44.563425295207914,49.199999,30.22070240519437,90.78043571898827,293.882278421418,121.22252102361476,417.6183897177419,25.466490486350015,0.275,323.20364,16.326657326374356,,17.934351,-0.2755396,282.57538,31.28855,24.867174,130.2,7.3,4.6,0.0
2010-01-15 00:30:00,2.204473260003926,35.96208331437234,38.16655657437627,29.074050584677416,0.18663759572580643,61.604716243975176,150.6,79.1060797052804,60.09861594935751,274.830443806672,132.26891962652525,422.73017500000003,15.872786862535813,0.45,318.1575,23.165334659262516,,15.236614,-0.09218955,268.07053,29.956776,16.75749,178.8,130.2,7.3,4.6
2010-02-15 00:30:00,-0.380659837103285,37.19542067758465,36.81476084048137,28.720866941964285,0.16963631109374996,63.502071359721086,183.8,66.52844509007605,63.024354090276766,260.6311614270655,122.10081896707139,422.4473593005952,14.774643170662085,0.475,324.20667,24.46224477494052,,18.457144,-0.013728751,255.94826,29.919107,16.486147,154.90001,178.8,130.2,7.3
2010-03-15 00:30:00,-80.25787962582544,123.55609330360355,43.298213677778115,27.612286263827862,0.17557461397715365,59.50720081752053,66.19999999999999,111.28162927405994,37.11871310702606,271.1439738286705,138.401038540717,405.3942852820552,15.340544026828303,1.075,312.56183,41.31707375013216,,10.503681,0.0067928843,271.61365,28.286938,15.323933,55.0,154.90001,178.8,130.2
2010-04-15 00:30:00,-39.298024557661805,89.662635717001,50.3646111593392,27.395442701320817,0.1397746645424066,55.55419949549457,24.4,71.81869468820322,48.26198164828924,240.15640413172034,118.21928199953129,408.27886045736443,16.620275148415423,0.90000004,313.7343,44.732163958090545,,11.251289,-0.1404696,233.15973,28.369164,18.115545,6.0,55.0,154.90001,178.8
2010-05-15 00:30:00,19.265053852689356,20.73506986640551,40.00012371909487,24.301293004032257,0.10989012270161291,49.58842071586428,24.4,28.393964677379607,56.54894341506804,196.89081160844893,80.3368936869106,382.631600672043,15.622146536029579,0.52500004,311.4967,27.158163063344826,,13.112305,-0.02102797,199.94398,24.908386,14.685818,17.5,6.0,55.0,154.90001
2010-06-15 00:30:00,15.831788451842014,11.558134335698497,27.389922787540513,19.969618422368647,0.09574243345330208,36.966145154790475,0.0,13.207043331651185,66.9209184074724,225.11349198480343,78.17486421969004,326.01151909821635,14.916142110965541,0.325,309.48154,19.955858225462677,,15.387512,-0.10960081,222.67363,20.164001,14.12493,0.0,17.5,6.0,55.0
2010-07-15 00:30:00,11.939312805891406,9.363765998372468,21.303078804263876,21.92985515019569,0.07431119957267286,43.69974269688097,7.000000000000001,12.54083080980557,65.26316259896339,204.0401491166529,76.950021203708,359.74568319831997,15.066892564242321,0.225,312.01785,17.559275719255545,,15.479481,-0.2919619,198.27504,22.17387,16.355553,13.6,0.0,17.5,6.0
2010-08-15 00:30:00,11.106303050410535,7.065844494510584,18.172147544921117,22.674075093413975,0.056752323608870954,30.760537547526994,0.2,9.319620068219754,84.7523268002462,258.8057737248656,95.8852490759797,342.1464347138776,19.407377100670065,0.275,316.27518,16.980924130879313,,19.748203,-0.33570534,249.30927,22.538387,19.285309,0.0,13.6,0.0,17.5
2010-09-15 00:30:00,15.95684176062366,4.517459665855029,20.47430142647869,27.74137351388889,0.07561846166666666,38.48822771501793,22.599999999999998,20.479503464728637,91.33234315083905,276.07871543670836,117.86163339869955,391.62226298611114,23.484647549074857,0.22500001,317.26862,15.378285593725892,,15.6926155,-0.72081524,261.68594,28.22633,25.052412,14.2,0.0,13.6,0.0
2010-10-15 00:30:00,19.467846717411568,0.8332220918638658,20.301068809275435,27.68183768145162,0.08000911987903225,43.10465396777392,50.0,28.750111822912224,85.59596128555262,270.48742799208736,112.14200892007449,396.61886586021507,21.64471859031036,0.26666668,319.80283,15.233957759013132,,17.372961,0.5504125,261.94745,28.371454,23.93821,61.9,14.2,0.0,13.6
2010-11-15 00:30:00,17.44260719342764,3.5785766786112294,21.021183872038872,28.568092770833335,0.08916096093749998,40.46757065087364,46.6,36.35138572834464,85.17873425344843,294.94081634742565,123.3530879707978,393.7821930555556,23.880750440474294,0.23333333,322.94748,14.783832058135996,,20.711946,1.1622716,295.62112,28.968168,24.817486,37.999996,61.9,14.2,0.0
2010-12-15 00:30:00,14.8667061857841,15.944973939812513,30.811680125596613,29.399255221774194,0.12703845079301074,55.39419152180772,103.799999,52.94383469021951,65.70585249246642,262.26827622656924,119.45955975943716,424.9646836021506,18.799720333608033,0.25,320.2,15.885097654814013,,16.816113,1.3879962,254.74539,30.223225,21.227186,197.1,37.999996,61.9,14.2
2011-01-15 00:30:00,-30.241194314704554,71.01398573527126,40.772791420566705,27.981733239247312,0.21422958018145158,70.79299582107818,373.20000000000005,117.86374240127888,29.70887060552141,277.17184908226477,152.4875253021565,424.4027850806451,11.312712016542518,0.675,310.90997,28.570117942610807,,8.809769,1.7117634,269.97458,29.366776,15.307573,296.09998,197.1,37.999996,61.9
2011-02-15 00:30:00,-62.7689758429729,101.0614937759162,38.292517932943305,26.557921945614755,0.22289059579922169,75.26392132030966,178.00000000000003,118.01755420410284,34.8546601884868,258.21930519975007,165.89852293802292,425.0145548562581,8.794640967824156,0.72499996,307.46997,38.28958008694244,,6.466692,1.6373247,239.90988,28.351423,12.784739,182.29999,296.09998,197.1,37.999996
2011-03-15 00:30:00,-55.06468741661976,95.36373867152011,40.29905125490035,26.31507317946655,0.23739528464044682,74.69324880712672,240.399999,106.73721481103546,27.75628888882826,226.7848580581928,132.47679917486604,425.4680882739926,8.86634642249898,0.82500005,306.86002,28.443577422393933,,5.984606,2.1632338,214.8223,27.603712,12.7301655,328.3,182.29999,296.09998,197.1
2011-04-15 00:30:00,-61.311695085128775,96.10753287614749,34.79583779101872,23.94826669800968,0.1844040377532167,60.663020405738784,74.60000000000001,111.79581518013798,38.68947316057172,248.11728941614282,125.89746520057092,374.80877204868074,11.92871165097537,0.8666666,306.57556,42.536527697737974,,8.5179,2.2598634,245.1157,24.501997,13.704868,99.8,328.3,182.29999,296.09998
2011-05-15 00:30:00,-30.311301969790236,55.51573445275764,25.20443248296741,19.48171025037879,0.08243666797518577,50.62873652777346,0.0,71.27959267070264,51.86136222978174,247.85276744658017,98.71508027903208,322.713113307208,11.327825082247877,0.875,305.4552,42.76869640161975,,11.544737,2.2717009,242.15201,20.170809,12.711153,0.0,99.8,328.3,182.29999
2011-06-15 00:30:00,-15.536382376769994,37.80473023976468,22.268347862994684,16.869514235341985,0.05426763899999999,54.2295449631248,0.6000000000000001,31.143322457749996,54.99875789271272,226.25110722097224,85.23769020845138,304.96882227580335,8.885715533731481,0.75,303.7088,39.78964680574613,,12.965977,2.1596198,222.65817,16.839169,9.606735,8.9,0.0,99.8,328.3
2011-07-15 00:30:00,-6.126888749813942,33.73788721405282,27.610998464238875,19.614724028225805,0.04531372546370968,47.29317042024001,0.0,26.992840541102186,59.019986165615286,232.7166180426075,88.69629811774195,326.23242909946237,12.19549850606792,0.57500005,306.50925,36.88702165103098,,13.083033,2.3238988,229.4952,19.559515,12.914675,0.0,8.9,0.0,99.8
2011-08-15 00:30:00,7.9141377184155965,21.099464986500116,29.013602704915712,21.457700819892473,0.03520125808467742,35.82865236324702,0.0,22.074668626182508,73.633226084879,269.50663905717744,100.50430875779159,324.33153037634406,16.674387136446278,0.45,310.17532,30.6308536820077,,16.04671,2.9155278,256.38068,20.506453,14.66954,0.0,0.0,8.9,0.0
2011-09-15 00:30:00,18.40962210332522,14.256341529163286,32.665963632488506,24.888558833333335,0.03128728997291666,31.724165087683712,0.0,15.577048637253279,76.40799205319847,276.17611213827854,102.91881480000423,352.22040534722225,21.93283540466668,0.45,314.17844,26.833304335503595,,15.483164,2.48134,286.28857,24.658499,20.220322,0.0,0.0,0.0,8.9
2011-10-15 00:30:00,34.62529510902982,4.46019705154604,39.08549216057585,28.93591772177419,0.058226844687499994,47.61312059915789,47.400000000000006,25.348440444945382,77.50306374962352,261.1876464759207,119.58635415193817,403.5711012768817,21.479834045220954,0.46666667,317.5094,24.159274028114577,,13.707005,2.1626756,284.94254,29.943386,25.245531,61.699993,0.0,0.0,0.0
2011-11-15 00:30:00,-4.493355255370821,50.13979396253572,45.646438707164904,27.96512359722222,0.13040163091666668,64.14343227606003,96.80000000000001,73.04557429836413,58.85020716500465,262.1561094214584,138.03653039322384,416.995950625,13.874475994313661,0.43333337,314.83273,30.203407477137446,,11.478941,3.09,270.2546,29.290499,20.486406,207.49998,61.699993,0.0,0.0
2011-12-15 00:30:00,-35.75168840653936,88.95847748235803,53.206789075818676,27.782003586123935,0.13294998065153987,61.27028167257099,92.6,83.82152374745299,55.721739643333066,273.1202594477222,139.49892543685982,417.80867674499586,14.822723234902162,0.72499996,315.142,39.322869606093214,,12.17815,1.9821678,273.6634,29.637096,17.342894,72.69999,207.49998,61.699993,0.0
2012-01-15 00:30:00,15.552693314131119,37.264580532644906,52.817273846776025,31.117205937354488,0.09074251802419354,52.095104321961536,160.39999999999998,43.68869112258164,87.51905172078439,279.87994402167203,133.06518547614544,420.5600956317204,22.34270700418377,0.625,321.72998,26.125217554587454,,17.155403,0.86513525,284.34137,30.845482,22.325592,60.4,72.69999,207.49998,61.699993
2012-02-15 00:30:00,-59.916991227462276,113.30044604723503,53.38345481977275,28.35044503408886,0.15310429157327585,54.34005342585016,219.199999,99.4789080979629,53.722873284508815,310.45043755888867,161.20297969538385,402.92581688218394,18.07961710323498,0.82500005,318.05844,36.96984019044167,,14.577827,0.7232885,304.7653,29.749657,20.227009,182.0,60.4,72.69999,207.49998
2012-03-15 00:30:00,-52.90894924726772,114.90302536345138,61.99407611618365,26.564974095703885,0.24649155024193548,73.6880874852194,215.399999,96.74105468958466,36.94483612810649,249.7183622457345,139.30952659526395,420.40416431451615,9.358899058729861,0.925,306.91333,36.28398412713851,,6.0565624,0.9411207,237.92186,27.638384,12.443275,203.00003,182.0,60.4,72.69999
2012-04-15 00:30:00,-25.1099297567387,76.47586201268976,51.36593225595105,24.211445516008062,0.1717312161875,61.23869142608356,13.600000000000001,81.91276475179009,44.8243452895708,247.1543874529306,124.6896268829861,391.7282244444444,11.94576719435504,0.85,308.25876,43.42736536809834,,9.27475,0.8958708,252.52318,25.547333,15.342905,7.4,203.00003,182.0,60.4
2012-05-15 00:30:00,-30.890149066020484,75.52761189752609,44.6374628315056,21.012601340933394,0.1016043159134406,46.881501103755646,0.0,52.06719426150732,45.995719745690884,235.64400976115354,93.04515904831976,343.248978701205,13.422888379032418,0.8333333,306.51138,38.72795972751933,,10.72674,0.32842493,239.99774,21.900488,15.911275,0.7,7.4,203.00003,182.0
2012-06-15 00:30:00,-1.0803504294543211,38.05899891260425,36.97864848314994,17.694806029861113,0.066513859125,41.777903678339435,0.0,23.96577771712999,56.980972737234815,231.91132933183334,77.88335710011113,308.25724657864583,11.919609112828981,0.575,305.65997,31.76881278045214,,13.744877,0.33506337,234.05093,18.039333,12.020473,1.7,0.7,7.4,203.00003
2012-07-15 00:30:00,15.186240387337747,22.633205876434523,37.81944626377227,18.42735025403226,0.05793207973790323,38.56907577663748,0.0,14.001693303111681,62.990257654014904,236.66349935129028,79.06272904919355,316.0730717078652,13.18033566307247,0.4,306.6327,27.20832562694533,,13.375738,1.0306932,246.60243,19.050318,13.064179,0.0,1.7,0.7,7.4
2012-08-15 00:30:00,20.54461993087014,18.53884368734372,39.08346361821386,21.339351504704304,0.04729401889112904,26.009113267352863,0.0,11.440842828985087,74.68885653193168,271.6820453731183,93.6248696233199,318.0159432123656,19.084067280115644,0.32500002,312.9836,21.4927957806785,,18.346584,1.4105889,271.93097,20.641941,16.228155,0.0,0.0,1.7,0.7
2012-09-15 00:30:00,25.81591951821077,15.89603091327412,41.71195043148489,26.148686847222223,0.037451020875,24.991361401668538,2.4000000000000004,12.281778563161138,74.15723582677985,285.8847054323611,103.06475566931798,353.82793458333333,26.016154296608683,0.325,317.46002,18.952301085319643,,17.68337,0.90732473,308.62265,26.184,23.97437,2.9,0.0,0.0,1.7
2012-10-15 00:30:00,29.69453911235505,13.95307273468725,43.6476118470423,28.395643057795695,0.03442761945564516,28.554199191779336,2.4,13.945998082418438,88.716789104644,294.54373178719874,117.08726658941688,376.894292405914,28.36629109775476,0.35000002,319.1408,18.129252505818016,,16.985662,1.1479657,316.8309,28.484034,25.875645,1.8000001,2.9,0.0,0.0
2012-11-15 00:30:00,27.800799006311735,13.26786181477075,41.06866082108249,30.64269775834367,0.033090154452890215,44.89776034801901,0.8,13.866360930238148,81.51649660226879,267.8401788751779,112.02476822147179,416.6215198883365,24.993263761859613,0.3,320.67145,18.274701971346474,,14.349031,0.06518809,289.27084,31.963163,28.15454,15.0,1.8000001,2.9,0.0
2012-12-15 00:30:00,27.758679364368298,17.5605511791885,45.3192305435568,30.638145281391186,0.09879510176609822,53.65485745822965,0.0,50.41784900992527,71.14020354974389,277.39769225506416,127.27167236918434,422.26738177662315,21.015593086305614,0.35000002,325.19144,17.700805993327677,,17.851437,0.16846895,302.84872,31.177586,22.253239,145.40001,15.0,1.8000001,2.9
2013-01-15 00:30:00,22.181440443542627,21.79971719330347,43.98115763684609,32.188880725417334,0.07611357584755772,46.08434563286002,29.199999999999996,47.820765127915,86.17356302066472,297.2163668152911,136.23405817358102,423.87333764880253,26.77102493852322,0.32500002,323.62912,24.14398658553876,,17.10455,-0.7999528,307.0639,32.275486,25.189528,39.9,145.40001,15.0,1.8000001
2013-02-15 00:30:00,18.683324804101034,21.41607853586473,40.09940333996576,30.001627514880955,0.10696261696205356,55.13336268289269,176.79999899999999,52.99336435144211,73.04331315102372,276.12693612550186,134.03288070167565,417.9785598958333,19.59596996030683,0.425,322.96463,25.331797901885523,,19.027308,-1.1325035,283.66397,30.696966,21.113878,70.3,39.9,145.40001,15.0
2013-03-15 00:30:00,-53.57073041637669,105.00047153785353,51.42974112147683,29.767032977150535,0.14201639620967743,56.93408317809182,86.39999999999999,87.8921266153935,46.34673225759963,267.55666484962904,138.16177484424824,413.71291948924727,18.550443178602812,0.875,317.29337,43.86733226386252,,15.599806,-0.97228336,268.1825,29.636614,17.371668,87.700005,70.3,39.9,145.40001
2013-04-15 00:30:00,-45.289657378101396,93.64178999319032,48.352132615088905,27.43800917361111,0.11882587366666666,40.103614888885126,0.8,63.99106909507169,46.63773577652559,258.53776372695137,117.68285792404038,381.82736479166664,22.4553023469406,0.8,314.1579,44.64764302988847,,14.215391,-0.91468066,260.71762,27.109499,20.394613,32.9,87.700005,70.3,39.9
2013-05-15 00:30:00,15.674804872971318,24.240777901190484,39.915582774161805,24.86396565860215,0.05178765014112902,44.475699663304624,0.4,16.647240833697108,64.59678397528938,216.9160602889449,78.72449888034507,374.3129967069892,17.809760346459363,0.5,311.3179,30.32788352854914,,12.7232685,-0.8731823,219.44069,25.338224,17.485275,0.3,32.9,87.700005,70.3
2013-06-15 00:30:00,21.656535325941206,7.675190785537692,29.331726111478897,22.018049041666668,0.0359412418125,34.08357116213122,0.8,10.195085247369162,61.28208171461667,222.3703005937014,69.61703669718842,340.4472402083333,17.737573744571318,0.275,309.81046,23.86604653277577,,14.6661,-1.1463966,216.41977,22.035835,17.159018,2.6,0.3,32.9,87.700005
2013-07-15 00:30:00,20.919687527741992,2.9557103927459387,23.875397920487934,21.769520954301075,0.03126117180443548,32.21428299344895,0.0,6.983069855785606,65.73922707891039,239.82804726418013,76.79918031700954,331.84266538978494,17.960065734787236,0.225,310.38538,20.855680932058338,,15.5175,-0.75012404,231.44786,21.595324,16.606262,0.0,2.6,0.3,32.9
2013-08-15 00:30:00,20.047692354017965,4.929708338796493,24.977400692814456,24.091904321244552,0.0285019287804341,24.233268088601097,0.0,6.933842784713164,73.16671079580708,275.38671887916826,96.1161280344022,332.4814023437005,23.179586507884352,0.2,315.97656,17.84637954276541,,19.81255,-0.3349869,269.54147,22.953869,19.246372,0.0,0.0,2.6,0.3
2013-09-15 00:30:00,22.7832728922,8.343402246,31.1266751382,29.151851903351027,0.027487143567599265,26.943502544197226,0.0,4.956060347222222,83.52630576388889,292.4992759402769,116.37899418372466,374.7494900934665,30.341826778272356,0.2,319.7948,16.940782941678574,,18.061537,-0.86299753,286.23068,28.336168,24.138542,0.3,0.0,0.0,2.6
2013-10-15 00:30:00,24.661069405255525,8.020386681780462,32.68145608703599,31.181535540601807,0.026488131866701056,23.294438204494064,3.8,16.364622185699023,88.16742981519948,303.9515209112229,116.6053885772301,391.4303517091564,35.910424999020385,0.2,322.7452,15.353628017893557,,18.7053,-2.4023921,299.04044,30.882256,32.19919,0.4,0.3,0.0,0.0
2013-11-15 00:30:00,33.67835104102025,-3.671027740580727,30.00732330043952,30.83817425694444,0.06229709867708332,41.70853614856086,76.19999999999999,26.061670962823914,81.16259710346085,287.24105150739723,115.26365197633991,413.0375141666667,26.745383114666865,0.2,323.20154,14.147665152984503,,19.42728,-1.2656989,279.10107,31.190334,28.052505,67.49999,0.4,0.3,0.0
2013-12-15 00:30:00,-10.375847033651574,52.928468606375674,42.55262157272409,30.23787777084468,0.11453310031056746,52.45807086996634,98.99999899999999,76.96014511702063,56.946499914694044,292.64421406196357,141.36872020050976,420.5798741691579,21.0559957847211,0.475,320.466,19.990585339803424,,15.643335,-0.6761224,283.66934,31.582098,25.47221,111.299995,67.49999,0.4,0.3
2014-01-15 00:30:00,-17.258253876856777,62.159162275422695,44.90090839856592,29.363955895048406,0.11520919721295593,62.43702518315009,190.199999,76.02997713692383,56.06246048238057,274.0362948738305,136.81647363271733,422.2449931226525,15.798312905383446,0.675,318.87003,25.273711094518248,,15.626698,-0.38944405,270.87067,30.223064,19.23303,170.0,111.299995,67.49999,0.4
2014-02-15 00:30:00,-41.468629130048114,91.91888615819225,50.45025702814414,26.889908936011903,0.23006062700892857,75.51839897124474,361.6,95.40502587547068,30.376216488986273,250.5005954853631,137.70672883526788,421.27603534226193,8.880363325126844,0.825,304.575,35.30785701580342,,4.7178288,0.7453212,238.50858,27.82804,11.975103,388.50003,170.0,111.299995,67.49999
2014-03-15 00:30:00,-27.795052509992306,79.49177308756522,51.69672057757291,27.902876821236557,0.17755643923387096,62.296478608686506,128.2,101.37294781097323,49.372442842862185,289.64072159403383,158.49069977802418,402.0866036962366,14.534863956746488,0.85,310.96,39.18942570506807,,9.055086,0.6406209,285.68924,28.311125,14.795923,38.099995,388.50003,170.0,111.299995
2014-04-15 00:30:00,-46.76629975193043,91.31707896216372,44.55077921023327,27.225856236111113,0.07212609993750001,55.13588586980562,21.200000000000003,74.25721192189711,53.65184533172978,263.64347897924233,135.7197795159028,391.0540665972222,16.606492173120508,0.9666667,310.02155,44.52538636940078,,8.61491,0.73294866,258.80786,27.976002,17.73626,10.2,38.099995,388.50003,170.0
2014-05-15 00:30:00,-3.4221575829915967,45.01797544536237,41.59581786237077,24.437298783979934,0.05436680600361247,46.69915444855451,0.0,33.15159168111344,65.18890801106362,231.30353639703327,102.11601071157655,363.6447721813479,16.655851380866277,0.6333333,309.5573,35.810718131707645,,10.492699,0.6244478,228.77089,24.830482,15.564194,0.0,10.2,38.099995,388.50003
2014-06-15 00:30:00,24.331233087787616,11.184404470027639,35.51563755781525,20.1687887875,0.036753644041666665,41.190693179599364,0.0,17.14637899623938,69.83458349243018,229.832697718125,81.115247391875,326.86014500000005,14.09256846647447,0.4,306.41156,28.70367910226255,,12.225224,0.6703105,221.27316,20.634335,14.562376,0.0,0.0,10.2,38.099995
2014-07-15 00:30:00,27.07988507972403,4.638327470528271,31.718212550252304,19.814281125,0.028960907215725803,32.63521848176435,0.0,9.478084222405741,73.32526863607761,240.92528745389788,86.14349483071237,317.7150815188172,15.785229185519844,0.3,307.1023,22.462664832939165,,14.27878,0.90745175,235.62946,19.542906,14.449147,0.0,0.0,0.0,10.2
2014-08-15 00:30:00,23.4996118728779,3.72854671100677,27.228158583884667,19.944973849462365,0.024585655112903226,25.460796155844584,0.0,9.113758565214699,89.71148574736753,279.16942948568544,97.38291418568548,307.7603194892473,17.61128722105193,0.25,308.95154,19.48091773043741,,15.768719,-0.25182718,275.92593,19.763386,16.708134,0.0,0.0,0.0,0.0
2014-09-15 00:30:00,25.85525503767861,8.341702321243218,34.19695735892183,26.43547319444444,0.02234519568125,21.98154705799831,0.0,9.61856744613966,93.19659656131672,305.55053903597224,119.90667817083332,344.48139381944446,27.53401223142963,0.225,317.63284,18.667797641929557,,18.82964,0.030743852,313.67673,25.358166,21.920622,0.0,0.0,0.0,0.0
2014-10-15 00:30:00,25.31070539028095,9.723317100378637,35.03402249065959,29.70562995295699,0.020697478881048385,25.334952327125617,0.0,9.291991218383021,101.17374785234054,317.07570860340724,129.18143364731182,373.71113346774194,32.04498128881108,0.23333333,320.85718,17.83425765262224,,18.244648,0.19702207,323.14444,29.27177,28.267464,0.1,0.0,0.0,0.0
2014-11-15 00:30:00,16.664400840326138,16.773089325279372,33.43749016560551,31.510225747683368,0.05079482168612888,39.820857001414886,26.800000000000004,24.498719285026873,81.98880859226689,276.36506387510275,124.72378149365154,419.1652207478732,28.720842163140546,0.275,320.32404,16.778158521282432,,14.473751,0.118442535,289.70682,32.0705,29.336657,49.899998,0.1,0.0,0.0
2014-12-15 00:30:00,-22.532254620591303,69.20256476554786,46.67031014495656,29.236863305528704,0.19076062976100686,67.89850337087617,181.799999,77.50925039884558,39.63938892165017,258.32127198140194,146.29918317797822,431.6394172966831,13.39987042775701,0.375,316.642,22.667617484120147,,12.673792,1.2006263,250.38826,30.663061,18.038435,269.2,49.899998,0.1,0.0
2015-01-15 00:30:00,-47.54987536516385,132.61779828753453,85.06792292237068,27.984475819892474,0.7264461193548388,72.51867183443818,218.199999,121.95650952290592,20.05607841044775,265.41077336114097,176.07582140690712,423.0997432795699,10.646055809052694,0.675,309.86285,31.80843074634458,,8.039705,1.4826204,271.49417,28.959837,13.555519,272.9,269.2,49.899998,0.1
2015-02-15 00:30:00,-87.0391997313769,138.96111262623126,51.92191289485438,29.115131644345237,0.33714342366071426,58.02309831742424,16.0,107.77852471975,33.12270183155298,290.68343873552,171.59264465650216,411.80727633928575,17.395858326958205,1.175,314.58365,41.08412766401515,,12.001818,0.68471056,298.4086,29.641249,18.356821,26.3,272.9,269.2,49.899998
2015-03-15 00:30:00,-23.638442598883387,80.71986973355743,57.08142713467405,29.482417903225805,0.29937045880376345,48.22874902860096,42.4,76.35026293657495,56.45986133856506,273.5837093545589,154.3484721748546,407.63415698924723,21.92753942420329,0.725,314.71332,40.778993560810086,,12.427586,0.2665628,287.26477,29.719357,22.939041,22.999998,26.3,272.9,269.2
2015-04-15 00:30:00,17.347118777692884,21.994592794601214,39.3417115722941,26.235184520833336,0.15421803020833333,35.17932472224125,0.0,21.182925105058747,86.50047726325278,265.448790002091,122.41714519931323,370.6937576388888,22.60066073176308,0.46666667,313.7667,27.738134151867108,0.1930154,13.943554,0.286538,276.12653,26.585835,20.290958,0.0,22.999998,26.3,272.9
2015-05-15 00:30:00,10.546651149611982,14.883370933983262,25.43002208359524,22.7533946827957,0.10031048931451612,33.50768133782953,5.6,11.46753555162977,64.60960513539962,231.65212904217003,89.62772846219693,346.5556578629032,18.729273339546804,0.3,311.37613,22.720782915118065,0.19575346,15.151705,0.39156726,236.64125,22.84677,16.60493,3.4,0.0,22.999998,26.3
2015-06-15 00:30:00,7.933344482697302,10.833732983315883,18.767077466013184,21.247048784722224,0.10597666279861112,41.48300456932028,1.6,12.380048234210998,57.02996124194,210.7204995099229,78.07528379117291,341.1506722222222,15.005991786822642,0.3,307.95413,19.289938324247554,0.19633001,13.046061,-0.20243692,212.88968,21.539999,15.046895,6.0,3.4,0.0,22.999998
2015-07-15 00:30:00,3.9982707068940284,10.487778332795756,14.486049039689785,19.857002284946237,0.09130675505376343,31.61383457214064,0.0,7.836264458128721,62.46796263555509,229.58489335184674,82.9334564506371,326.07415215053766,16.067916432849234,0.3,308.26498,17.926973844460978,0.19257395,15.120264,-0.9397695,233.26611,19.772741,15.904522,0.0,6.0,3.4,0.0
2015-08-15 00:30:00,3.5999986658401277,11.896754909715842,15.49675357555597,22.211856324596777,0.08590962531586022,30.783184897216284,0.0,7.561888844888684,74.04262252825288,259.24721960921056,101.9568346582697,338.4693510080645,18.85181281065477,0.26666668,312.7148,17.37406131536177,0.19187076,17.578176,-0.4140556,264.71402,21.868387,16.417349,0.5,0.0,6.0,3.4
2015-09-15 00:30:00,4.058703964732981,11.546686360931215,15.605390325664198,25.36227238888889,0.08272687747222222,20.451092248989763,0.0,10.098391772580461,84.65886205404136,296.1101766343302,116.41187721696907,347.71713020833334,26.303576638954613,0.275,316.98306,16.281236328954456,0.19038834,18.717838,0.37637088,300.66357,24.791836,22.169138,0.0,0.5,0.0,6.0
2015-10-15 00:30:00,6.561935949725282,12.15135895151435,18.71329490123963,29.96434053091398,0.08534601121639784,29.50372897904763,4.2,10.408040817966596,88.55732074474192,290.9203984382787,125.42738964795612,394.45451908602155,30.722231593177277,0.23333335,321.27054,15.272784262892136,0.19378051,18.436544,0.3835158,296.23276,29.429514,26.83329,1.0,0.0,0.5,0.0
2015-11-15 00:30:00,19.666494171695355,9.150489310028856,28.81698348172421,31.786841118055555,0.21403918963888888,36.76081343145661,31.0,25.83428628584084,72.56853917923681,269.0374064262253,123.45421630948913,418.05279916666666,30.673043658934226,0.26666668,322.75375,14.871419397952122,0.20209278,16.728058,-0.35978338,283.34103,32.43933,30.681648,39.2,1.0,0.0,0.5
2015-12-15 00:30:00,33.60236500166194,12.280034031900573,45.88239903356251,28.508155927419352,0.42079126028225805,68.63116880890095,494.2,72.64365883309809,46.25457029106113,233.67941392302444,148.25815493922065,433.4497740591398,12.538344486004366,0.2,310.46002,12.714035589396637,0.24533968,9.433052,2.6626477,229.15546,30.092583,17.113564,532.0,39.2,1.0,0.0
2016-01-15 00:30:00,-30.85673087587515,56.59226801852074,25.73553714264559,29.715163440860213,0.16314480421370967,64.62347160727298,155.0,104.1516387270429,38.065427619066014,286.5628434964869,183.95126801584172,425.95766787634403,15.191579067562618,0.575,314.05634,29.05736146744518,0.24854518,10.38534,1.5075588,289.53107,30.883062,18.883911,94.0,532.0,39.2,1.0
2016-02-15 00:30:00,-45.95394093456888,73.97396030643313,28.020019371864244,29.59425760775862,0.1575015927586207,63.29874513761796,73.39999900000001,117.20763966280022,30.096525588438002,300.5887738556581,190.36284538899136,419.30528864942534,15.648039781995028,0.8,315.04843,37.22193387682717,0.23893891,10.053587,0.8778348,302.4864,30.810518,20.020746,94.999985,94.0,532.0,39.2
2016-03-15 00:30:00,-76.1695473273316,107.00168417362497,30.832136846293377,29.51731667690341,0.0872124633827633,60.15322888948895,28.6,87.54363269563298,39.74822697769489,260.94216348427346,153.15630181793279,419.60216945407007,16.911907611138673,1.0,317.65817,42.42674233096703,0.210194,12.083555,0.27912158,276.46725,30.645967,18.74023,9.6,94.999985,94.0,532.0
2016-04-15 00:30:00,-3.3674557138786265,27.982811393137258,24.615355679258627,28.428882048611108,0.04484512958333333,36.23839542343051,0.0,32.1264029302385,68.27401655293328,253.19750242204245,115.15887124079246,389.78924020833335,25.365695300108577,0.6,317.45874,36.92931387960019,0.19518906,14.178345,0.17823346,266.71298,28.74533,21.62614,0.0,9.6,94.999985,94.0
2016-05-15 00:30:00,7.664155669627133,12.900908222242446,20.565063891869578,26.580315994623653,0.03510692816532258,46.33887987283439,0.6000000000000001,13.290425136522066,64.50828021454215,214.00543529832575,91.44163227009993,390.527697782258,19.104457215546287,0.5,314.77893,30.366289328958175,0.19574578,13.51782,0.15785572,221.52036,26.810488,17.056738,0.0,0.0,9.6,94.999985
2016-06-15 00:30:00,5.266062846206434,8.301464600023756,13.567527446230187,22.92696200555556,0.032092819402083334,43.24302971536944,0.0,8.884725619509103,56.46795110890293,209.22665322125883,75.97704530459217,356.9230884722222,16.159923566931305,0.35000002,311.94458,29.272038822146772,0.19450067,14.763035,-1.4815454,212.38042,22.992,14.718017,0.0,0.0,0.0,9.6
2016-07-15 00:30:00,2.1949221657237743,7.216203769389566,9.41112593511334,20.36301977217742,0.030565381151209676,40.336200476392406,3.8,12.357133471179134,57.51732433920152,220.49387784255114,80.81078905175815,337.54514469086024,14.473509908492408,0.3,311.58304,24.466187995414902,0.1981353,17.261806,-1.5902662,225.18295,20.240482,13.173721,7.1,0.0,0.0,0.0
2016-08-15 00:30:00,3.5180543303579483,7.046027779069648,10.564082109427597,22.957720989247314,0.02834823989516129,33.40541410523121,0.0,9.845286832568535,66.54169101380089,245.33879710443537,93.71732443844073,350.1307280913978,18.99704994570816,0.3,314.35547,21.135802003529623,0.19186202,17.483498,-1.5099832,253.65887,22.698387,15.35295,0.0,7.1,0.0,0.0
2016-09-15 00:30:00,6.086190728527243,7.786286765109201,13.872477493636445,28.036915784722225,0.0323478782875,40.96671542469073,10.0,16.19717437945754,67.58237957278706,251.10653011892012,113.24372668905897,398.8240173611111,22.940931592772465,0.275,319.53467,19.004542346813395,0.19827867,17.073126,-1.6484814,270.03088,28.313166,21.660845,8.299999,0.0,7.1,0.0
2016-10-15 00:30:00,10.211499101613457,4.309014588735089,14.520513690348547,28.630294384989128,0.028254125327398686,30.922537885729735,11.4,14.642486217046494,84.12044788332867,299.44956684167863,121.51294853687614,382.8154150278513,27.812578428415275,0.25,324.44586,18.06881716936187,0.19389966,21.679916,-1.3482893,311.57407,28.408066,25.286617,9.5,8.299999,0.0,7.1
2016-11-15 00:30:00,20.539625240667547,-1.6434255771619082,18.896199663505637,31.136684027777775,0.03932059857083333,33.811026146623526,27.2,30.742579504249925,71.77504018387482,292.19915322228337,127.7914808208945,405.28734263888884,30.905623880712135,0.23333333,327.46402,16.19334541068227,0.20204234,21.68384,-0.44898173,315.22372,31.063505,27.59108,37.199997,9.5,8.299999,0.0
2016-12-15 00:30:00,17.52149305284547,-1.9428297096649614,15.578663343180509,29.945832271505374,0.050667458102822575,56.568725456010924,219.39999999999998,33.452155616634194,68.09184375894816,254.56485742006285,132.27825586031824,429.9183304435484,18.906635645103428,0.22500001,324.84448,12.564575728139573,0.21781705,19.683872,-0.02210732,276.6838,31.016293,21.708664,110.4,37.199997,9.5,8.299999
2017-01-15 00:30:00,-8.431701664744889,67.5077028086623,59.07600114391741,28.227858373655913,0.7458344426075268,77.5807952736879,278.19999900000005,115.32568421225265,17.621624467960725,249.77730357697158,174.0802897678318,431.88277620967744,8.812385788247523,0.4,311.09998,21.081157083323248,0.27513173,7.4054375,0.7144586,275.06723,29.487904,12.279451,310.19995,110.4,37.199997,9.5
2017-02-15 00:30:00,-68.04450685732168,114.73593777365414,46.691430916332465,27.083623534226188,0.7210648103422619,77.50514601322826,222.20000000000002,120.75566458381805,18.075364691295157,250.51840880986492,168.67757201157625,418.8725110863096,8.255507747158793,1.075,307.30002,41.64223867098119,0.29014096,5.1913853,1.0165185,262.19412,28.62911,12.540783,239.6,310.19995,110.4,37.199997
2017-03-15 00:30:00,-64.71638449022842,103.44266327983578,38.72627878960736,28.58822674731183,0.5256445796370968,70.53320299258044,91.0,113.94061824321295,30.659055760288147,277.90275104262975,182.94041385943078,419.34439038978496,11.83446623239748,1.325,310.75458,50.18504284205038,0.2433972,7.1364613,0.8801348,281.09317,30.112745,15.468336,101.7,239.6,310.19995,110.4
2017-04-15 00:30:00,-53.91195571736907,56.12352958851278,2.21157387114371,26.229175708333333,0.22938893666666665,43.767453665595674,0.0,105.37847284988554,43.14179038000118,257.0359682850662,134.16428288923282,379.85507201388884,19.599152148023702,1.0,310.06567,47.38262177798589,0.19966172,9.686201,0.7702773,253.00925,27.011003,19.39672,0.0,101.7,239.6,310.19995
2017-05-15 00:30:00,-19.036142803799997,12.648992290199999,-6.3871505136,23.75454998655914,0.11210981043010752,37.289368909112284,0.0,48.048547849462366,51.428317271505364,229.3529474009222,96.06838818452432,354.83241182795706,18.79127700313231,0.725,310.33218,40.83291491562112,0.19875516,12.710007,0.77056676,219.50792,24.13887,18.586548,0.0,0.0,101.7,239.6
2017-06-15 00:30:00,-12.084605133726562,1.992903004549195,-10.091702129177367,20.04895595138889,0.08401624061111111,35.93749446755821,0.0,11.252559459344754,63.79283012000569,219.45022896433196,76.2778071573875,326.8689754861111,15.235719494809572,0.52500004,307.85077,33.285794779955836,0.19682017,13.864248,0.77856207,206.19212,20.265665,14.778022,0.0,0.0,0.0,101.7
2017-07-15 00:30:00,-7.7751072026598145,3.1509749970457266,-4.624132205614087,22.476523879032257,0.08737736819892473,39.15166823232669,1.0,9.154786385462714,61.939150414749065,220.97097274581992,80.73616485872313,347.8784108870968,16.8475305915977,0.5,311.06097,31.14150279214923,0.20034581,14.753374,0.23192513,212.55603,22.225325,14.939017,0.0,0.0,0.0,0.0
2017-08-15 00:30:00,-6.461180602042681,2.9396823369946095,-3.5214982650480726,22.881500508064516,0.08203066586693548,26.927483261350023,0.2,7.336887655763715,72.3184925384086,261.17189463010305,93.68182210120516,335.44320208333335,20.746810343104926,0.475,313.79398,29.688653946224782,0.19674519,17.68484,-0.32393476,245.73627,22.363226,18.132534,0.0,0.0,0.0,0.0
2017-09-15 00:30:00,-7.0230914942541744,5.875891250054174,-1.1472002442,26.4283697920727,0.0712666211060619,22.687732100886056,0.0,3.3224303148161773,82.55482784571134,291.8167121176709,112.91703277259086,358.6823161458694,27.27306751877796,0.42499998,317.7896,26.205328206259026,0.19629668,18.4303,-0.32552943,278.9776,25.801664,21.609608,0.0,0.0,0.0,0.0
2017-10-15 00:30:00,-6.500693486747284,10.183161990428237,3.682468503680952,30.739412890462987,0.07675576022908856,27.18754889648167,12.200000000000001,12.86624396086039,93.09857161513044,299.4354812326566,122.79699587828259,397.43039660183956,33.21460767632202,0.5,322.98093,25.473849503214385,0.19461672,18.354143,-1.0290997,304.45413,30.590162,28.627993,0.1,0.0,0.0,0.0
2017-11-15 00:30:00,-5.17420637987504,24.00542075276794,18.831214372892898,29.28513836111111,0.3095490496111112,48.51668948914936,83.19999999999999,2.3501315866149066,66.87568309903907,275.97521415548283,129.2395691581794,412.7228962760516,21.55193391610974,0.45,320.2454,23.477696027013096,0.22396868,16.36448,0.2982112,289.37497,30.001,22.5538,92.399994,0.1,0.0,0.0
2017-12-15 00:30:00,-9.895669765200001,25.529991118199998,15.634321352999999,30.692914146505377,0.24500552337802786,45.13545455903432,51.199999,1.603031061719995,64.32120077399782,301.38428841860633,149.4203737437023,416.1547865191866,24.9590498172029,0.475,320.7086,26.837136006582774,0.20926106,16.464424,-0.45655426,310.5847,31.24871,25.230623,11.1,92.399994,0.1,0.0
2018-01-15 00:30:00,-11.39453373718533,28.429199009073468,17.034665271888137,28.348579565006716,0.2385959202490886,68.33923246828569,317.99999999999994,53.11220875965704,48.46306247505919,232.51730854156213,143.31113630801786,429.5327422251205,12.535073593823917,0.5,318.51,16.77888203519649,0.24622987,15.46199,0.41244772,242.8054,29.108871,13.960983,273.49997,11.1,92.399994,0.1
2018-02-15 00:30:00,-54.951320837829954,81.24660777065327,26.29528693282331,29.061934527455076,0.2029450259556761,64.81389735094675,18.599999999999998,91.711764777166,28.768115280756483,279.90408649343647,176.58047076402067,419.2695108751974,14.535625806159102,1.05,313.26163,44.28903892544902,0.22608778,9.756714,0.03989425,291.45172,29.712677,15.550503,69.4,273.49997,11.1,92.399994
2018-03-15 00:30:00,-34.17419918860993,77.7003182661526,43.526119077542674,28.76852649680998,0.19229211913497582,60.17875304440189,42.60000000000001,57.66588430963218,52.91267030931585,262.18003353054166,145.5127933134718,412.033307594086,16.165771750827318,0.97499996,316.06546,45.633911525671266,0.19608393,12.324554,-0.21677482,269.72073,29.484192,17.657192,23.300001,69.4,273.49997,11.1
2018-04-15 00:30:00,10.401056860827095,29.431349617645502,39.83240647847259,28.23714661636281,0.17659752718584487,45.05685784136588,4.4,24.698161203708604,75.20396698038441,251.4888661681667,113.91657449761115,388.0790361111111,21.608661532043893,0.53333336,317.48,32.47339015846143,0.19011292,14.979528,-0.1645845,245.33179,28.313166,21.164177,3.3,23.300001,69.4,273.49997
2018-05-15 00:30:00,20.740414892621068,3.361669685838406,24.102084578459475,23.072404247603767,0.16506721362131038,36.025158403835505,0.0,10.803668567628165,66.0119075836301,228.9197993572213,80.40824837939874,343.3842836021505,18.379720782679446,0.36666667,312.19537,26.15914627090417,0.18854342,14.82622,-0.43677247,221.12079,23.290968,18.842659,0.0,3.3,23.300001,69.4
2018-06-15 00:30:00,11.09253828272502,5.685372534335293,16.777910817060313,20.837750095269996,0.15590115323188164,38.75278254027118,0.0,6.594626621542817,59.83885550867022,213.88372071110464,72.70580005902133,335.7744683333334,15.308048856150684,0.3,311.01923,23.61606602305321,0.18994822,16.099794,-0.18893753,207.92827,20.782835,15.362801,0.0,0.0,3.3,23.300001
2018-07-15 00:30:00,8.400610499016246,5.190468989219007,13.591079488235252,21.06669758390546,0.1476200938338908,33.914536121968965,0.0,6.3958808795601305,59.0107884795919,224.85119652787054,72.76824278795118,328.7751495295699,16.75636164251904,0.275,313.35925,20.89422823668431,0.19241694,18.2849,-0.93641627,218.92545,20.595806,17.477884,0.0,0.0,0.0,3.3
2018-08-15 00:30:00,7.146444994363916,6.360905381296153,13.50735037566007,21.410068342443825,0.1379224195432323,32.25652699930229,0.0,6.75117159602864,68.81841323065261,261.3738645101081,89.97261040095185,324.3276755180858,17.550202371271997,0.25,316.45856,20.64118723917368,0.19105448,21.663149,-0.6013903,246.34857,20.884031,18.049526,0.0,0.0,0.0,0.0
2018-09-15 00:30:00,7.7848195951065335,7.616802843878336,15.40162243898487,26.96303060426411,0.1269062316163154,32.70993099419047,0.0,7.621099874179271,82.12987893675792,284.6601951142042,108.84247012462086,362.36742,24.516378857550116,0.275,322.09442,19.716899813215168,0.19205147,21.474308,-0.22598334,277.14117,26.081997,24.260626,0.0,0.0,0.0,0.0
2018-10-15 00:30:00,15.175862739285462,1.4002709267139446,16.576133665999407,30.6248874022855,0.11452505834123654,40.721823856963674,3.1999999999999997,7.5464282256982695,90.21958593461557,288.1722977759383,123.16719233441962,400.59003233920754,26.859230759334586,0.26666668,325.868,19.285823336436763,0.19391818,20.365868,-0.5767363,302.54623,30.697578,28.511375,0.2,0.0,0.0,0.0
2018-11-15 00:30:00,27.761169980604727,-12.659189700429087,15.10198028017564,31.316037654627195,0.10279718082390985,45.765174455155766,74.19999999999999,10.453392302486247,83.53573095115263,272.52933843216255,125.54083504337694,419.22455430050354,25.591400540291172,0.45,325.30728,17.92496906320867,0.21054526,18.264767,-0.72171855,293.38733,31.674839,26.24033,37.099995,0.2,0.0,0.0
2018-12-15 00:30:00,23.800792540971976,-7.866391055824239,15.934401485147738,32.67655123600333,0.0929281572611311,43.54829294074605,44.8,10.19547564953239,95.61103215191777,305.7251130816939,136.58720544928275,423.4317446951798,28.836259597300078,0.23333333,328.41272,15.99209155609099,0.19502081,19.017677,-1.6157452,310.9954,33.935966,32.811653,21.500002,37.099995,0.2,0.0
2019-01-15 00:30:00,21.112274823707697,-7.488461331484278,13.623813492223416,31.16560069569789,0.08413914529023601,52.319263930948566,144.2,12.546666076898742,95.44317998948647,296.12616949806807,142.82593192492618,429.178809634568,22.30134276801754,0.22500001,326.6743,14.957748699884979,0.20934425,17.470486,-2.092006,302.1468,33.180973,26.434677,67.799995,21.500002,37.099995,0.2
2019-02-15 00:30:00,18.968251707819757,-7.818453484352039,11.149798223467716,31.033685902825173,0.07757723689229562,51.320538349544826,95.94,11.0383497588933,89.45653419369195,279.32577880469665,131.79074250295665,423.27450722893053,22.59301795562008,0.22500001,327.16666,17.20640074578314,0.20905724,20.366581,-2.5772567,294.07657,32.603573,26.919989,36.6,67.799995,21.500002,37.099995
2019-03-15 00:30:00,14.167415294749192,-3.0395123155681563,11.127902979181037,31.031407703019443,0.06986487911706396,45.32303841449422,24.000000000000004,11.05335369624363,90.59289959220588,270.67753461644685,118.4164356481722,413.51540427339893,25.37317454926468,0.2,326.85114,16.45641990600275,0.19711895,19.447996,-2.608407,274.36905,31.63968,24.869406,7.2,36.6,67.799995,21.500002
2019-04-15 00:30:00,-3.9051044851020142,11.06390067978359,7.1587961946815755,28.58498251024329,0.06044363164940372,37.10520817740798,0.0,4.082311773475878,75.45571256875458,235.80066238062977,90.76754728544394,392.41148192687524,25.25494465791995,0.2,322.3486,16.980927733731278,0.19020197,19.194065,-2.5030985,240.08101,28.611996,23.739347,0.5,7.2,36.6,67.799995
2019-05-15 00:30:00,2.2855483946682513,2.166427261166479,4.45197565583473,24.353413729838707,0.05435848346774194,37.59585359982433,3.0,5.3952254320784245,64.1501354066249,219.72159820089684,77.68643386890757,360.4333824596774,19.40047705867535,0.25,315.86212,18.02883932084422,0.19305763,16.639748,-2.5843508,220.10901,24.80645,19.311422,3.3000002,0.5,7.2,36.6
2019-06-15 00:30:00,1.2179666484356608,1.477527556940633,2.695494205376294,20.581099756944443,0.04686762845833333,32.35826826365309,0.0,3.066385393559609,59.02277673150248,214.61014272757134,69.01435968521018,332.10766631944443,16.635705970429463,0.22500001,312.564,18.1506581466683,0.1837984,17.835518,-2.1322653,209.42513,20.535332,15.404124,0.0,3.3000002,0.5,7.2
2019-07-15 00:30:00,-1.0056283980596392,4.109090926385024,3.1034625283253847,21.210163467741936,0.044720331935483866,28.193064138544973,0.0,2.585745786293645,60.414881473884876,230.0171993351846,72.95597878209323,328.2761365591398,18.371541746042922,0.225,314.40002,17.77686775810642,0.17989804,19.226261,-2.0087588,220.34796,20.960812,17.47385,0.0,0.0,3.3000002,0.5
2019-08-15 00:30:00,-0.4871183318032434,4.207749064227632,3.720630732424388,21.78028394623656,0.04223179949596774,22.34633779661643,0.0,3.7267434098899748,71.76315669751465,260.398221866633,87.25968113007384,327.3956501344086,20.588437865976005,0.225,316.44962,17.304816829826095,0.18811172,20.569098,-1.3226609,246.76302,21.61645,19.108152,0.0,0.0,0.0,3.3000002
2019-09-15 00:30:00,-1.3220940655653763,7.996372530537942,6.6742784649725655,26.36433144206899,0.040321702457436055,20.704588177307542,0.0,2.752826806404253,83.83473619162149,298.79234859718184,109.16999080977443,352.4750211262945,27.864488392448738,0.2,322.96072,16.16002134888054,0.18666248,23.443521,-0.48753247,281.83252,25.488668,23.590752,0.0,0.0,0.0,0.0
2019-10-15 00:30:00,1.0553969459343238,9.094665129696116,10.15006207563044,30.15551485215054,0.039892053931451614,22.841148739307336,9.200000000000001,10.492369232012743,83.64442082880791,308.02581367658485,119.24902648229721,381.57026478494623,34.00749340912625,0.2,327.30075,14.682511258484013,0.19108649,23.677158,-0.32795215,300.50772,29.625484,30.740376,1.2,0.0,0.0,0.0
2019-11-15 00:30:00,1.2496599128073957,10.48115583053657,11.730815743343967,31.89919518055556,0.04650777441666666,25.81582251493476,43.800000000000004,23.928161443943736,72.05948910683699,307.28693324730574,124.57333895341682,400.5914647916667,36.218408020418025,0.2,327.8024,13.849125514235208,0.19207448,21.296043,-0.6984354,310.18127,32.197,35.688972,22.5,1.2,0.0,0.0
2019-12-15 00:30:00,-0.6158121847502339,13.135361994647226,12.519549809896994,33.76089397510339,0.046968824043471795,31.61203370765492,29.23571328571429,19.55356082017295,80.35127308263456,306.64915638451475,128.73796377175424,420.24936791362273,37.19431509209232,0.2,328.28397,14.540259548389574,0.19141074,20.854,-1.7170826,313.35123,34.150486,36.63926,15.599999,22.5,1.2,0.0
2020-01-15 00:30:00,2.747183391288614,8.649737477266282,11.396920868554897,31.36021872011992,0.06551369290106906,56.362760386330756,96.8518678861733,33.27180468795401,71.98774624309242,270.2469429997843,138.8469599202513,437.69505355699675,20.644126384241467,0.2,324.91336,14.974501920215527,0.22877589,20.081371,-1.6662815,286.99594,32.038868,22.05124,124.799995,15.599999,22.5,1.2
2020-02-15 00:30:00,-13.28354995389769,26.972998069779095,13.689448115881406,30.885683103448276,0.09972844184203665,57.22333088824864,203.39999999999998,53.83294690662695,45.28119732338312,260.8711427389419,136.60622414777833,431.2235010775862,19.681702641164822,0.325,324.7775,16.02957089486384,0.23258595,20.413507,-1.1838742,282.61493,31.077246,20.966423,252.09998,124.799995,15.599999,22.5
2020-03-15 00:30:00,-32.29231830211232,45.060245195292495,12.767926893180176,28.155194610215055,0.10136671595737964,57.419626726238214,35.8,69.50990783899974,25.622708224144386,276.1820811599771,154.32035706898245,403.44091350806457,16.664652704445405,0.8,316.61572,34.36737839301294,0.22764494,14.078768,-1.2096,286.98468,28.73242,17.940907,10.599999,252.09998,124.799995,15.599999
2020-04-15 00:30:00,-23.52089274587228,41.91531028049937,18.394417534627088,27.90771421342807,0.07387973829331376,46.53827165909883,19.0,46.258726799489196,43.25430195610059,249.51025831048804,120.92416628923165,395.0211211100711,20.615690209502137,0.75,316.7562,39.83905516036087,0.20076782,14.766666,-1.1547072,252.69675,28.018337,19.480839,17.400002,10.599999,252.09998,124.799995
2020-05-15 00:30:00,0.7858912103359476,10.399038294387033,11.184929504722982,21.576457144489247,0.029168294473779954,37.517991806532685,13.200000000000001,15.393605548116373,52.24199474890068,217.2114249231221,80.63224590500384,347.97127479838707,16.356417084928,0.4333333,312.84857,26.120733687818383,0.20430979,16.544758,-0.9314023,209.62888,21.92274,17.23946,14.1,17.400002,10.599999,252.09998
2020-06-15 00:30:00,-0.45235378681973804,10.192330156707737,9.739976369887998,21.248608442525004,0.0237807004535393,33.20773211986809,0.0,7.938841297613221,51.155260908994485,218.32974165595334,73.78975022533938,337.03462801859473,17.129760882736004,0.275,311.88385,19.989265215764632,0.19000898,16.297794,-0.36507085,206.95604,21.282833,17.49569,0.0,14.1,17.400002,10.599999
2020-07-15 00:30:00,7.1640649946439385,3.825027240711091,10.989092235355027,19.968536796209666,0.01618958599569547,28.695994337854366,0.0,6.1863968257916175,54.35981518306641,228.93619762219478,77.19953914966813,328.4448242457012,16.872012697146406,0.275,311.7572,18.315426999520426,0.18546854,17.657406,-0.05141715,218.01448,20.000645,16.683685,0.0,0.0,14.1,17.400002
2020-08-15 00:30:00,-2.235804058497293,15.316539511137247,13.080735452639953,24.229535537609987,0.014220595031121771,36.25591394001401,0.0,5.372588168663891,64.91224952524982,250.84503745772378,103.33710341365978,363.24151895161293,19.66698567788504,0.2,317.18335,17.62748781333949,0.18675223,18.407444,-0.47087324,245.03812,24.034512,21.054043,0.0,0.0,0.0,14.1
2020-09-15 00:30:00,1.605051014311229,15.66355586143318,17.26860687574441,28.440579423611112,0.022852713513984435,34.97953831675569,25.999999999999996,15.972778837090452,70.505621622341,275.0238557595602,119.91637490928244,390.98049013888885,25.884559568949186,0.25,322.2852,16.22166624250433,0.1898069,19.743359,-0.35064927,271.95212,28.449665,23.3855,23.2,0.0,0.0,0.0
2020-10-15 00:30:00,2.526812987181498,15.82507184799513,18.35188483517663,29.67006250672043,0.053474157790322566,40.252503376854705,61.2,28.05541751790766,68.18123988082294,291.15875763805053,135.1253737101473,401.9319387096774,25.58869244526869,0.225,323.7968,16.289417796545106,0.19761173,19.558014,0.20122342,298.13693,30.074036,27.104809,67.799995,23.2,0.0,0.0
2020-11-15 00:30:00,-0.7354516614254474,19.709199836078568,18.973748174653117,32.332947034722224,0.04078963828333334,38.136594707899214,17.0,26.156236531455104,76.19912646249028,298.2156585311271,140.45208350598816,421.8185991666666,30.975985418699462,0.23333335,325.37067,15.21539785905016,0.2003084,18.344734,-1.3119283,311.60104,33.011833,31.709597,12.1,67.799995,23.2,0.0
2020-12-15 00:30:00,0.42845202371283664,18.159494470342796,18.587946494055636,29.172379848179453,0.08906862848016585,65.8899586377215,199.799998,46.75119608976155,59.93430194143405,253.9834370325022,148.11099780425994,434.7781479260992,14.183867040856068,0.22500001,324.90802,15.426586560392595,0.23840137,18.943098,-0.2334818,272.16998,30.554033,19.444582,154.7,12.1,67.799995,23.2
2021-01-15 00:30:00,-32.00868877598528,57.85186435896349,25.843175582978215,30.368314805107524,0.07955121100806452,56.99646692839474,6.800000000000001,67.09220869824229,47.75100573099394,291.05641383178903,170.5763978047729,433.87494462365595,19.192985680245794,0.7,319.65842,32.08639627181697,0.1994915,14.951672,-0.9636119,310.72653,31.030323,21.195293,16.5,154.7,12.1,67.799995
2021-02-15 00:30:00,-17.008332724304413,46.023248686202436,29.014915961898023,27.5790712202381,0.12841374030129157,75.67279852894325,172.79999899999999,70.46530605449846,30.355204221467808,248.1251785812143,161.46423315359522,427.97345944940474,9.197914390987382,1.375,310.39667,45.59695661716171,0.23092294,9.110449,-0.6882682,254.73708,28.988214,14.186483,136.9,16.5,154.7,12.1
2021-03-15 00:30:00,-24.95903220356655,62.88796236209589,37.92893015852934,28.126700020161294,0.11378557729914753,64.56420783079645,95.19999999999999,71.23287924642064,35.02497545999506,267.6232154558363,169.52542391976908,418.4228916666666,13.844871340609131,1.325,312.1956,51.99123802521649,0.20256326,10.737877,-0.61702436,274.52582,29.353706,17.618446,51.3,136.9,16.5,154.7
2021-04-15 00:30:00,1.3867070158216137,33.98235821436488,35.36906523018649,27.17513790277778,0.06784957327083334,34.072139615554576,0.0,28.14451165262379,72.4271064499725,266.3443487747445,135.38618257898062,386.33419861111116,24.328892143746227,0.59999996,314.53128,36.80928435005514,0.18058974,14.669594,-0.7329625,249.84955,27.132164,24.319975,0.90000004,51.3,136.9,16.5
2021-05-15 00:30:00,9.910668588301258,18.11339496013128,28.02406354843254,23.458554784946237,0.040662768850806455,31.628568016450764,0.0,7.027019054198209,66.73046183951517,236.37072392841094,95.93384286463404,356.5954436827957,20.117117778334055,0.475,312.6517,28.110484154503236,0.18095252,15.72628,-0.47921777,218.10037,23.63758,19.264729,0.0,0.90000004,51.3,136.9
2021-06-15 00:30:00,4.273216222100787,15.184269782929658,19.457486005030447,20.980615582638887,0.034236035666666664,38.960253940937655,2.0,5.213703004890537,55.225376231503134,202.96579096039488,80.6744653826171,355.1153717361111,15.39364075506647,0.375,309.721,25.427418912749342,0.18803462,15.382786,-0.79016316,200.06944,20.936337,14.515079,0.6,0.0,0.90000004,51.3
2021-07-15 00:30:00,3.893869176201581,10.356427514020668,14.25029669022225,20.943051102131438,0.030334095991119008,27.195885465502847,0.0,4.55914410799768,58.4148466617315,223.57347192837082,85.0679671566124,341.20664387211366,18.31726988347587,0.3,311.6256,23.472914564960874,0.18643424,16.856249,-0.36131144,219.60497,21.487257,17.586102,0.0,0.6,0.0,0.90000004
