time,NEE_SOLO_EC,GPP_SOLO_EC,ER_SOLO_EC,ET_EC,Ta_EC,Sws_EC,RH_EC,Precip_EC,Fn_EC,Fe_EC,Fh_EC,Fsd_EC,Fld_EC,CO2_EC,VPD_EC,LAI_RS,EVI_RS,LST_RS,Fpar_RS,tree_cover_RS,nontree_cover_RS,nonveg_cover_RS,LST-Tair_RS,MI_RS,solar_RS,Ta_RS,VPD_RS,precip_RS,precip_cml_3_RS,precip_cml_6_RS,TWI_RS,PFT_RS,x_coord,y_coord
2008-09-15 00:30:00,14.119926333650415,10.973437523824881,25.093363857475296,3.500259843030358,27.37447523611111,0.013556718545833332,29.27700394599062,14.20000000000001,97.70903205811771,3.31336325264633,79.40294837681823,277.4487746194444,390.89752083333326,387.48872922262467,26.413189238212436,0.4092499,0.16028358,319.31232,20.514141,4.9711323,67.49072,28.208967,18.870487,0.0205084,274.92285,27.291836,24.164299,3.9663954,7.8238287,18.780212,12.572903,30.0,133.3502,-17.1507
2008-10-15 00:30:00,-3.3400860173994795,26.792948443007212,23.45286242560773,4.632117144045736,30.30588920242027,0.012997620630655961,24.97248399409002,16.16,110.01820136214492,4.243340286973798,86.42363571945414,304.5594171234309,404.33807414066206,376.3883564693338,33.362694845891035,0.39607537,0.16023286,322.38028,19.106577,4.9711323,67.49072,28.208967,19.199963,0.0011194397,302.8786,30.030323,30.777622,6.5975466,11.824919,19.783665,12.572903,30.0,133.3502,-17.1507
2008-11-15 00:30:00,26.05414240165917,1.5594656296868663,27.613608031346036,31.211650917811667,31.393843221552455,0.07529178678658557,44.737354225375526,51.62307692307692,132.01537955572374,29.54510289041,74.39556595813707,288.78827991048684,440.8003025036834,384.8773897305758,26.195439817384642,0.37903687,0.14990428,320.099,18.283186,4.9711323,67.49072,28.208967,14.622005,0.33749717,288.87347,32.327,28.411238,57.810905,68.37485,75.16901,12.572903,30.0,133.3502,-17.1507
2008-12-15 00:30:00,-2.9529817657315443,40.42680971767133,37.47382795193978,64.24646992296432,29.897434637096776,0.16285845217741937,56.99393549044369,41.9,138.54359480065895,58.85421841509306,60.048589058581534,265.4520152084637,430.3283765522379,382.5197826745554,18.668060321259087,0.3785025,0.15340869,320.62332,16.625738,4.9711323,67.49072,28.208967,16.443485,0.7684018,266.6891,31.029842,21.064287,141.78294,206.1914,214.01523,12.572903,30.0,133.3502,-17.1507
2009-01-15 00:30:00,-33.52006119374841,73.05712176927614,39.53706057552774,120.17087844629899,27.43304088709677,0.24744199213709675,75.79661434176286,488.99999990000003,152.9516107455667,110.08485191003554,24.06313147386869,240.92284902160682,430.24991580513426,368.85731811603654,9.07120076379674,0.61341894,0.2150422,307.50235,25.97193,5.477783,67.08191,28.14787,5.3955803,1.9888201,245.77734,28.956776,12.704039,348.8766,548.47046,560.29535,12.572903,30.0,133.3502,-17.1507
2009-02-15 00:30:00,-35.58369087662067,67.70536868593003,32.12167780930935,121.52984734860483,27.39150149580404,0.21284559228869113,68.86950450665414,212.4,147.40876175309435,123.2579503366968,23.308274535984147,243.30563379971764,420.73204637127265,367.22229904958897,11.63832937599593,0.8707698,0.2966466,308.50235,36.173912,5.477783,67.08191,28.14787,6.840212,1.8672582,257.3826,28.512144,12.444664,196.94507,687.6046,755.97943,12.572903,30.0,133.3502,-17.1507
2009-03-15 00:30:00,-39.353848207199995,65.7001544616,26.346306254399998,178.6605832164982,27.720275623117573,0.08925518744421344,52.525597966735276,8.022222222222222,161.82389510505394,163.6654745295699,23.783590389784944,290.8461353110017,395.0226105145557,376.3968761400284,18.10238875483585,1.2250282,0.32040069,312.8525,48.282948,5.477783,67.08191,28.14787,11.563641,0.011383586,313.6873,28.138874,16.284843,27.212784,573.0344,779.2258,12.572903,30.0,133.3502,-17.1507
2009-04-15 00:30:00,-29.3831553348,51.8981877594,22.5150324246,152.9189025024454,26.545351067860985,0.06462075583898891,44.87817451103859,4.6,129.11413818520546,144.75378826388888,22.391606319444442,254.29320765866646,389.63705748877544,382.5548352390316,19.583075786698366,0.8610883,0.26080954,313.3653,40.53324,5.477783,67.08191,28.14787,12.806471,0.005373051,264.01236,27.40883,20.319628,8.405494,232.56334,781.0338,12.572903,30.0,133.3502,-17.1507
2009-05-15 00:30:00,1.348802199093846,17.317444192682306,18.66624639177615,63.59124717478468,22.389260317573086,0.06801824803648857,38.39350635370394,0.6000000000000001,103.64824530383218,58.253988974033625,58.97483362171239,214.49853068288064,367.30982619660057,386.8697684306571,16.965214401565998,0.636174,0.21577932,309.82935,33.15565,5.477783,67.08191,28.14787,13.749994,0.002447482,225.24269,22.929358,18.251928,4.879327,40.497604,728.10223,12.572903,30.0,133.3502,-17.1507
2009-06-15 00:30:00,11.376342482675046,3.414875881690586,14.791218364365633,7.847150842525936,20.564877947916667,0.06750124136040918,39.79035346974741,0.0,61.780984197916666,7.4281517388972365,65.19359157243376,211.9983012800139,351.30641541817806,391.92403122667196,14.792763128314997,0.6013757,0.20408745,308.90762,32.25054,5.477783,67.08191,28.14787,15.28713,0.0,226.77084,20.470499,13.371553,2.2652526,15.550074,588.58453,12.572903,30.0,133.3502,-17.1507
2009-07-15 00:30:00,10.744404049811632,2.8944926451510433,13.638896694962673,7.931658637004066,20.215744342741935,0.05912365504192778,35.31558979813718,0.0,64.94719490973306,7.265948936586461,70.7250750335302,223.46321561060486,343.9514170992398,388.4502103948822,15.546413057674437,0.5628076,0.19580919,308.9601,29.956379,5.477783,67.08191,28.14787,15.799635,0.0,232.66129,20.010485,13.620193,2.6255102,9.77009,242.33344,12.572903,30.0,133.3502,-17.1507
2009-08-15 00:30:00,12.953561857087166,3.649551332408901,16.60311318949607,7.155858008069574,24.297034808467743,0.04841808925293961,29.757743947446293,0.0,81.33035720901644,6.555261801299099,77.69934729985471,253.4121480162433,358.39311668648526,387.40301581743716,21.76182887958284,0.51293653,0.19084813,314.96243,27.66436,5.477783,67.08191,28.14787,18.056631,0.0,259.5318,23.755808,17.711218,1.2841539,6.1749167,46.67252,12.572903,30.0,133.3502,-17.1507
2009-09-15 00:30:00,10.661253467789258,7.523843138199985,18.185096605989244,10.601291281329225,27.73620258333333,0.04678795543951403,27.46913917297592,0.0,94.5464216760367,10.035234678961954,88.71954953223627,269.12183919152085,379.99618098957063,372.92865428118864,27.68305314115198,0.5334072,0.1898984,318.99356,25.299398,5.477783,67.08191,28.14787,18.657068,0.0,280.33566,27.186499,22.35521,3.0017145,6.911379,22.46145,12.572903,30.0,133.3502,-17.1507
2009-10-15 00:30:00,10.619802927357387,8.342546659097447,18.962349586454835,17.47660237022824,28.669697729767577,0.05094072725061868,23.952669152866225,10.6,116.6534248696568,16.009778814065115,96.59458276421222,303.7337243469885,379.30199601488874,362.6084674554125,30.690837305047836,0.5250337,0.18306199,320.18536,24.400925,5.477783,67.08191,28.14787,18.702791,0.046127543,315.3524,28.332579,27.384064,6.5409136,10.826782,20.596872,12.572903,30.0,133.3502,-17.1507
2009-11-15 00:30:00,16.477017095450172,4.0360531742223955,20.513070269672568,8.961153061687845,31.48502021401593,0.03414106636425339,30.65356097211344,2.2,112.3455005157633,8.482671740801425,95.84576801788907,302.46659456964323,403.7797056554767,394.58948833051915,33.0472315604065,0.46248496,0.17753236,320.19766,21.320986,5.477783,67.08191,28.14787,15.507,0.014865153,310.05014,31.540668,28.390966,19.272556,28.815186,34.9901,12.572903,30.0,133.3502,-17.1507
2009-12-15 00:30:00,27.215201752097695,-3.511899001236895,23.7033027508608,32.9895375456768,30.85890538306452,0.09674386058534945,44.563425295207914,49.199999,121.22252102361476,30.22070240519437,90.78043571898827,293.882278421418,417.6183897177419,389.4773643175607,25.466490486350015,0.40684724,0.1530712,322.3729,18.716803,5.477783,67.08191,28.14787,17.934351,0.57401246,282.57538,31.28855,24.867174,75.48538,101.29885,108.210236,12.572903,30.0,133.3502,-17.1507
2010-01-15 00:30:00,2.204473260003926,35.96208331437234,38.16655657437627,86.35381638515773,29.074050584677416,0.18663759572580643,61.604716243975176,150.6,132.26891962652525,79.1060797052804,60.09861594935751,274.830443806672,422.73017500000003,393.88217051223677,15.872786862535813,0.5790712,0.20613062,318.34338,25.591377,3.7998176,67.70589,29.223345,15.236614,0.6919007,268.07053,29.956776,16.75749,131.3367,226.09464,236.92142,12.572903,30.0,133.3502,-17.1507
2010-02-15 00:30:00,-0.380659837103285,37.19542067758465,36.81476084048137,65.59570197339093,28.720866941964285,0.16963631109374996,63.502071359721086,183.8,122.10081896707139,66.52844509007605,63.024354090276766,260.6311614270655,422.4473593005952,394.6530409874089,14.774643170662085,0.6005387,0.21751678,321.52625,26.9016,3.7998176,67.70589,29.223345,18.457144,0.9007734,255.94826,29.919107,16.486147,201.49344,408.31552,437.1307,12.572903,30.0,133.3502,-17.1507
2010-03-15 00:30:00,-80.25787962582544,123.55609330360355,43.298213677778115,121.47730512212345,27.612286263827862,0.17557461397715365,59.50720081752053,66.19999999999999,138.401038540717,111.28162927405994,37.11871310702606,271.1439738286705,405.3942852820552,402.1533864866229,15.340544026828303,0.9461572,0.29848668,311.9406,40.088745,3.7998176,67.70589,29.223345,10.503681,0.3712256,271.61365,28.286938,15.323933,46.475403,379.30554,480.6044,12.572903,30.0,133.3502,-17.1507
2010-04-15 00:30:00,-39.298024557661805,89.662635717001,50.3646111593392,75.86976550041683,27.395442701320817,0.1397746645424066,55.55419949549457,24.4,118.21928199953129,71.81869468820322,48.26198164828924,240.15640413172034,408.27886045736443,388.8663020801048,16.620275148415423,0.90288776,0.24921598,312.77045,40.85619,3.7998176,67.70589,29.223345,11.251289,0.06460505,233.15973,28.369164,18.115545,14.107031,262.07587,488.1705,12.572903,30.0,133.3502,-17.1507
2010-05-15 00:30:00,19.265053852689356,20.73506986640551,40.00012371909487,30.995433237648164,24.301293004032257,0.10989012270161291,49.58842071586428,24.4,80.3368936869106,28.393964677379607,56.54894341506804,196.89081160844893,382.631600672043,383.3887106834658,15.622146536029579,0.5303985,0.17484803,311.1707,27.542082,3.7998176,67.70589,29.223345,13.112305,0.26118192,199.94398,24.908386,14.685818,14.603384,75.18582,483.50134,12.572903,30.0,133.3502,-17.1507
2010-06-15 00:30:00,15.831788451842014,11.558134335698497,27.389922787540513,13.952011866498154,19.969618422368647,0.09574243345330208,36.966145154790475,0.0,78.17486421969004,13.207043331651185,66.9209184074724,225.11349198480343,326.01151909821635,382.1587023846319,14.916142110965541,0.40868098,0.1470943,308.7015,22.283382,3.7998176,67.70589,29.223345,15.387512,0.0,222.67363,20.164001,14.12493,2.2714586,30.981873,410.2874,12.572903,30.0,133.3502,-17.1507
2010-07-15 00:30:00,11.939312805891406,9.363765998372468,21.303078804263876,13.68982769847703,21.92985515019569,0.07431119957267286,43.69974269688097,7.000000000000001,76.950021203708,12.54083080980557,65.26316259896339,204.0401491166529,359.74568319831997,381.0205811031067,15.066892564242321,0.358635,0.1414859,310.80334,19.622726,3.7998176,67.70589,29.223345,15.479481,0.05135591,198.27504,22.17387,16.355553,3.3772693,20.252113,282.32797,12.572903,30.0,133.3502,-17.1507
2010-08-15 00:30:00,11.106303050410535,7.065844494510584,18.172147544921117,10.173488095337378,22.674075093413975,0.056752323608870954,30.760537547526994,0.2,95.8852490759797,9.319620068219754,84.7523268002462,258.8057737248656,342.1464347138776,379.82032231784564,19.407377100670065,0.36255366,0.13659382,315.43658,19.524899,3.7998176,67.70589,29.223345,19.748203,0.0,249.30927,22.538387,19.285309,1.3390785,6.9878063,82.17363,12.572903,30.0,133.3502,-17.1507
2010-09-15 00:30:00,15.95684176062366,4.517459665855029,20.47430142647869,21.63468902045021,27.74137351388889,0.07561846166666666,38.48822771501793,22.599999999999998,117.86163339869955,20.479503464728637,91.33234315083905,276.07871543670836,391.62226298611114,377.9692524256099,23.484647549074857,0.3783287,0.13774028,317.06894,18.566616,3.7998176,67.70589,29.223345,15.6926155,0.012999003,261.68594,28.22633,25.052412,7.6079955,12.324343,43.306213,12.572903,30.0,133.3502,-17.1507
2010-10-15 00:30:00,19.467846717411568,0.8332220918638658,20.301068809275435,31.384210754193067,27.68183768145162,0.08000911987903225,43.10465396777392,50.0,112.14200892007449,28.750111822912224,85.59596128555262,270.48742799208736,396.61886586021507,381.556700586638,21.64471859031036,0.39960963,0.13996744,318.8944,18.390997,3.7998176,67.70589,29.223345,17.372961,0.0784201,261.94745,28.371454,23.93821,79.635185,88.58226,108.83437,12.572903,30.0,133.3502,-17.1507
2010-11-15 00:30:00,17.44260719342764,3.5785766786112294,21.021183872038872,38.40185515482119,28.568092770833335,0.08916096093749998,40.46757065087364,46.6,123.3530879707978,36.35138572834464,85.17873425344843,294.94081634742565,393.7821930555556,384.34733928624127,23.880750440474294,0.3894995,0.1455362,322.8301,18.05199,3.7998176,67.70589,29.223345,20.711946,0.32356235,295.62112,28.968168,24.817486,40.559708,127.80289,134.7907,12.572903,30.0,133.3502,-17.1507
2010-12-15 00:30:00,14.8667061857841,15.944973939812513,30.811680125596613,57.79457402766708,29.399255221774194,0.12703845079301074,55.39419152180772,103.799999,119.45955975943716,52.94383469021951,65.70585249246642,262.26827622656924,424.9646836021506,381.97972612836327,18.799720333608033,0.39014006,0.15821698,320.18933,18.19896,3.7998176,67.70589,29.223345,16.816113,0.5170558,254.74539,30.223225,21.227186,93.16046,213.35535,225.67969,12.572903,30.0,133.3502,-17.1507
2011-01-15 00:30:00,-30.241194314704554,71.01398573527126,40.772791420566705,128.6624745873758,27.981733239247312,0.21422958018145158,70.79299582107818,373.20000000000005,152.4875253021565,117.86374240127888,29.70887060552141,277.17184908226477,424.4027850806451,367.47932542406653,11.312712016542518,0.690314,0.21771003,311.32654,29.44898,8.800442,68.067116,23.846924,8.809769,1.1687734,269.97458,29.366776,15.307573,228.0564,361.77655,450.35883,12.572903,30.0,133.3502,-17.1507
2011-02-15 00:30:00,-62.7689758429729,101.0614937759162,38.292517932943305,116.36292269749168,26.557921945614755,0.22289059579922169,75.26392132030966,178.00000000000003,165.89852293802292,118.01755420410284,34.8546601884868,258.21930519975007,425.0145548562581,356.60403535146025,8.794640967824156,1.0048084,0.28153303,307.9681,38.810593,8.800442,68.067116,23.846924,6.466692,0.78632236,239.90988,28.351423,12.784739,210.30661,531.52344,659.32635,12.572903,30.0,133.3502,-17.1507
2011-03-15 00:30:00,-55.06468741661976,95.36373867152011,40.29905125490035,116.51652924269538,26.31507317946655,0.23739528464044682,74.69324880712672,240.399999,132.47679917486604,106.73721481103546,27.75628888882826,226.7848580581928,425.4680882739926,345.775486565104,8.86634642249898,0.77190673,0.2793755,306.7383,31.233744,8.800442,68.067116,23.846924,5.984606,2.5906787,214.8223,27.603712,12.7301655,264.60724,702.9702,916.3256,12.572903,30.0,133.3502,-17.1507
2011-04-15 00:30:00,-61.311695085128775,96.10753287614749,34.79583779101872,118.10187192163255,23.94826669800968,0.1844040377532167,60.663020405738784,74.60000000000001,125.89746520057092,111.79581518013798,38.68947316057172,248.11728941614282,374.80877204868074,329.38844199366497,11.92871165097537,0.97788566,0.28403082,306.1699,43.648544,8.800442,68.067116,23.846924,8.5179,0.2270894,245.1157,24.501997,13.704868,30.621952,505.5358,867.3123,12.572903,30.0,133.3502,-17.1507
2011-05-15 00:30:00,-30.311301969790236,55.51573445275764,25.20443248296741,77.81026288278854,19.48171025037879,0.08243666797518577,50.62873652777346,0.0,98.71508027903208,71.27959267070264,51.86136222978174,247.85276744658017,322.713113307208,335.8673647935454,11.327825082247877,0.9240089,0.27623224,304.86554,43.78316,8.800442,68.067116,23.846924,11.544737,0.0,242.15201,20.170809,12.711153,2.5965505,297.82574,829.3492,12.572903,30.0,133.3502,-17.1507
2011-06-15 00:30:00,-15.536382376769994,37.80473023976468,22.268347862994684,32.9000211161102,16.869514235341985,0.05426763899999999,54.2295449631248,0.6000000000000001,85.23769020845138,31.143322457749996,54.99875789271272,226.25110722097224,304.96882227580335,384.36199408585105,8.885715533731481,0.8468089,0.25961968,302.95514,41.26891,8.800442,68.067116,23.846924,12.965977,0.017195635,222.65817,16.839169,9.606735,2.4147916,35.633293,738.6035,12.572903,30.0,133.3502,-17.1507
2011-07-15 00:30:00,-6.126888749813942,33.73788721405282,27.610998464238875,29.46593744102058,19.614724028225805,0.04531372546370968,47.29317042024001,0.0,88.69629811774195,26.992840541102186,59.019986165615286,232.7166180426075,326.23242909946237,382.2247150304908,12.19549850606792,0.75421846,0.23519695,305.79254,37.4289,8.800442,68.067116,23.846924,13.083033,0.0008970613,229.4952,19.559515,12.914675,2.5958385,7.6071806,513.143,12.572903,30.0,133.3502,-17.1507
2011-08-15 00:30:00,7.9141377184155965,21.099464986500116,29.013602704915712,24.097160274032944,21.457700819892473,0.03520125808467742,35.82865236324702,0.0,100.50430875779159,22.074668626182508,73.633226084879,269.50663905717744,324.33153037634406,382.6777740922135,16.674387136446278,0.65100014,0.21464393,309.70316,33.103283,8.800442,68.067116,23.846924,16.04671,0.0,256.38068,20.506453,14.66954,1.3391037,6.349734,304.17548,12.572903,30.0,133.3502,-17.1507
2011-09-15 00:30:00,18.40962210332522,14.256341529163286,32.665963632488506,16.45570185350526,24.888558833333335,0.03128728997291666,31.724165087683712,0.0,102.91881480000423,15.577048637253279,76.40799205319847,276.17611213827854,352.22040534722225,381.36090577367884,21.93283540466668,0.5752108,0.19529085,313.29166,27.917858,8.800442,68.067116,23.846924,15.483164,0.0027769797,286.28857,24.658499,20.220322,3.1940217,7.128964,42.76226,12.572903,30.0,133.3502,-17.1507
2011-10-15 00:30:00,34.62529510902982,4.46019705154604,39.08549216057585,27.670876625261535,28.93591772177419,0.058226844687499994,47.61312059915789,47.400000000000006,119.58635415193817,25.348440444945382,77.50306374962352,261.1876464759207,403.5711012768817,388.343686648748,21.479834045220954,0.5699895,0.18682525,316.80038,25.490862,8.800442,68.067116,23.846924,13.707005,0.13182144,284.94254,29.943386,25.245531,26.73891,31.272036,38.87922,12.572903,30.0,133.3502,-17.1507
2011-11-15 00:30:00,-4.493355255370821,50.13979396253572,45.646438707164904,77.16584960114113,27.96512359722222,0.13040163091666668,64.14343227606003,96.80000000000001,138.03653039322384,73.04557429836413,58.85020716500465,262.1561094214584,416.995950625,393.31637749919236,13.874475994313661,0.6992826,0.22568005,313.91943,29.628433,8.800442,68.067116,23.846924,11.478941,0.38448903,270.2546,29.290499,20.486406,150.83249,180.76543,187.11516,12.572903,30.0,133.3502,-17.1507
2011-12-15 00:30:00,-35.75168840653936,88.95847748235803,53.206789075818676,91.50129165519158,27.782003586123935,0.13294998065153987,61.27028167257099,92.6,139.49892543685982,83.82152374745299,55.721739643333066,273.1202594477222,417.80867674499586,382.4787735434648,14.822723234902162,0.8036068,0.24328665,314.96524,33.496326,8.800442,68.067116,23.846924,12.17815,0.16010949,273.6634,29.637096,17.342894,70.173065,247.74446,254.87343,12.572903,30.0,133.3502,-17.1507
2012-01-15 00:30:00,15.552693314131119,37.264580532644906,52.817273846776025,47.69146980058798,31.117205937354488,0.09074251802419354,52.095104321961536,160.39999999999998,133.06518547614544,43.68869112258164,87.51905172078439,279.87994402167203,420.5600956317204,385.3076798224431,22.34270700418377,0.6066649,0.19929306,321.15088,27.020517,8.428027,67.79442,24.487911,17.155403,0.32403827,284.34137,30.845482,22.325592,65.201614,286.20715,317.4792,12.572903,30.0,133.3502,-17.1507
2012-02-15 00:30:00,-59.916991227462276,113.30044604723503,53.38345481977275,101.58719927056401,28.35044503408886,0.15310429157327585,54.34005342585016,219.199999,161.20297969538385,99.4789080979629,53.722873284508815,310.45043755888867,402.92581688218394,387.73809575164745,18.07961710323498,0.8601753,0.26577234,317.47748,36.758236,8.428027,67.79442,24.487911,14.577827,0.44425306,304.7653,29.749657,20.227009,125.52006,260.89474,441.66016,12.572903,30.0,133.3502,-17.1507
2012-03-15 00:30:00,-52.90894924726772,114.90302536345138,61.99407611618365,105.60451617239303,26.564974095703885,0.24649155024193548,73.6880874852194,215.399999,139.30952659526395,96.74105468958466,36.94483612810649,249.7183622457345,420.40416431451615,380.02200870249004,9.358899058729861,0.8585141,0.27678525,306.84494,36.432095,8.428027,67.79442,24.487911,6.0565624,1.432039,237.92186,27.638384,12.443275,199.14195,389.86365,637.6081,12.572903,30.0,133.3502,-17.1507
2012-04-15 00:30:00,-25.1099297567387,76.47586201268976,51.36593225595105,86.5332108887512,24.211445516008062,0.1717312161875,61.23869142608356,13.600000000000001,124.6896268829861,81.91276475179009,44.8243452895708,247.1543874529306,391.7282244444444,384.45519373379267,11.94576719435504,1.014286,0.2854465,307.97208,44.22087,8.428027,67.79442,24.487911,9.27475,0.12456315,252.52318,25.547333,15.342905,16.934574,341.5966,627.8037,12.572903,30.0,133.3502,-17.1507
2012-05-15 00:30:00,-30.890149066020484,75.52761189752609,44.6374628315056,56.83761538556456,21.012601340933394,0.1016043159134406,46.881501103755646,0.0,93.04515904831976,52.06719426150732,45.995719745690884,235.64400976115354,343.248978701205,386.7241065141029,13.422888379032418,0.8547787,0.25954002,305.77722,41.14171,8.428027,67.79442,24.487911,10.72674,0.009556945,239.99774,21.900488,15.911275,3.151143,219.22766,480.1224,12.572903,30.0,133.3502,-17.1507
2012-06-15 00:30:00,-1.0803504294543211,38.05899891260425,36.97864848314994,25.31761323883312,17.694806029861113,0.066513859125,41.777903678339435,0.0,77.88335710011113,23.96577771712999,56.980972737234815,231.91132933183334,308.25724657864583,385.66057607903656,11.919609112828981,0.68253356,0.21898039,304.9342,35.513668,8.428027,67.79442,24.487911,13.744877,0.0015749339,234.05093,18.039333,12.020473,2.8722415,22.957958,412.82162,12.572903,30.0,133.3502,-17.1507
2012-07-15 00:30:00,15.186240387337747,22.633205876434523,37.81944626377227,15.284535108841835,18.42735025403226,0.05793207973790323,38.56907577663748,0.0,79.06272904919355,14.001693303111681,62.990257654014904,236.66349935129028,316.0730717078652,380.66933742721307,13.18033566307247,0.58820456,0.19389038,305.57605,30.75791,8.428027,67.79442,24.487911,13.375738,0.005151897,246.60243,19.050318,13.064179,2.5652442,8.588629,350.18524,12.572903,30.0,133.3502,-17.1507
2012-08-15 00:30:00,20.54461993087014,18.53884368734372,39.08346361821386,12.489058295220758,21.339351504704304,0.04729401889112904,26.009113267352863,0.0,93.6248696233199,11.440842828985087,74.68885653193168,271.6820453731183,318.0159432123656,382.36755723797205,19.084067280115644,0.4870246,0.17254353,312.13852,25.933397,8.428027,67.79442,24.487911,18.346584,3.4075183e-05,271.93097,20.641941,16.228155,1.284186,6.7216716,225.94933,12.572903,30.0,133.3502,-17.1507
2012-09-15 00:30:00,25.81591951821077,15.89603091327412,41.71195043148489,12.97455576936488,26.148686847222223,0.037451020875,24.991361401668538,2.4000000000000004,103.06475566931798,12.281778563161138,74.15723582677985,285.8847054323611,353.82793458333333,382.36908632075176,26.016154296608683,0.47045776,0.16554154,317.01736,22.300917,8.428027,67.79442,24.487911,17.68337,0.03487741,308.62265,26.184,23.97437,2.9431338,6.792564,29.750523,12.572903,30.0,133.3502,-17.1507
2012-10-15 00:30:00,29.69453911235505,13.95307273468725,43.6476118470423,15.223737065515792,28.395643057795695,0.03442761945564516,28.554199191779336,2.4,117.08726658941688,13.945998082418438,88.716789104644,294.54373178719874,376.894292405914,383.3543238491633,28.36629109775476,0.46390986,0.16494451,318.6197,21.60324,8.428027,67.79442,24.487911,16.985662,0.024212675,316.8309,28.484034,25.875645,7.9560137,12.183333,20.771961,12.572903,30.0,133.3502,-17.1507
2012-11-15 00:30:00,27.800799006311735,13.26786181477075,41.06866082108249,14.648519535041277,30.64269775834367,0.033090154452890215,44.89776034801901,0.8,112.02476822147179,13.866360930238148,81.51649660226879,267.8401788751779,416.6215198883365,386.7562082447364,24.993263761859613,0.4631336,0.15270512,319.4622,21.100496,8.428027,67.79442,24.487911,14.349031,0.2916149,289.27084,31.963163,28.15454,45.474323,56.37347,63.095142,12.572903,30.0,133.3502,-17.1507
2012-12-15 00:30:00,27.758679364368298,17.5605511791885,45.3192305435568,55.03715633688615,30.638145281391186,0.09879510176609822,53.65485745822965,0.0,127.27167236918434,50.41784900992527,71.14020354974389,277.39769225506416,422.26738177662315,389.99532953003717,21.015593086305614,0.4051195,0.16457212,322.17902,18.160185,8.428027,67.79442,24.487911,17.851437,0.49799392,302.84872,31.177586,22.253239,84.942505,138.37283,145.1654,12.572903,30.0,133.3502,-17.1507
2013-01-15 00:30:00,22.181440443542627,21.79971719330347,43.98115763684609,52.20212639330271,32.188880725417334,0.07611357584755772,46.08434563286002,29.199999999999996,136.23405817358102,47.820765127915,86.17356302066472,297.2163668152911,423.87333764880253,394.78183909350463,26.77102493852322,0.517926,0.17154717,322.53003,23.376192,4.5316114,67.91655,28.039478,17.10455,0.407356,307.0639,32.275486,25.189528,47.625996,178.04282,190.22615,12.572903,30.0,133.3502,-17.1507
2013-02-15 00:30:00,18.683324804101034,21.41607853586473,40.09940333996576,52.25038597938082,30.001627514880955,0.10696261696205356,55.13336268289269,176.79999899999999,134.03288070167565,52.99336435144211,73.04331315102372,276.12693612550186,417.9785598958333,396.20137714148126,19.59596996030683,0.56889564,0.2045847,322.87427,25.216597,4.5316114,67.91655,28.039478,19.027308,0.9081674,283.66397,30.696966,21.113878,108.58243,241.15092,297.5244,12.572903,30.0,133.3502,-17.1507
2013-03-15 00:30:00,-53.57073041637669,105.00047153785353,51.42974112147683,95.9448450956431,29.767032977150535,0.14201639620967743,56.93408317809182,86.39999999999999,138.16177484424824,87.8921266153935,46.34673225759963,267.55666484962904,413.71291948924727,399.155100206124,18.550443178602812,0.93799204,0.28062353,318.3864,38.823193,4.5316114,67.91655,28.039478,15.599806,0.83231384,268.1825,29.636614,17.371668,99.064026,255.27245,393.64526,12.572903,30.0,133.3502,-17.1507
2013-04-15 00:30:00,-45.289657378101396,93.64178999319032,48.352132615088905,67.6006077169978,27.43800917361111,0.11882587366666666,40.103614888885126,0.8,117.68285792404038,63.99106909507169,46.63773577652559,258.53776372695137,381.82736479166664,390.3676311649431,22.4553023469406,0.8507719,0.23786382,314.47488,39.897163,4.5316114,67.91655,28.039478,14.215391,0.21440606,260.71762,27.109499,20.394613,14.629391,222.27585,400.31866,12.572903,30.0,133.3502,-17.1507
2013-05-15 00:30:00,15.674804872971318,24.240777901190484,39.915582774161805,18.172468963553282,24.86396565860215,0.05178765014112902,44.475699663304624,0.4,78.72449888034507,16.647240833697108,64.59678397528938,216.9160602889449,374.3129967069892,383.0845714149887,17.809760346459363,0.52632093,0.1744506,311.2115,27.578167,4.5316114,67.91655,28.039478,12.7232685,0.070154384,219.44069,25.338224,17.485275,3.5647473,117.25817,358.40912,12.572903,30.0,133.3502,-17.1507
2013-06-15 00:30:00,21.656535325941206,7.675190785537692,29.331726111478897,10.770158526728427,22.018049041666668,0.0359412418125,34.08357116213122,0.8,69.61703669718842,10.195085247369162,61.28208171461667,222.3703005937014,340.4472402083333,387.04193164975214,17.737573744571318,0.414762,0.15288089,309.85193,22.934744,4.5316114,67.91655,28.039478,14.6661,0.023021307,216.41977,22.035835,17.159018,3.467106,21.661243,276.9337,12.572903,30.0,133.3502,-17.1507
2013-07-15 00:30:00,20.919687527741992,2.9557103927459387,23.875397920487934,7.622862040159834,21.769520954301075,0.03126117180443548,32.21428299344895,0.0,76.79918031700954,6.983069855785606,65.73922707891039,239.82804726418013,331.84266538978494,387.3412872819612,17.960065734787236,0.374977,0.14318404,310.26282,20.992987,4.5316114,67.91655,28.039478,15.5175,0.0,231.44786,21.595324,16.606262,2.7905834,9.822437,232.09828,12.572903,30.0,133.3502,-17.1507
2013-08-15 00:30:00,20.047692354017965,4.929708338796493,24.977400692814456,7.569124761401914,24.091904321244552,0.0285019287804341,24.233268088601097,0.0,96.1161280344022,6.933842784713164,73.16671079580708,275.38671887916826,332.4814023437005,387.0471408061509,23.179586507884352,0.33687612,0.13716778,315.9164,19.17672,4.5316114,67.91655,28.039478,19.81255,0.0025266265,269.54147,22.953869,19.246372,1.2999003,7.5575895,124.815765,12.572903,30.0,133.3502,-17.1507
2013-09-15 00:30:00,22.7832728922,8.343402246,31.1266751382,5.235616408542549,29.151851903351027,0.027487143567599265,26.943502544197226,0.0,116.37899418372466,4.956060347222222,83.52630576388889,292.4992759402769,374.7494900934665,383.38371538868466,30.341826778272356,0.35034946,0.13842957,319.5477,17.75851,4.5316114,67.91655,28.039478,18.061537,0.011206768,286.23068,28.336168,24.138542,5.6322665,9.72275,31.383993,12.572903,30.0,133.3502,-17.1507
2013-10-15 00:30:00,24.661069405255525,8.020386681780462,32.68145608703599,17.863956660489187,31.181535540601807,0.026488131866701056,23.294438204494064,3.8,116.6053885772301,16.364622185699023,88.16742981519948,303.9515209112229,391.4303517091564,380.7529087075941,35.910424999020385,0.32793808,0.1339602,322.73755,16.300667,4.5316114,67.91655,28.039478,18.7053,0.09571953,299.04044,30.882256,32.19919,9.259973,16.192139,26.014576,12.572903,30.0,133.3502,-17.1507
2013-11-15 00:30:00,33.67835104102025,-3.671027740580727,30.00732330043952,27.531729351010593,30.83817425694444,0.06229709867708332,41.70853614856086,76.19999999999999,115.26365197633991,26.061670962823914,81.16259710346085,287.24105150739723,413.0375141666667,382.16797933505075,26.745383114666865,0.32864106,0.13491571,323.7676,15.462503,4.5316114,67.91655,28.039478,19.42728,0.13556744,279.10107,31.190334,28.052505,55.838955,70.73119,78.28879,12.572903,30.0,133.3502,-17.1507
2013-12-15 00:30:00,-10.375847033651574,52.928468606375674,42.55262157272409,84.01127024838118,30.23787777084468,0.11453310031056746,52.45807086996634,98.99999899999999,141.36872020050976,76.96014511702063,56.946499914694044,292.64421406196357,420.5798741691579,389.18215924224324,21.0559957847211,0.51243305,0.19245014,320.37543,23.11218,4.5316114,67.91655,28.039478,15.643335,0.6144471,283.66934,31.582098,25.47221,88.93034,154.02927,163.75201,12.572903,30.0,133.3502,-17.1507
2014-01-15 00:30:00,-17.258253876856777,62.159162275422695,44.90090839856592,82.99587983515518,29.363955895048406,0.11520919721295593,62.43702518315009,190.199999,136.81647363271733,76.02997713692383,56.06246048238057,274.0362948738305,422.2449931226525,394.3999890561584,15.798312905383446,0.6249521,0.23071326,318.99976,27.340338,5.930758,73.69414,21.159557,15.626698,0.9742814,270.87067,30.223064,19.23303,144.67554,289.44482,305.63696,12.572903,30.0,133.3502,-17.1507
2014-02-15 00:30:00,-41.468629130048114,91.91888615819225,50.45025702814414,94.06742688210738,26.889908936011903,0.23006062700892857,75.51839897124474,361.6,137.70672883526788,95.40502587547068,30.376216488986273,250.5005954853631,421.27603534226193,392.04962429343834,8.880363325126844,0.9372594,0.26317388,305.69586,37.41886,5.930758,73.69414,21.159557,4.7178288,2.9021301,238.50858,27.82804,11.975103,331.25836,564.86426,635.59546,12.572903,30.0,133.3502,-17.1507
2014-03-15 00:30:00,-27.795052509992306,79.49177308756522,51.69672057757291,110.66078554650746,27.902876821236557,0.17755643923387096,62.296478608686506,128.2,158.49069977802418,101.37294781097323,49.372442842862185,289.64072159403383,402.0866036962366,397.5540981433836,14.534863956746488,0.9672769,0.26509607,310.5162,40.740215,5.930758,73.69414,21.159557,9.055086,0.35607108,285.68924,28.311125,14.795923,70.23634,546.1702,700.19946,12.572903,30.0,133.3502,-17.1507
2014-04-15 00:30:00,-46.76629975193043,91.31707896216372,44.55077921023327,78.44583196183456,27.225856236111113,0.07212609993750001,55.13588586980562,21.200000000000003,135.7197795159028,74.25721192189711,53.65184533172978,263.64347897924233,391.0540665972222,390.5564777906488,16.606492173120508,0.94234663,0.27445197,309.7409,42.98463,5.930758,73.69414,21.159557,8.61491,0.13006654,258.80786,27.976002,17.73626,9.356354,410.85104,700.2959,12.572903,30.0,133.3502,-17.1507
2014-05-15 00:30:00,-3.4221575829915967,45.01797544536237,41.59581786237077,36.18895629226208,24.437298783979934,0.05436680600361247,46.69915444855451,0.0,102.11601071157655,33.15159168111344,65.18890801106362,231.30353639703327,363.6447721813479,384.4593735864535,16.655851380866277,0.7091467,0.224843,308.47318,35.752247,5.930758,73.69414,21.159557,10.492699,0.0015039213,228.77089,24.830482,15.564194,7.1528935,86.74559,651.6098,12.572903,30.0,133.3502,-17.1507
2014-06-15 00:30:00,24.331233087787616,11.184404470027639,35.51563755781525,18.113553292408085,20.1687887875,0.036753644041666665,41.190693179599364,0.0,81.115247391875,17.14637899623938,69.83458349243018,229.832697718125,326.86014500000005,375.9559855597802,14.09256846647447,0.549063,0.18601067,306.00955,29.805202,5.930758,73.69414,21.159557,12.225224,0.0035332858,221.27316,20.634335,14.562376,2.9187996,19.428047,565.5983,12.572903,30.0,133.3502,-17.1507
2014-07-15 00:30:00,27.07988507972403,4.638327470528271,31.718212550252304,10.346470810764401,19.814281125,0.028960907215725803,32.63521848176435,0.0,86.14349483071237,9.478084222405741,73.32526863607761,240.92528745389788,317.7150815188172,374.9681294758226,15.785229185519844,0.4650967,0.17150466,306.97168,24.809229,5.930758,73.69414,21.159557,14.27878,0.0010666031,235.62946,19.542906,14.449147,2.836391,12.908085,423.75912,12.572903,30.0,133.3502,-17.1507
2014-08-15 00:30:00,23.4996118728779,3.72854671100677,27.228158583884667,9.948765463429673,19.944973849462365,0.024585655112903226,25.460796155844584,0.0,97.38291418568548,9.113758565214699,89.71148574736753,279.16942948568544,307.7603194892473,373.76341405685366,17.61128722105193,0.42069978,0.15930827,308.6821,22.395159,5.930758,73.69414,21.159557,15.768719,0.000547093,275.92593,19.763386,16.708134,1.3687565,7.123947,93.86954,12.572903,30.0,133.3502,-17.1507
2014-09-15 00:30:00,25.85525503767861,8.341702321243218,34.19695735892183,10.161121136450115,26.43547319444444,0.02234519568125,21.98154705799831,0.0,119.90667817083332,9.61856744613966,93.19659656131672,305.55053903597224,344.48139381944446,372.4406120195959,27.53401223142963,0.40673298,0.15208067,317.3378,20.537725,5.930758,73.69414,21.159557,18.82964,0.0,313.67673,25.358166,21.920622,3.530757,7.7359047,27.163952,12.572903,30.0,133.3502,-17.1507
2014-10-15 00:30:00,25.31070539028095,9.723317100378637,35.03402249065959,10.143327877126296,29.70562995295699,0.020697478881048385,25.334952327125617,0.0,129.18143364731182,9.291991218383021,101.17374785234054,317.07570860340724,373.71113346774194,365.9473242658592,32.04498128881108,0.39879385,0.1560268,320.6664,19.61959,5.930758,73.69414,21.159557,18.244648,0.02460843,323.14444,29.27177,28.267464,6.249172,11.148685,24.05677,12.572903,30.0,133.3502,-17.1507
2014-11-15 00:30:00,16.664400840326138,16.773089325279372,33.43749016560551,25.88061639500719,31.510225747683368,0.05079482168612888,39.820857001414886,26.800000000000004,124.72378149365154,24.498719285026873,81.98880859226689,276.36506387510275,419.1652207478732,378.1031360524887,28.720842163140546,0.411058,0.16486469,319.69424,19.159365,5.930758,73.69414,21.159557,14.473751,0.17273243,289.70682,32.0705,29.336657,28.134052,37.913982,45.03793,12.572903,30.0,133.3502,-17.1507
2014-12-15 00:30:00,-22.532254620591303,69.20256476554786,46.67031014495656,84.61068481752038,29.236863305528704,0.19076062976100686,67.89850337087617,181.799999,146.29918317797822,77.50925039884558,39.63938892165017,258.32127198140194,431.6394172966831,392.2993237741888,13.39987042775701,0.5829902,0.19083408,316.48685,25.975517,5.930758,73.69414,21.159557,12.673792,0.546474,250.38826,30.663061,18.038435,191.52905,225.91228,233.64818,12.572903,30.0,133.3502,-17.1507
2015-01-15 00:30:00,-47.54987536516385,132.61779828753453,85.06792292237068,133.1302229809876,27.984475819892474,0.7264461193548388,72.51867183443818,218.199999,176.07582140690712,121.95650952290592,20.05607841044775,265.41077336114097,423.0997432795699,385.69728103936063,10.646055809052694,0.7931626,0.2517993,310.14954,32.649193,4.112504,62.349007,34.314907,8.039705,1.2274687,271.49417,28.959837,13.555519,191.44675,411.10986,422.25854,12.572903,30.0,133.3502,-17.1507
2015-02-15 00:30:00,-87.0391997313769,138.96111262623126,51.92191289485438,106.26744660988717,29.115131644345237,0.33714342366071426,58.02309831742424,16.0,171.59264465650216,107.77852471975,33.12270183155298,290.68343873552,411.80727633928575,396.2327432871504,17.395858326958205,1.082628,0.30732083,314.79306,43.234108,4.112504,62.349007,34.314907,12.001818,0.5611191,298.4086,29.641249,18.356821,44.02652,427.00232,464.9163,12.572903,30.0,133.3502,-17.1507
2015-03-15 00:30:00,-23.638442598883387,80.71986973355743,57.08142713467405,83.34551037223765,29.482417903225805,0.29937045880376345,48.22874902860096,42.4,154.3484721748546,76.35026293657495,56.45986133856506,273.5837093545589,407.63415698924723,397.6187894086977,21.92753942420329,0.93025583,0.2558492,315.29694,39.252514,4.112504,62.349007,34.314907,12.427586,0.16596575,287.26477,29.719357,22.939041,56.241352,291.71463,517.6269,12.572903,30.0,133.3502,-17.1507
2015-04-15 00:30:00,17.347118777692884,21.994592794601214,39.3417115722941,22.37778850355081,26.235184520833336,0.15421803020833333,35.17932472224125,0.0,122.41714519931323,21.182925105058747,86.50047726325278,265.448790002091,370.6937576388888,385.15458327257267,22.60066073176308,0.5564594,0.1810467,313.67938,28.209433,4.112504,62.349007,34.314907,13.943554,0.04072153,276.12653,26.585835,20.290958,5.2904677,105.558334,516.6682,12.572903,30.0,133.3502,-17.1507
2015-05-15 00:30:00,10.546651149611982,14.883370933983262,25.43002208359524,12.518196617820823,22.7533946827957,0.10031048931451612,33.50768133782953,5.6,89.62772846219693,11.46753555162977,64.60960513539962,231.65212904217003,346.5556578629032,379.9163805903856,18.729273339546804,0.41695878,0.15919822,311.14847,22.590954,4.112504,62.349007,34.314907,15.151705,0.010981527,236.64125,22.84677,16.60493,5.4448524,66.97667,493.979,12.572903,30.0,133.3502,-17.1507
2015-06-15 00:30:00,7.933344482697302,10.833732983315883,18.767077466013184,13.078368529130625,21.247048784722224,0.10597666279861112,41.48300456932028,1.6,78.07528379117291,12.380048234210998,57.02996124194,210.7204995099229,341.1506722222222,375.2844293763745,15.005991786822642,0.38344625,0.14864542,307.73605,20.748281,4.112504,62.349007,34.314907,13.046061,0.043009683,212.88968,21.539999,15.046895,3.0544538,13.789774,305.5044,12.572903,30.0,133.3502,-17.1507
2015-07-15 00:30:00,3.9982707068940284,10.487778332795756,14.486049039689785,8.554226738120299,19.857002284946237,0.09130675505376343,31.61383457214064,0.0,82.9334564506371,7.836264458128721,62.46796263555509,229.58489335184674,326.07415215053766,376.79582735130714,16.067916432849234,0.36133152,0.14129633,308.043,19.7059,4.112504,62.349007,34.314907,15.120264,0.0,233.26611,19.772741,15.904522,2.8379378,11.337244,116.89558,12.572903,30.0,133.3502,-17.1507
2015-08-15 00:30:00,3.5999986658401277,11.896754909715842,15.49675357555597,8.254712700582758,22.211856324596777,0.08590962531586022,30.783184897216284,0.0,101.9568346582697,7.561888844888684,74.04262252825288,259.24721960921056,338.4693510080645,375.5027189964293,18.85181281065477,0.34890527,0.14096394,312.59656,19.453571,4.112504,62.349007,34.314907,17.578176,0.0070938957,264.71402,21.868387,16.417349,1.368757,7.2611485,74.237816,12.572903,30.0,133.3502,-17.1507
2015-09-15 00:30:00,4.058703964732981,11.546686360931215,15.605390325664198,10.668010871588098,25.36227238888889,0.08272687747222222,20.451092248989763,0.0,116.41187721696907,10.098391772580461,84.65886205404136,296.1101766343302,347.71713020833334,376.2750068411371,26.303576638954613,0.3661672,0.13970076,316.65967,18.19897,4.112504,62.349007,34.314907,18.717838,0.0005299761,300.66357,24.791836,22.169138,3.6783223,7.885017,21.674791,12.572903,30.0,133.3502,-17.1507
2015-10-15 00:30:00,6.561935949725282,12.15135895151435,18.71329490123963,11.361630472302629,29.96434053091398,0.08534601121639784,29.50372897904763,4.2,125.42738964795612,10.408040817966596,88.55732074474192,290.9203984382787,394.45451908602155,380.31104742673597,30.722231593177277,0.3599218,0.13852875,321.01605,17.181263,4.112504,62.349007,34.314907,18.436544,0.01459435,296.23276,29.429514,26.83329,6.6628256,11.709905,23.04715,12.572903,30.0,133.3502,-17.1507
2015-11-15 00:30:00,19.666494171695355,9.150489310028856,28.81698348172421,27.29151860649636,31.786841118055555,0.21403918963888888,36.76081343145661,31.0,123.45421630948913,25.83428628584084,72.56853917923681,269.0374064262253,418.05279916666666,394.6510348149918,30.673043658934226,0.36387655,0.14173564,322.31738,17.073967,4.112504,62.349007,34.314907,16.728058,0.1754134,283.34103,32.43933,30.681648,31.032051,41.3732,48.634346,12.572903,30.0,133.3502,-17.1507
2015-12-15 00:30:00,33.60236500166194,12.280034031900573,45.88239903356251,79.29930543632618,28.508155927419352,0.42079126028225805,68.63116880890095,494.2,148.25815493922065,72.64365883309809,46.25457029106113,233.67941392302444,433.4497740591398,394.2956105179914,12.538344486004366,0.3239398,0.1465437,312.67563,14.379003,4.112504,62.349007,34.314907,9.433052,0.88995177,229.15546,30.092583,17.113564,293.77457,331.46945,339.35446,12.572903,30.0,133.3502,-17.1507
2016-01-15 00:30:00,-30.85673087587515,56.59226801852074,25.73553714264559,113.69406144706213,29.715163440860213,0.16314480421370967,64.62347160727298,155.0,183.95126801584172,104.1516387270429,38.065427619066014,286.5628434964869,425.95766787634403,399.1795029715242,15.191579067562618,0.7824554,0.23817042,314.4184,33.13382,5.9303327,70.543686,24.296528,10.38534,0.26210567,289.53107,30.883062,18.883911,82.28397,407.09058,418.80048,12.572903,30.0,133.3502,-17.1507
2016-02-15 00:30:00,-45.95394093456888,73.97396030643313,28.020019371864244,119.69166202278782,29.59425760775862,0.1575015927586207,63.29874513761796,73.39999900000001,190.36284538899136,117.20763966280022,30.096525588438002,300.5887738556581,419.30528864942534,412.9709163715642,15.648039781995028,1.0410472,0.27115974,314.0141,41.30838,5.9303327,70.543686,24.296528,10.053587,0.22476552,302.4864,30.810518,20.020746,53.14218,429.2007,470.5739,12.572903,30.0,133.3502,-17.1507
2016-03-15 00:30:00,-76.1695473273316,107.00168417362497,30.832136846293377,95.56442199705876,29.51731667690341,0.0872124633827633,60.15322888948895,28.6,153.15630181793279,87.54363269563298,39.74822697769489,260.94216348427346,419.60216945407007,405.51523088569104,16.911907611138673,1.1537563,0.29062548,315.87952,45.301605,5.9303327,70.543686,24.296528,12.083555,0.27452186,276.46725,30.645967,18.74023,75.52612,210.95227,542.42175,12.572903,30.0,133.3502,-17.1507
2016-04-15 00:30:00,-3.3674557138786265,27.982811393137258,24.615355679258627,33.93855412258648,28.428882048611108,0.04484512958333333,36.23839542343051,0.0,115.15887124079246,32.1264029302385,68.27401655293328,253.19750242204245,389.78924020833335,393.63263954531044,25.365695300108577,0.83228844,0.23271725,316.07367,39.137905,5.9303327,70.543686,24.296528,14.178345,0.0,266.71298,28.74533,21.62614,7.3159447,135.98425,543.0748,12.572903,30.0,133.3502,-17.1507
2016-05-15 00:30:00,7.664155669627133,12.900908222242446,20.565063891869578,14.508100214240583,26.580315994623653,0.03510692816532258,46.33887987283439,0.6000000000000001,91.44163227009993,13.290425136522066,64.50828021454215,214.00543529832575,390.527697782258,389.0348429925945,19.104457215546287,0.64643806,0.20176014,313.4783,33.234,5.9303327,70.543686,24.296528,13.51782,0.13270241,221.52036,26.810488,17.056738,3.8241525,86.66622,515.86694,12.572903,30.0,133.3502,-17.1507
2016-06-15 00:30:00,5.266062846206434,8.301464600023756,13.567527446230187,9.385885558268502,22.92696200555556,0.032092819402083334,43.24302971536944,0.0,75.97704530459217,8.884725619509103,56.46795110890293,209.22665322125883,356.9230884722222,388.9402286500444,16.159923566931305,0.5581786,0.20028946,310.90503,30.17045,5.9303327,70.543686,24.296528,14.763035,0.0,212.38042,22.992,14.718017,4.250249,15.390346,226.34262,12.572903,30.0,133.3502,-17.1507
2016-07-15 00:30:00,2.1949221657237743,7.216203769389566,9.41112593511334,13.489299922239237,20.36301977217742,0.030565381151209676,40.336200476392406,3.8,80.81078905175815,12.357133471179134,57.51732433920152,220.49387784255114,337.54514469086024,387.03054432432896,14.473509908492408,0.49601495,0.18086424,310.65228,26.741833,5.9303327,70.543686,24.296528,17.261806,0.014043287,225.18295,20.240482,13.173721,5.132541,13.2069435,149.1912,12.572903,30.0,133.3502,-17.1507
2016-08-15 00:30:00,3.5180543303579483,7.046027779069648,10.564082109427597,10.747316698871682,22.957720989247314,0.02834823989516129,33.40541410523121,0.0,93.71732443844073,9.845286832568535,66.54169101380089,245.33879710443537,350.1307280913978,383.343000865163,18.99704994570816,0.4547718,0.1763062,313.33188,23.719416,5.9303327,70.543686,24.296528,17.483498,0.1593221,253.65887,22.698387,15.35295,1.3193678,10.702157,97.36838,12.572903,30.0,133.3502,-17.1507
2016-09-15 00:30:00,6.086190728527243,7.786286765109201,13.872477493636445,17.110806974060132,28.036915784722225,0.0323478782875,40.96671542469073,10.0,113.24372668905897,16.19717437945754,67.58237957278706,251.10653011892012,398.8240173611111,384.726190843865,22.940931592772465,0.46338853,0.1621574,318.5363,22.177042,5.9303327,70.543686,24.296528,17.073126,0.08895878,270.03088,28.313166,21.660845,9.213599,15.665508,31.055855,12.572903,30.0,133.3502,-17.1507
2016-10-15 00:30:00,10.211499101613457,4.309014588735089,14.520513690348547,15.984037774591346,28.630294384989128,0.028254125327398686,30.922537885729735,11.4,121.51294853687614,14.642486217046494,84.12044788332867,299.44956684167863,382.8154150278513,398.3370730198799,27.812578428415275,0.4341319,0.15927489,323.23798,20.314901,5.9303327,70.543686,24.296528,21.679916,0.06953715,311.57407,28.408066,25.286617,12.988371,23.521338,36.72828,12.572903,30.0,133.3502,-17.1507
2016-11-15 00:30:00,20.539625240667547,-1.6434255771619082,18.896199663505637,32.47667348998036,31.136684027777775,0.03932059857083333,33.811026146623526,27.2,127.7914808208945,30.742579504249925,71.77504018387482,292.19915322228337,405.28734263888884,400.76068689798234,30.905623880712135,0.41318956,0.15038587,325.89734,19.298403,5.9303327,70.543686,24.296528,21.68384,0.07207256,315.22372,31.063505,27.59108,30.887161,53.08913,63.79129,12.572903,30.0,133.3502,-17.1507
2016-12-15 00:30:00,17.52149305284547,-1.9428297096649614,15.578663343180509,36.51705803863426,29.945832271505374,0.050667458102822575,56.568725456010924,219.39999999999998,132.27825586031824,33.452155616634194,68.09184375894816,254.56485742006285,429.9183304435484,384.8349565147673,18.906635645103428,0.3264714,0.14561918,323.85016,15.206464,5.9303327,70.543686,24.296528,19.683872,0.3453138,276.6838,31.016293,21.708664,151.97527,195.8508,211.5163,12.572903,30.0,133.3502,-17.1507
2017-01-15 00:30:00,-8.431701664744889,67.5077028086623,59.07600114391741,125.89187829886596,28.227858373655913,0.7458344426075268,77.5807952736879,278.19999900000005,174.0802897678318,115.32568421225265,17.621624467960725,249.77730357697158,431.88277620967744,403.0321561428615,8.812385788247523,0.638865,0.19913895,310.04333,25.520191,6.3472347,71.27026,22.934872,7.4054375,2.009235,275.06723,29.487904,12.279451,182.95618,365.8186,389.33994,12.572903,30.0,133.3502,-17.1507
2017-02-15 00:30:00,-68.04450685732168,114.73593777365414,46.691430916332465,119.06264418045836,27.083623534226188,0.7210648103422619,77.50514601322826,222.20000000000002,168.67757201157625,120.75566458381805,18.075364691295157,250.51840880986492,418.8725110863096,407.6589795059221,8.255507747158793,1.1399899,0.29305056,306.9705,43.35518,6.3472347,71.27026,22.934872,5.1913853,1.2305316,262.19412,28.62911,12.540783,192.3946,527.32605,580.41516,12.572903,30.0,133.3502,-17.1507
2017-03-15 00:30:00,-64.71638449022842,103.44266327983578,38.72627878960736,124.37991192640266,28.58822674731183,0.5256445796370968,70.53320299258044,91.0,182.94041385943078,113.94061824321295,30.659055760288147,277.90275104262975,419.34439038978496,399.25142048483934,11.83446623239748,1.3300613,0.31823227,310.3992,49.54463,6.3472347,71.27026,22.934872,7.1364613,0.12955911,281.09317,30.112745,15.468336,59.505424,434.8562,630.70703,12.572903,30.0,133.3502,-17.1507
2017-04-15 00:30:00,-53.91195571736907,56.12352958851278,2.21157387114371,111.32254712540892,26.229175708333333,0.22938893666666665,43.767453665595674,0.0,134.16428288923282,105.37847284988554,43.14179038000118,257.0359682850662,379.85507201388884,352.46303429880186,19.599152148023702,1.0603837,0.2883609,309.8472,46.793114,6.3472347,71.27026,22.934872,9.686201,0.00048391699,253.00925,27.011003,19.39672,9.374147,261.27417,627.0928,12.572903,30.0,133.3502,-17.1507
2017-05-15 00:30:00,-19.036142803799997,12.648992290199999,-6.3871505136,52.45077867623085,23.75454998655914,0.11210981043010752,37.289368909112284,0.0,96.06838818452432,48.048547849462366,51.428317271505364,229.3529474009222,354.83241182795706,364.9758135548363,18.79127700313231,0.7997689,0.25160348,309.99887,39.84489,6.3472347,71.27026,22.934872,12.710007,0.0013770009,219.50792,24.13887,18.586548,4.8165913,73.69616,601.0222,12.572903,30.0,133.3502,-17.1507
2017-06-15 00:30:00,-12.084605133726562,1.992903004549195,-10.091702129177367,11.887281593830128,20.04895595138889,0.08401624061111111,35.93749446755821,0.0,76.2778071573875,11.252559459344754,63.79283012000569,219.45022896433196,326.8689754861111,386.3654966088097,15.235719494809572,0.65466213,0.21890287,307.2799,34.03507,6.3472347,71.27026,22.934872,13.864248,0.0,206.19212,20.265665,14.778022,2.93924,17.129978,451.98618,12.572903,30.0,133.3502,-17.1507
2017-07-15 00:30:00,-7.7751072026598145,3.1509749970457266,-4.624132205614087,9.9935522720995,22.476523879032257,0.08737736819892473,39.15166823232669,1.0,80.73616485872313,9.154786385462714,61.939150414749065,220.97097274581992,347.8784108870968,388.97797700456624,16.8475305915977,0.6139681,0.20646155,310.1287,32.239548,6.3472347,71.27026,22.934872,14.753374,0.0017699683,212.55603,22.225325,14.939017,2.883283,10.639114,271.91327,12.572903,30.0,133.3502,-17.1507
2017-08-15 00:30:00,-6.461180602042681,2.9396823369946095,-3.5214982650480726,8.00909679540167,22.881500508064516,0.08203066586693548,26.927483261350023,0.2,93.68182210120516,7.336887655763715,72.3184925384086,261.17189463010305,335.44320208333335,393.0850266232777,20.746810343104926,0.5709742,0.19254331,313.19806,29.846537,6.3472347,71.27026,22.934872,17.68484,0.0,245.73627,22.363226,18.132534,1.368756,7.1912794,80.88744,12.572903,30.0,133.3502,-17.1507
2017-09-15 00:30:00,-7.0230914942541744,5.875891250054174,-1.1472002442,3.509838350180768,26.4283697920727,0.0712666211060619,22.687732100886056,0.0,112.91703277259086,3.3224303148161773,82.55482784571134,291.8167121176709,358.6823161458694,507.21266374566073,27.27306751877796,0.534564,0.18834123,317.38196,25.916365,6.3472347,71.27026,22.934872,18.4303,0.0,278.9776,25.801664,21.609608,3.170392,7.422431,24.55241,12.572903,30.0,133.3502,-17.1507
2017-10-15 00:30:00,-6.500693486747284,10.183161990428237,3.682468503680952,14.04505535733961,30.739412890462987,0.07675576022908856,27.18754889648167,12.200000000000001,122.79699587828259,12.86624396086039,93.09857161513044,299.4354812326566,397.43039660183956,407.8588312617173,33.21460767632202,0.5721651,0.18593402,322.0943,26.023533,6.3472347,71.27026,22.934872,18.354143,0.0029219938,304.45413,30.590162,28.627993,7.4907684,12.029917,22.669031,12.572903,30.0,133.3502,-17.1507
2017-11-15 00:30:00,-5.17420637987504,24.00542075276794,18.831214372892898,2.4826952528960864,29.28513836111111,0.3095490496111112,48.51668948914936,83.19999999999999,129.2395691581794,2.3501315866149066,66.87568309903907,275.97521415548283,412.7228962760516,407.83006868857416,21.55193391610974,0.5343676,0.17833552,319.51547,23.96868,6.3472347,71.27026,22.934872,16.36448,0.18309031,289.37497,30.001,22.5538,48.675453,59.336613,66.52789,12.572903,30.0,133.3502,-17.1507
2017-12-15 00:30:00,-9.895669765200001,25.529991118199998,15.634321352999999,1.7499015306940149,30.692914146505377,0.24500552337802786,45.13545455903432,51.199999,149.4203737437023,1.603031061719995,64.32120077399782,301.38428841860633,416.1547865191866,467.1396588029333,24.9590498172029,0.5776859,0.18922175,320.86313,25.49104,6.3472347,71.27026,22.934872,16.464424,0.14295216,310.5847,31.24871,25.230623,43.129017,99.29524,106.71767,12.572903,30.0,133.3502,-17.1507
2018-01-15 00:30:00,-11.39453373718533,28.429199009073468,17.034665271888137,57.97837460949846,28.348579565006716,0.2385959202490886,68.33923246828569,317.99999999999994,143.31113630801786,53.11220875965704,48.46306247505919,232.51730854156213,429.5327422251205,420.1283388351367,12.535073593823917,0.41416997,0.2092016,317.72086,18.54852,5.9673944,57.129967,37.671463,15.46199,1.4516628,242.8054,29.108871,13.960983,204.492,296.29648,308.3264,12.572903,30.0,133.3502,-17.1507
2018-02-15 00:30:00,-54.951320837829954,81.24660777065327,26.29528693282331,90.42594609916856,29.061934527455076,0.2029450259556761,64.81389735094675,18.599999999999998,176.58047076402067,91.711764777166,28.768115280756483,279.90408649343647,419.2695108751974,407.1018868226223,14.535625806159102,1.0519359,0.2901276,312.6194,41.515625,5.9673944,57.129967,37.671463,9.756714,0.42883718,291.45172,29.712677,15.550503,93.26347,340.8845,400.22113,12.572903,30.0,133.3502,-17.1507
2018-03-15 00:30:00,-34.17419918860993,77.7003182661526,43.526119077542674,62.94926008107223,28.76852649680998,0.19229211913497582,60.17875304440189,42.60000000000001,145.5127933134718,57.66588430963218,52.91267030931585,262.18003353054166,412.033307594086,398.324830284969,16.165771750827318,1.1474373,0.2954882,314.95874,45.70358,5.9673944,57.129967,37.671463,12.324554,0.21915673,269.72073,29.484192,17.657192,65.52056,363.27606,462.5713,12.572903,30.0,133.3502,-17.1507
2018-04-15 00:30:00,10.401056860827095,29.431349617645502,39.83240647847259,26.091308216503386,28.23714661636281,0.17659752718584487,45.05685784136588,4.4,113.91657449761115,24.698161203708604,75.20396698038441,251.4888661681667,388.0790361111111,384.31418613959994,21.608661532043893,0.7261999,0.21138082,316.4427,34.970352,5.9673944,57.129967,37.671463,14.979528,0.002643916,245.33179,28.313166,21.164177,8.223424,167.00745,463.30392,12.572903,30.0,133.3502,-17.1507
2018-05-15 00:30:00,20.740414892621068,3.361669685838406,24.102084578459475,11.79350582472093,23.072404247603767,0.16506721362131038,36.025158403835505,0.0,80.40824837939874,10.803668567628165,66.0119075836301,228.9197993572213,343.3842836021505,376.10720178288335,18.379720782679446,0.52984506,0.17730266,311.26718,27.797417,5.9673944,57.129967,37.671463,14.82622,0.0,221.12079,23.290968,18.842659,3.616253,77.360245,418.24472,12.572903,30.0,133.3502,-17.1507
2018-06-15 00:30:00,11.09253828272502,5.685372534335293,16.777910817060313,6.966609146983607,20.837750095269996,0.15590115323188164,38.75278254027118,0.0,72.70580005902133,6.594626621542817,59.83885550867022,213.88372071110464,335.7744683333334,370.77717040791475,15.308048856150684,0.45129603,0.17614283,310.03262,24.85238,5.9673944,57.129967,37.671463,16.099794,0.010827965,207.92827,20.782835,15.362801,2.944123,14.7838,378.05984,12.572903,30.0,133.3502,-17.1507
2018-07-15 00:30:00,8.400610499016246,5.190468989219007,13.591079488235252,6.981874530409951,21.06669758390546,0.1476200938338908,33.914536121968965,0.0,72.76824278795118,6.3958808795601305,59.0107884795919,224.85119652787054,328.7751495295699,372.39886997739194,16.75636164251904,0.43504143,0.15851608,312.0307,23.242155,5.9673944,57.129967,37.671463,18.2849,0.0,218.92545,20.595806,17.477884,2.8315263,9.391903,176.39935,12.572903,30.0,133.3502,-17.1507
2018-08-15 00:30:00,7.146444994363916,6.360905381296153,13.50735037566007,7.369717151452197,21.410068342443825,0.1379224195432323,32.25652699930229,0.0,89.97261040095185,6.75117159602864,68.81841323065261,261.3738645101081,324.3276755180858,372.60032069037266,17.550202371271997,0.42098683,0.15704206,315.69717,22.604633,5.9673944,57.129967,37.671463,21.663149,0.0,246.34857,20.884031,18.049526,1.368756,7.1444054,84.504654,12.572903,30.0,133.3502,-17.1507
2018-09-15 00:30:00,7.7848195951065335,7.616802843878336,15.40162243898487,8.050982586351758,26.96303060426411,0.1269062316163154,32.70993099419047,0.0,108.84247012462086,7.621099874179271,82.12987893675792,284.6601951142042,362.36742,370.73430556657786,24.516378857550116,0.43394518,0.15405738,320.7063,21.26106,5.9673944,57.129967,37.671463,21.474308,0.0,277.14117,26.081997,24.260626,3.628687,7.828969,22.612768,12.572903,30.0,133.3502,-17.1507
2018-10-15 00:30:00,15.175862739285462,1.4002709267139446,16.576133665999407,8.237835572102316,30.6248874022855,0.11452505834123654,40.721823856963674,3.1999999999999997,123.16719233441962,7.5464282256982695,90.21958593461557,288.1722977759383,400.59003233920754,385.98789826180007,26.859230759334586,0.43989512,0.16077036,324.21344,20.743414,5.9673944,57.129967,37.671463,20.365868,0.02448377,302.54623,30.697578,28.511375,13.430442,18.427885,27.819788,12.572903,30.0,133.3502,-17.1507
2018-11-15 00:30:00,27.761169980604727,-12.659189700429087,15.10198028017564,11.043035885247942,31.316037654627195,0.10279718082390985,45.765174455155766,74.19999999999999,125.54083504337694,10.453392302486247,83.53573095115263,272.52933843216255,419.22455430050354,411.1150828011517,25.591400540291172,0.45555982,0.16203465,323.0896,20.7048,5.9673944,57.129967,37.671463,18.264767,0.15247081,293.38733,31.674839,26.24033,62.389492,79.44862,86.593025,12.572903,30.0,133.3502,-17.1507
2018-12-15 00:30:00,23.800792540971976,-7.866391055824239,15.934401485147738,11.129589981947976,32.67655123600333,0.0929281572611311,43.54829294074605,44.8,136.58720544928275,10.19547564953239,95.61103215191777,305.7251130816939,423.4317446951798,409.88526739974606,28.836259597300078,0.42465395,0.15518019,326.10364,19.645628,5.9673944,57.129967,37.671463,19.017677,0.034863822,310.9954,33.935966,32.811653,30.141792,105.96172,113.790695,12.572903,30.0,133.3502,-17.1507
2019-01-15 00:30:00,21.112274823707697,-7.488461331484278,13.623813492223416,13.696197595519068,31.16560069569789,0.08413914529023601,52.319263930948566,144.2,142.82593192492618,12.546666076898742,95.44317998948647,296.12616949806807,429.178809634568,400.9218248253185,22.30134276801754,0.39693716,0.15309307,323.80145,18.364431,3.8659854,40.416683,56.32319,17.470486,0.16240811,302.1468,33.180973,26.434677,33.020134,125.551414,143.97931,12.572903,30.0,133.3502,-17.1507
2019-02-15 00:30:00,18.968251707819757,-7.818453484352039,11.149798223467716,10.88358971988697,31.033685902825173,0.07757723689229562,51.320538349544826,95.94,131.79074250295665,11.0383497588933,89.45653419369195,279.32577880469665,423.27450722893053,398.7900252681337,22.59301795562008,0.46540716,0.15488829,326.12015,21.59001,3.8659854,40.416683,56.32319,20.366581,0.09359811,294.07657,32.603573,26.919989,54.41575,117.577675,197.0263,12.572903,30.0,133.3502,-17.1507
2019-03-15 00:30:00,14.167415294749192,-3.0395123155681563,11.127902979181037,12.06606722367906,31.031407703019443,0.06986487911706396,45.32303841449422,24.000000000000004,118.4164356481722,11.05335369624363,90.59289959220588,270.67753461644685,413.51540427339893,401.5340579785959,25.37317454926468,0.40644982,0.15480201,324.23767,19.674011,3.8659854,40.416683,56.32319,19.447996,0.0489887,274.36905,31.63968,24.869406,48.97887,136.41475,242.37648,12.572903,30.0,133.3502,-17.1507
2019-04-15 00:30:00,-3.9051044851020142,11.06390067978359,7.1587961946815755,4.312582375631512,28.58498251024329,0.06044363164940372,37.10520817740798,0.0,90.76754728544394,4.082311773475878,75.45571256875458,235.80066238062977,392.41148192687524,392.54372254997327,25.25494465791995,0.36182237,0.1474387,320.95605,19.429012,3.8659854,40.416683,56.32319,19.194065,0.20258139,240.08101,28.611996,23.739347,8.095236,111.48986,237.04126,12.572903,30.0,133.3502,-17.1507
2019-05-15 00:30:00,2.2855483946682513,2.166427261166479,4.45197565583473,5.8895385544827406,24.353413729838707,0.05435848346774194,37.59585359982433,3.0,77.68643386890757,5.3952254320784245,64.1501354066249,219.72159820089684,360.4333824596774,403.9882976698881,19.40047705867535,0.3688366,0.14985454,314.5962,20.480818,3.8659854,40.416683,56.32319,16.639748,0.034867108,220.10901,24.80645,19.311422,9.098344,66.17245,183.75012,12.572903,30.0,133.3502,-17.1507
2019-06-15 00:30:00,1.2179666484356608,1.477527556940633,2.695494205376294,3.2393507255080314,20.581099756944443,0.04686762845833333,32.35826826365309,0.0,69.01435968521018,3.066385393559609,59.02277673150248,214.61014272757134,332.10766631944443,403.40065206603896,16.635705970429463,0.3623506,0.14238557,311.52084,20.50474,3.8659854,40.416683,56.32319,17.835518,0.0,209.42513,20.535332,15.404124,3.887477,21.081059,157.4958,12.572903,30.0,133.3502,-17.1507
2019-07-15 00:30:00,-1.0056283980596392,4.109090926385024,3.1034625283253847,2.8226530461399157,21.210163467741936,0.044720331935483866,28.193064138544973,0.0,72.95597878209323,2.585745786293645,60.414881473884876,230.0171993351846,328.2761365591398,403.8712691551598,18.371541746042922,0.3526236,0.14069326,313.33707,19.935188,3.8659854,40.416683,56.32319,19.226261,0.0,220.34796,20.960812,17.47385,2.8358183,15.821639,127.31149,12.572903,30.0,133.3502,-17.1507
2019-08-15 00:30:00,-0.4871183318032434,4.207749064227632,3.720630732424388,4.06818941516519,21.78028394623656,0.04223179949596774,22.34633779661643,0.0,87.25968113007384,3.7267434098899748,71.76315669751465,260.398221866633,327.3956501344086,402.5562391446346,20.588437865976005,0.33992395,0.13845155,315.33554,19.49414,3.8659854,40.416683,56.32319,20.569098,0.0,246.76302,21.61645,19.108152,1.3687567,8.0920515,74.264496,12.572903,30.0,133.3502,-17.1507
2019-09-15 00:30:00,-1.3220940655653763,7.996372530537942,6.6742784649725655,2.9081052666285556,26.36433144206899,0.040321702457436055,20.704588177307542,0.0,109.16999080977443,2.752826806404253,83.83473619162149,298.79234859718184,352.4750211262945,401.65218503373455,27.864488392448738,0.3393409,0.13765869,322.08218,17.647219,3.8659854,40.416683,56.32319,23.443521,0.0,281.83252,25.488668,23.590752,3.6361203,7.8406954,28.921755,12.572903,30.0,133.3502,-17.1507
2019-10-15 00:30:00,1.0553969459343238,9.094665129696116,10.15006207563044,11.453685095786977,30.15551485215054,0.039892053931451614,22.841148739307336,9.200000000000001,119.24902648229721,10.492369232012743,83.64442082880791,308.02581367658485,381.57026478494623,401.2441325203904,34.00749340912625,0.34007585,0.13735984,326.45264,16.63153,3.8659854,40.416683,56.32319,23.677158,0.008362829,300.50772,29.625484,30.740376,9.81433,14.819207,30.640846,12.572903,30.0,133.3502,-17.1507
2019-11-15 00:30:00,1.2496599128073957,10.48115583053657,11.730815743343967,25.277875147824492,31.89919518055556,0.04650777441666666,25.81582251493476,43.800000000000004,124.57333895341682,23.928161443943736,72.05948910683699,307.28693324730574,400.5914647916667,399.13171844941974,36.218408020418025,0.3378599,0.1395969,326.64304,16.007833,3.8659854,40.416683,56.32319,21.296043,0.04736752,310.18127,32.197,35.688972,19.431547,32.881996,40.974052,12.572903,30.0,133.3502,-17.1507
2019-12-15 00:30:00,-0.6158121847502339,13.135361994647226,12.519549809896994,21.345067370700697,33.76089397510339,0.046968824043471795,31.61203370765492,29.23571328571429,128.73796377175424,19.55356082017295,80.35127308263456,306.64915638451475,420.24936791362273,405.2512926786631,37.19431509209232,0.33963406,0.13947786,328.15448,16.252989,3.8659854,40.416683,56.32319,20.854,0.008989424,313.35123,34.150486,36.63926,15.459927,44.705803,52.546497,12.572903,30.0,133.3502,-17.1507
2020-01-15 00:30:00,2.747183391288614,8.649737477266282,11.396920868554897,36.32018327201501,31.36021872011992,0.06551369290106906,56.362760386330756,96.8518678861733,138.8469599202513,33.27180468795401,71.98774624309242,270.2469429997843,437.69505355699675,404.35440927836527,20.644126384241467,0.33399576,0.13795765,325.27023,15.983861,3.7723703,74.26382,22.723644,20.081371,0.92782104,286.99594,32.038868,22.05124,93.369736,128.2612,143.08041,12.572903,30.0,133.3502,-17.1507
2020-02-15 00:30:00,-13.28354995389769,26.972998069779095,13.689448115881406,54.97384731384271,30.885683103448276,0.09972844184203665,57.22333088824864,203.39999999999998,136.60622414777833,53.83294690662695,45.28119732338312,260.8711427389419,431.2235010775862,417.01759171043153,19.681702641164822,0.41481286,0.20070538,324.64075,19.074928,3.7723703,74.26382,22.723644,20.413507,1.9824655,282.61493,31.077246,20.966423,151.65372,260.4834,293.36536,12.572903,30.0,133.3502,-17.1507
2020-03-15 00:30:00,-32.29231830211232,45.060245195292495,12.767926893180176,75.87843868437272,28.155194610215055,0.10136671595737964,57.419626726238214,35.8,154.32035706898245,69.50990783899974,25.622708224144386,276.1820811599771,403.44091350806457,422.7278001603311,16.664652704445405,0.9126069,0.28725296,315.96118,38.5076,3.7723703,74.26382,22.723644,14.078768,0.21920894,286.98468,28.73242,17.940907,35.145824,280.16928,324.87506,12.572903,30.0,133.3502,-17.1507
2020-04-15 00:30:00,-23.52089274587228,41.91531028049937,18.394417534627088,48.86803874481414,27.90771421342807,0.07387973829331376,46.53827165909883,19.0,120.92416628923165,46.258726799489196,43.25430195610059,249.51025831048804,395.0211211100711,406.4361781322758,20.615690209502137,0.8419859,0.25268146,315.935,39.337875,3.7723703,74.26382,22.723644,14.766666,0.04427659,252.69675,28.018337,19.480839,14.397329,201.19687,329.45807,12.572903,30.0,133.3502,-17.1507
2020-05-15 00:30:00,0.7858912103359476,10.399038294387033,11.184929504722982,16.803975016333098,21.576457144489247,0.029168294473779954,37.517991806532685,13.200000000000001,80.63224590500384,15.393605548116373,52.24199474890068,217.2114249231221,347.97127479838707,389.02821706045387,16.356417084928,0.50812346,0.18630992,311.6175,27.296778,3.7723703,74.26382,22.723644,16.544758,0.14894159,209.62888,21.92274,17.23946,7.725052,57.268204,317.7516,12.572903,30.0,133.3502,-17.1507
2020-06-15 00:30:00,-0.45235378681973804,10.192330156707737,9.739976369887998,8.386646822388927,21.248608442525004,0.0237807004535393,33.20773211986809,0.0,73.78975022533938,7.938841297613221,51.155260908994485,218.32974165595334,337.03462801859473,387.2908029249398,17.129760882736004,0.39561698,0.15958437,310.73062,22.713413,3.7723703,74.26382,22.723644,16.297794,0.0,206.95604,21.282833,17.49569,2.9063153,25.028696,305.198,12.572903,30.0,133.3502,-17.1507
2020-07-15 00:30:00,7.1640649946439385,3.825027240711091,10.989092235355027,6.753197447913379,19.968536796209666,0.01618958599569547,28.695994337854366,0.0,77.19953914966813,6.1863968257916175,54.35981518306641,228.93619762219478,328.4448242457012,388.6585276144232,16.872012697146406,0.37099248,0.15489411,310.80804,21.145653,3.7723703,74.26382,22.723644,17.657406,0.0,218.01448,20.000645,16.683685,2.7949715,13.426338,214.6232,12.572903,30.0,133.3502,-17.1507
2020-08-15 00:30:00,-2.235804058497293,15.316539511137247,13.080735452639953,5.8648272542180315,24.229535537609987,0.014220595031121771,36.25591394001401,0.0,103.33710341365978,5.372588168663891,64.91224952524982,250.84503745772378,363.24151895161293,387.7567789256702,19.66698567788504,0.36972454,0.1465524,315.59195,20.640251,3.7723703,74.26382,22.723644,18.407444,0.0,245.03812,24.034512,21.054043,1.2998552,7.001142,64.26935,12.572903,30.0,133.3502,-17.1507
2020-09-15 00:30:00,1.605051014311229,15.66355586143318,17.26860687574441,16.873753972015997,28.440579423611112,0.022852713513984435,34.97953831675569,25.999999999999996,119.91637490928244,15.972778837090452,70.505621622341,275.0238557595602,390.98049013888885,388.2102037006388,25.884559568949186,0.35667786,0.14819911,321.34302,18.35836,3.7723703,74.26382,22.723644,19.743359,0.010365826,271.95212,28.449665,23.3855,9.607488,13.702314,38.73101,12.572903,30.0,133.3502,-17.1507
2020-10-15 00:30:00,2.526812987181498,15.82507184799513,18.35188483517663,30.625868226265034,29.67006250672043,0.053474157790322566,40.252503376854705,61.2,135.1253737101473,28.05541751790766,68.18123988082294,291.15875763805053,401.9319387096774,393.7950393684479,25.58869244526869,0.39992577,0.14616661,322.78204,18.836105,3.7723703,74.26382,22.723644,19.558014,0.18672352,298.13693,30.074036,27.104809,34.67858,45.585922,59.01226,12.572903,30.0,133.3502,-17.1507
2020-11-15 00:30:00,-0.7354516614254474,19.709199836078568,18.973748174653117,27.631629071377418,32.332947034722224,0.04078963828333334,38.136594707899214,17.0,140.45208350598816,26.156236531455104,76.19912646249028,298.2156585311271,421.8185991666666,399.2324206428317,30.975985418699462,0.37397408,0.14388369,324.50656,17.923527,3.7723703,74.26382,22.723644,18.344734,0.04882306,311.60104,33.011833,31.709597,19.164913,63.45098,70.45212,12.572903,30.0,133.3502,-17.1507
2020-12-15 00:30:00,0.42845202371283664,18.159494470342796,18.587946494055636,51.034562930721115,29.172379848179453,0.08906862848016585,65.8899586377215,199.799998,148.11099780425994,46.75119608976155,59.93430194143405,253.9834370325022,434.7781479260992,399.54511337964084,14.183867040856068,0.37223023,0.19269496,322.64713,17.193396,3.7723703,74.26382,22.723644,18.943098,0.7406029,272.16998,30.554033,19.444582,152.39818,206.24167,219.94398,12.572903,30.0,133.3502,-17.1507
2021-01-15 00:30:00,-32.00868877598528,57.85186435896349,25.843175582978215,73.23922879742915,30.368314805107524,0.07955121100806452,56.99646692839474,6.800000000000001,170.5763978047729,67.09220869824229,47.75100573099394,291.05641383178903,433.87494462365595,403.86515749507623,19.192985680245794,0.77240133,0.27003282,319.132,32.929768,3.7723703,74.26382,22.723644,14.951672,0.30415702,310.72653,31.030323,21.195293,41.191814,212.75491,258.34082,12.572903,30.0,133.3502,-17.1507
2021-02-15 00:30:00,-17.008332724304413,46.023248686202436,29.014915961898023,69.47736729990328,27.5790712202381,0.12841374030129157,75.67279852894325,172.79999899999999,161.46423315359522,70.46530605449846,30.355204221467808,248.1251785812143,427.97345944940474,405.4964731552434,9.197914390987382,1.219775,0.3781998,311.24866,43.212723,3.7723703,74.26382,22.723644,9.110449,1.5829169,254.73708,28.988214,14.186483,202.0958,395.6858,459.13675,12.572903,30.0,133.3502,-17.1507
2021-03-15 00:30:00,-24.95903220356655,62.88796236209589,37.92893015852934,77.75926955233659,28.126700020161294,0.11378557729914753,64.56420783079645,95.19999999999999,169.52542391976908,71.23287924642064,35.02497545999506,267.6232154558363,418.4228916666666,422.09366422287604,13.844871340609131,1.2646611,0.34767148,313.24158,48.342308,3.7723703,74.26382,22.723644,10.737877,0.20344844,274.52582,29.353706,17.618446,59.008396,302.29602,508.5377,12.572903,30.0,133.3502,-17.1507
2021-04-15 00:30:00,1.3867070158216137,33.98235821436488,35.36906523018649,29.732056652918516,27.17513790277778,0.06784957327083334,34.072139615554576,0.0,135.38618257898062,28.14451165262379,72.4271064499725,266.3443487747445,386.33419861111116,409.5052235582662,24.328892143746227,0.72651446,0.2215318,314.95175,35.0377,3.7723703,74.26382,22.723644,14.669594,0.002837541,249.84955,27.132164,24.319975,5.5554347,266.6596,479.41452,12.572903,30.0,133.3502,-17.1507
2021-05-15 00:30:00,9.910668588301258,18.11339496013128,28.02406354843254,7.670837885052365,23.458554784946237,0.040662768850806455,31.628568016450764,0.0,95.93384286463404,7.027019054198209,66.73046183951517,236.37072392841094,356.5954436827957,403.220771965377,20.117117778334055,0.53014797,0.18453887,312.51385,28.159342,3.7723703,74.26382,22.723644,15.72628,0.00061828364,218.10037,23.63758,19.264729,3.4226904,67.98652,463.6723,12.572903,30.0,133.3502,-17.1507
2021-06-15 00:30:00,4.273216222100787,15.184269782929658,19.457486005030447,5.507791893004674,20.980615582638887,0.034236035666666664,38.960253940937655,2.0,80.6744653826171,5.213703004890537,55.225376231503134,202.96579096039488,355.1153717361111,401.27735329181235,15.39364075506647,0.44676682,0.17571546,309.46912,25.34173,3.7723703,74.26382,22.723644,15.382786,0.11797217,200.06944,20.936337,14.515079,5.9704084,14.948533,317.24454,12.572903,30.0,133.3502,-17.1507
2021-07-15 00:30:00,3.893869176201581,10.356427514020668,14.25029669022225,3.76608790271018,20.943051102131438,0.030334095991119008,27.195885465502847,0.0,85.0679671566124,4.55914410799768,58.4148466617315,223.57347192837082,341.20664387211366,403.4548194238004,18.31726988347587,0.42156258,0.16585244,311.4935,23.410234,3.7723703,74.26382,22.723644,16.856249,0.0,219.60497,21.487257,17.586102,2.819817,12.212915,278.87253,12.572903,30.0,133.3502,-17.1507
