time,NEE_SOLO_EC,GPP_SOLO_EC,ER_SOLO_EC,Ta_EC,Sws_EC,RH_EC,Precip_EC,Fn_EC,Fe_EC,Fh_EC,Fsd_EC,Fld_EC,VPD_EC,lai_RS,LST_RS,EVI_RS,Fpar_RS,soil_moisture_RS,LST-Tair_RS,spei_RS,solar_RS,Ta_RS,VPD_RS,precip_RS,precip_cml_3_RS,precip_cml_6_RS,PFT_RS
2002-02-15 01:00:00,9.088064892888722,202.3813430958108,211.46940798869952,14.189189063032845,0.22446249992666994,75.892965956527,143.0,146.2258384400936,77.80700942437961,63.36763253285482,222.5985243916041,328.8126830649724,3.930258336673439,3.5,,,,,,0.35672244,222.01965,14.6132145,4.2409077,131.51215,131.51214599609375,131.51214599609375,10.0
2002-03-15 01:00:00,-34.70746040027103,244.49050381244012,209.78304341216915,14.288844086021507,0.1800058035524576,64.19011040967791,35.8,85.8550134408602,86.34801256564938,53.02849918453472,241.13755376344085,306.13362973381743,5.876584611998503,3.8999999,,0.39092010107762626,,,,0.3908031,238.411,14.284516,6.412135,52.336464,183.8486099243164,183.8486099243164,10.0
2002-04-15 01:00:00,-31.991071401639452,194.1516023344754,162.1605309328359,12.026055555555557,0.1817369590328495,73.8767812081495,20.4,56.64783042572338,52.13264252906815,31.566196194677538,166.04616666666666,299.21906584563646,3.690338700070102,4.9,,0.33842484848715326,,,,0.010652624,161.52777,11.586834,3.2638645,30.047894,213.89650344848633,213.89650344848633,10.0
2002-05-15 01:00:00,-31.065283874265912,134.33604438577044,103.2707605115045,6.679879032258064,0.20068886879177175,78.17454417611127,101.2,26.130634921087182,33.57116540377415,24.703538647366415,103.91280913978495,281.62677932746095,2.1431491658504083,5.25,,0.38978421875585784,,,,0.22394885,93.45503,6.4299994,2.5603719,78.909065,161.2934226989746,292.80556869506836,10.0
2002-06-15 01:00:00,-10.560696100560548,96.22178304503302,85.66108694447247,3.8031048162154883,0.24331427364060323,84.22787999739681,190.8,13.60008805744035,30.21658977063655,21.98438835763527,81.65075179883368,280.50787363830597,1.2660802341128825,4.25,,0.42691290166291607,,,,0.7080251,80.547844,4.016,1.6687727,101.373764,210.3307228088379,394.1793327331543,10.0
2002-07-15 01:00:00,-37.81778239407608,93.32652000819263,55.508737614116555,2.8716459876671805,0.24790204822515377,78.35940867240414,148.6,23.419976430822995,24.937142155210154,15.910056707858018,103.47289213433615,263.687052669943,1.6259681664930556,4.75,280.06598,0.42187238592727877,79.80561461082361,,4.4400177,0.47777852,97.53584,2.4759676,1.6340203,77.549835,257.8326644897461,471.7291679382324,10.0
2002-08-15 01:00:00,-37.022036954251504,110.60479682667633,73.58275987242484,3.3688905732695833,0.24277520694935056,75.62816511601167,59.800000000000004,50.65879257535386,31.086201025426675,41.10291436988513,141.5565982519091,258.3073852711167,1.8971049406987772,3.525,281.37,0.3373442338867081,86.36548900741948,,4.941776,-1.1862626,139.80362,3.2782254,2.096758,62.14327,241.06686782836914,402.36029052734375,10.0
2002-09-15 01:00:00,-51.136465962367886,153.6900690366563,102.5536030742884,5.549510194839028,0.24056686612150785,72.98666726308086,163.2,84.32723719430325,49.643475701001364,52.549794112342546,181.95595524497307,271.8142631778928,2.451853365396387,3.2749999,284.81735,0.3012997367949979,82.64499170236478,,4.9716926,-0.8364506,186.50847,6.695666,3.3919182,86.76705,226.46015548706055,436.79087829589844,10.0
2002-10-15 01:00:00,-57.90382280285844,195.79523120681006,137.89140840395157,7.295940860215054,0.20636021505376345,61.28914190817549,18.8,126.84733870967743,60.44552258395207,84.13346598124372,244.91728494623658,279.9442985402802,3.9667086993701823,3.2666667,288.725,0.27352297743002585,78.12289381928318,,6.8343678,-0.82967365,248.88367,8.740644,4.729558,29.262693,178.1730136871338,436.0056781768799,10.0
2002-11-15 01:00:00,-127.6421583239102,296.95537362196694,169.31321529805672,13.11522222222222,0.14903956666474047,53.16511221288758,22.4,158.12331944444446,60.61615499044292,85.93675458740967,287.2275694444444,305.1023597529368,7.113186676215601,4.0,295.62802,0.3087299941671799,78.55765204578071,,7.662693,-1.4311523,293.67676,14.815334,8.386068,27.283817,143.31356239318848,384.3804302215576,10.0
2002-12-15 01:00:00,-104.37365094096964,296.5982554442959,192.22460450332625,13.931949753730281,0.15314516129032257,53.652411441709305,38.4,172.32826148183935,86.06496694539211,78.98465536323481,304.42213201306316,310.4842979322211,7.429375682387043,4.5,297.11685,0.2907390402845629,81.92856307997229,,7.8958893,-1.6363368,308.2026,16.070969,9.455937,37.83121,94.37772178649902,320.83787727355957,10.0
2003-01-15 01:00:00,-57.79307703449345,261.800438955477,204.00736192098356,17.046922043010753,0.12072244623655916,47.280465190787275,8.6,162.75083414350672,98.85639349864145,71.7733553492557,302.6146908602151,315.4830960592683,10.352575096166921,4.7,298.39627,0.3498811646605286,79.51986307404626,,7.0585365,-1.9129661,325.50772,18.18774,11.314119,19.35865,84.47367858886719,262.646692276001,10.0
2003-02-15 01:00:00,-25.848866175649185,222.36922991468433,196.52036373903513,16.536294642857143,0.13211458333333334,61.59075913221167,57.800000000000004,143.28986607142855,87.16034843504652,79.07153834757005,267.3026339285714,331.1336965185293,7.297802533826687,4.3999996,298.92932,0.3411206111821187,82.7685459445487,,7.0984364,-1.7267637,263.40112,18.680891,9.696955,40.181953,97.3718147277832,240.68537712097168,10.0
2003-03-15 01:00:00,-0.7749642814411506,177.8935335085821,177.11856922714094,10.88763440860215,0.15186155913978494,67.15913512067786,21.6,103.24201612903225,49.61994038366962,64.04200165984105,210.92690860215052,305.41364797894767,4.298515427573648,4.7250004,292.74365,0.33630747058197297,75.92765775794585,,6.001725,-1.8263395,202.85616,13.591933,6.306979,36.99818,96.53878402709961,190.91650581359863,10.0
2003-04-15 01:00:00,24.01141928256288,99.73235973269705,123.74377901525992,7.884958628557468,0.16106944444444443,74.3026388082691,33.4,66.19227859011062,31.874082751139078,51.67910387074464,159.77728672642414,295.8188385322909,2.7422438002676195,2.8999999,287.92667,0.3288543813462303,81.15342314003905,,4.5160055,-2.1012099,154.9807,10.260667,3.9670544,36.8485,114.02863311767578,198.50231170654297,10.0
2003-05-15 01:00:00,8.309179645517215,105.94092540992457,114.25010505544178,5.35986559139785,0.19632934968083202,77.45137456858822,51.0,34.764610215053764,25.47289132770412,25.662306097512726,118.21057795698927,285.67392727680044,2.019649322371256,2.75,285.86545,0.35968571016059325,72.90788703835487,,4.739486,-2.1577137,104.42571,7.975968,3.205997,36.016575,109.86325454711914,207.23506927490234,10.0
2003-06-15 01:00:00,-11.038985209652525,95.87832588355444,84.83934067390193,1.575305555555556,0.2674048611111111,90.4190426000333,163.0,17.069777777777777,15.219127489736884,8.053395909427621,78.19490277777777,291.43366512307045,0.6560628293697209,3.6999998,281.90222,0.3214008980295294,66.5897152720923,,4.365395,-1.9305215,75.24928,4.3868327,1.3035331,90.62406,163.4891357421875,260.0279197692871,10.0
2003-07-15 01:00:00,11.257582343389684,52.90973951097579,64.16732185436547,-0.0026478494623656283,0.2632123655913979,85.97198878776418,86.4,23.922810075611203,33.20130632985758,7.162513556387236,93.10537634408604,269.83375875263994,0.8569463623719843,2.925,279.5533,0.3774761180330453,71.69153964955758,,3.3523529,-1.4285625,89.60573,3.0509675,1.5216794,93.92325,220.56388473510742,334.5925178527832,10.0
2003-08-15 01:00:00,19.173835992403806,44.20058804839823,63.37442404080204,0.035521965907969494,0.2798912976392543,83.92418871997995,249.2,38.39600798769236,18.459843337041583,22.62093873827885,106.54302934904149,274.245264109913,0.9847738008510076,2.0749998,280.27002,0.32379076714981436,53.259248163797,,4.5059934,-0.46330193,110.330795,2.6140323,1.350728,159.68832,344.23563385009766,454.0988883972168,10.0
2003-09-15 01:00:00,-21.05181192900474,90.17428489064946,69.12247296164472,3.9385277777777783,0.2730493055555555,79.12921794937694,142.6,75.68309150807997,42.89080249872304,53.5745682176036,159.87046447638943,280.21695703571066,1.6914942683932666,3.875,284.62,0.3923055877512287,68.38677588157667,,6.1658344,-0.05589714,172.82405,5.304167,2.876678,91.50853,345.12010192871094,508.60923767089844,10.0
2003-10-15 01:00:00,-21.683469234724356,136.87530457038184,115.19183533565752,6.49981182795699,0.2650248655913978,78.42377817750258,104.19999999999999,97.76212348363478,41.39809911273349,64.48233573681141,193.7577016129032,288.24193459451993,2.092373838159475,3.4666665,285.57333,0.2968086807323625,65.03654874042057,,6.0247912,0.4315343,197.10272,6.3985486,2.5699072,115.572945,366.7697982788086,587.333683013916,10.0
2003-11-15 01:00:00,6.423371113264884,144.36378602417767,150.78715713744256,12.57888888888889,0.23571733460303465,58.00716135012185,70.4,169.3554845450241,66.752435379573,105.7122711538604,298.43177777777777,296.4642602555104,6.154752727435244,3.9,294.71002,0.28853831286896015,72.35104453993327,,9.237861,0.62046117,303.017,12.322167,5.528055,79.20487,286.2863464355469,630.5219802856445,10.0
2003-12-15 01:00:00,4.54912572121848,190.76463046689094,195.31375618810944,16.298870967741937,0.21618682795698926,60.39477696714833,86.39999999999999,179.90587470821876,84.03583490740756,94.0186893552141,302.29580645161286,321.2956707939539,7.410254680761249,4.175,297.49292,0.2844631071183586,79.11524975681829,,7.9538937,0.5350653,314.59827,16.389032,6.943857,68.205696,262.98351287841797,608.1036148071289,10.0
2004-01-15 01:00:00,-40.1414392304156,237.5906851826311,197.4492459522155,16.05404569892473,0.20079301075268818,56.92697699877857,62.400000000000006,182.96775126238427,107.52576203702475,84.71085903807986,311.99916778249025,313.3917061048104,7.932146255860053,4.275,297.82,0.31295576278360554,82.25064909043793,,8.2234,0.5885436,312.4029,16.446613,7.7164145,54.195442,201.60601043701172,568.3758087158203,10.0
2004-02-15 01:00:00,-26.22713187384453,201.20907035073577,174.98193847689123,18.438635057471235,0.1437471264367816,50.99379633464959,10.6,153.39655798476113,104.2183948086913,60.052946028823804,279.5119109195402,324.0047303579281,10.522123784648892,4.2999997,298.88498,0.3557790988303432,84.04675009340978,,7.3782616,-0.15124407,272.42578,18.356724,9.882843,19.968563,142.36970138549805,428.6560478210449,10.0
2004-03-15 01:00:00,-88.97904476755346,239.03285396815508,150.05380920060165,15.162311827956989,0.10721034946236559,52.53839047691285,0.2,122.8898252688172,70.81898808016024,63.95846463962981,247.06896505376343,295.76121372676636,8.247337798280766,4.3,295.78696,0.36236091441362966,87.00099060932187,,7.336156,-0.5757208,251.4225,15.300807,8.769343,12.708851,86.87285614013672,349.8563690185547,10.0
2004-04-15 01:00:00,-56.29694857541641,162.3405639574696,106.04361538205322,11.065483643350925,0.11653790865315924,64.99291486792836,51.0,71.48601973836058,45.23815276203249,38.802583884414766,168.53926084285297,292.5353387026561,4.637180023397414,3.9,289.62,0.3991610880868252,86.41136973430773,,5.5130024,-1.4202408,168.17514,10.956999,5.160152,29.322584,61.99999809265137,263.6060085296631,10.0
2004-05-15 01:00:00,-34.078334166,98.9520238404,64.8736896744,5.020033808508845,0.1762397825765823,81.29887370695819,74.2,34.15713188047188,28.52621801075269,22.950381586021507,108.34374678161777,280.8554309314863,1.6356171494597196,4.566667,282.45734,0.349592682456821,86.88198560052392,,3.8062139,-1.6364413,109.84543,5.5011287,2.5735545,65.50252,107.5339527130127,249.90365409851074,10.0
2004-06-15 01:00:00,1.5476196491999996,78.12145949039999,79.6690791396,2.614777777777778,0.28108682179193895,92.9815621624436,230.4,17.85415277777778,22.981861111111115,17.905570416666666,70.1168888888889,289.63340267493834,0.51775801887582,4.5,278.2275,0.4177107506296286,77.52156932674127,,1.4145143,-1.2588166,68.14043,3.6630003,1.2677488,124.89717,219.7222728729248,306.5951290130615,10.0
2004-07-15 01:00:00,-12.6708675444,82.1666801808,69.49581263639999,1.4701574593903177,0.29814302883109906,90.76296178957439,74.4,22.52902896994571,23.201375403225807,14.352836559139783,85.53474536070712,276.44837404802496,0.6277449949145126,3.5249999,278.06,0.37711476353216195,73.45906917790566,,2.6127453,-1.4816041,87.42532,2.2972584,1.2341747,75.226204,265.62589263916016,327.6258907318115,10.0
2004-08-15 01:00:00,-30.655093600799997,83.9886063084,53.33351270760001,2.9761693548387096,0.28088536787575447,86.24703259444482,150.0,42.949529569892476,33.40326102150538,7.876456451612903,110.90327956989249,280.6927931429853,1.0410527100648537,1.8500001,284.08667,0.32766048556538246,54.64287369993608,,7.588934,-0.6222733,116.77495,3.3477418,1.5266471,133.63335,333.75672149658203,441.2906742095947,10.0
2004-09-15 01:00:00,-42.42333525953466,125.77484162933398,83.35150636979932,5.176430555555555,0.2687658570492349,84.94632213916748,77.2,74.234125,34.40150073148125,46.006021629134516,148.01375000000002,287.5295868035142,1.3311261847181701,2.625,286.85144,0.3436588043163678,63.76723106716261,,7.7981133,0.123584315,154.00076,5.903333,2.023085,90.80363,299.6631774902344,519.3854503631592,10.0
2004-10-15 01:00:00,-82.16509719227979,200.7859699365279,118.62087274424813,8.827862903225807,0.24147652348147364,71.24353388690899,42.2,127.91514784946236,58.36844084548357,72.09642257119576,230.17012096774195,286.16814940021465,3.2734521895531765,2.925,291.00726,0.2958497007833941,79.64306763767323,,9.074205,0.091163635,242.86888,8.783064,3.320446,56.024384,280.4613571166992,546.0872497558594,10.0
2004-11-15 01:00:00,-35.7619976147237,193.90130598418756,158.13930836946386,11.367597222222223,0.27281675538397915,68.75710569543469,155.4,121.7359013285622,67.5679309470901,58.01425929431626,257.69444444444446,303.76872214101905,4.223355361560694,3.4333334,292.73337,0.2946048589992049,65.60897135301427,,7.98254,0.5082939,266.74384,11.600834,4.650404,144.02843,290.85643768310547,624.6131591796875,10.0
2004-12-15 01:00:00,-49.39024889318954,242.9346110023524,193.5443621091629,13.627251932278092,0.2367634647641311,64.53972874249556,111.39999999999999,171.40316768393234,95.96440958633117,66.00891649482755,299.12806107941094,309.47837785074046,5.571108405634042,4.125,295.7631,0.34902309460728437,82.0354048118466,,8.172293,0.32935387,310.61087,14.440805,5.8906612,77.192,277.24481201171875,576.9079895019531,10.0
2005-01-15 01:00:00,-39.506227871934314,230.1560804638431,190.6498525919088,16.23562181339734,0.1855184603953995,57.45723974495359,54.8,167.38530131687904,100.60342132508079,57.99446178441634,288.9279501678592,321.6710895608243,7.927314551403809,4.15,297.60168,0.325258379228673,82.0898205637032,,7.8226585,0.4635403,297.96893,16.629032,8.055467,52.485844,273.70627212524414,554.1676292419434,10.0
2005-02-15 01:00:00,-35.24708110201001,206.817000145843,171.569919043833,14.306834655066583,0.219781994047619,66.98006661506676,87.0,130.5331905079648,81.49999941982733,44.6853070536809,239.93764447194977,321.26421946025505,5.425147402339655,3.575,295.0693,0.36866471223291464,73.6845190620218,,7.458597,0.39144397,244.57254,14.460714,5.439061,64.89233,194.57017135620117,485.42660903930664,10.0
2005-03-15 01:00:00,-63.93753378527999,229.38593377504588,165.4483999897659,12.331484875012658,0.19598789439703662,64.14278770941351,34.8,122.4990195018359,74.73419870935892,46.07772283432392,238.3920365170283,297.8819142230889,5.169649551424136,3.975,292.31085,0.3417518164611108,84.9501191759582,,6.2373095,0.24342246,240.29646,12.923549,5.8297634,39.11979,156.4979591369629,433.74277114868164,10.0
2005-04-15 01:00:00,-59.515264909811194,196.89056645319175,137.37530154338054,12.539209925935102,0.20540274559310126,66.0710936752122,26.2,71.32375305520165,55.13977724265195,27.113006142077136,173.33600130380808,295.2287821933543,4.959743509818198,2.8,289.24872,0.37747229480465067,87.42365408661122,,3.8745575,0.2377449,176.28856,12.224167,4.9612703,25.804174,129.8162899017334,403.52256202697754,10.0
2005-05-15 01:00:00,-69.23298714465292,146.6072748592812,77.37428771462828,7.129151269127163,0.1777427862777735,72.71211467851383,8.600000000000001,37.65712129417494,36.45455858506255,15.471338471977507,126.45716389362076,274.70200478886863,2.7641686976123667,4.225,284.3242,0.3563906044540337,86.51045558532059,,3.9270988,-0.98431367,123.99193,7.2470956,3.500269,16.46694,81.39090347290039,275.96107482910156,10.0
2005-06-15 01:00:00,-5.705859533724759,79.49428966173977,73.788430128015,4.638361590707691,0.25379032960332365,82.92863896687405,198.79999999999998,13.01330020766905,27.875179372966564,2.024809373312395,78.35419389202055,285.39178892944085,1.4535719479766114,4.25,281.83273,0.3743726682692635,67.60384473813117,,3.6439056,-0.72791475,77.25309,5.0388336,1.9816198,136.17441,178.4455223083496,334.9434814453125,10.0
2005-07-15 01:00:00,-18.04920004502307,99.81220997718096,81.76300993215787,2.939369391154745,0.2992340195318944,89.02709820226829,127.4,20.239822648135625,31.625980626595645,12.353770884894512,83.2939641235527,281.16528178771495,0.828437376032672,3.6750002,280.44363,0.34372802454966805,61.61047201480131,,3.7934787,-0.594392,84.87157,3.5001614,1.2281446,105.2573,257.89864921569824,387.71493911743164,10.0
2005-08-15 01:00:00,-45.37845744507541,116.2224876072421,70.84403016216669,3.714539150379434,0.29096148247442827,77.68248627978303,154.6,48.2753619539803,34.905335667645176,18.315436945342555,127.22494573268665,269.4479855380876,1.780302192917779,2.45,283.40802,0.31713235043875376,86.55409607270569,,6.80722,-0.69018334,129.33841,3.4508061,1.9662967,124.51689,365.94860076904297,447.33950424194336,10.0
2005-09-15 01:00:00,-57.280308419763735,157.3017901317035,100.02148171193978,4.924638225381945,0.29031944444444446,89.32181646587205,170.60000000000002,65.71058265277779,43.064088433156094,24.55028046343644,137.57575832361113,293.08889870534887,0.9276915071060893,3.1000001,285.99667,0.32892886585237086,53.43513014555631,,6.4333467,0.31843618,147.22221,6.413333,2.049861,157.00156,386.77574920654297,565.2212715148926,10.0
2005-10-15 01:00:00,-57.470604130986274,199.66688187489277,142.1962777439065,8.87323806579301,0.2840127688172043,75.0317144910788,104.6,113.92705096774193,70.61464275806883,46.23736332431131,212.6992039939516,297.24406346261816,2.851047559748121,2.4333334,289.35455,0.31417888679380057,62.08242909320259,,7.0387526,0.73764604,215.90872,9.165807,2.683197,113.44983,394.96827697753906,652.8669261932373,10.0
2005-11-15 01:00:00,-69.1557284636227,250.30745810468045,181.15172964105773,11.717736111111112,0.2518722222222222,73.8049683831164,35.2,153.15973611111113,88.24061052991799,70.94337931807465,273.3220694444445,308.02149988747937,3.6250206279855677,2.65,291.04996,0.29885554903170986,80.55211586038257,,5.24963,0.8346891,277.37268,12.650333,4.1121197,54.40674,324.8581237792969,690.8067245483398,10.0
2005-12-15 01:00:00,-92.98584832332614,267.826588476909,174.84074015358294,15.304166666666665,0.21301814516129033,51.80272764935755,43.199999999999996,188.87822580645164,87.42199913915012,68.61165181820253,322.1678897849462,302.37378042647777,8.453084334639458,4.7,294.9529,0.33685260543558415,86.62650103250917,,6.8038874,0.33488998,335.05823,14.99903,7.865447,42.40012,210.25668716430664,597.0324363708496,10.0
2006-01-15 01:00:00,-66.36650740453393,272.46596290971036,206.09945550517637,19.521639784946238,0.1626108870967742,61.04682295005597,54.599999999999994,200.44712365591394,91.50548492486577,60.44027127132535,307.44939516129034,341.6663954508216,8.960130554520084,4.1,299.0857,0.36551984261070897,85.04322385221785,,5.873602,0.1270469,313.56027,20.062098,10.05083,51.230835,148.03769302368164,543.0059700012207,10.0
2006-02-15 01:00:00,-88.10386365757407,259.04141999939213,170.93755634181804,17.773767187016006,0.13809830826701214,55.9527014129017,2.0,192.80629980550904,115.90460798202064,53.82274650534737,297.7871697424441,320.4344149897014,9.063450423640896,4.1,297.007,0.37236522050904686,79.40639734061375,,5.7155647,-0.35728112,301.02927,18.14143,9.101054,12.398896,106.02985095977783,430.8879747390747,10.0
2006-03-15 01:00:00,-69.19390988292011,232.43489850645528,163.24098862353515,15.42627688172043,0.14885685483870967,57.88559278510878,34.8,113.11492237530666,89.97683896647935,37.05597340335439,236.28032258064516,305.38550873400646,7.445295650532025,4.6000004,295.7218,0.3588231234753506,88.37488051036115,,6.582939,-1.0289199,223.00253,15.988869,8.125727,39.714775,103.34450626373291,313.60119342803955,10.0
2006-04-15 01:00:00,-68.13426534425125,183.70807412786115,115.5738087836099,6.829111111111112,0.21734097222222223,73.43223976023963,52.8,55.343637973668656,48.932923118045395,24.866296061291102,157.7795833333333,279.65412601406916,2.6359362359037393,2.9499998,285.29004,0.3687358293879141,86.63678203986287,,4.7895455,-1.4463627,145.58987,7.3504996,3.4176688,59.93295,112.04662036895752,260.08431339263916,10.0
2006-05-15 01:00:00,-61.14931056246928,152.40144698867337,91.25213642620409,4.649921404736458,0.26428225806451616,86.1122756776862,27.599999999999998,21.980383113052433,28.382634991110848,20.02079983043117,106.04223470464926,280.8562612278185,1.1834574661108417,3.6000001,282.40573,0.4267935304226445,67.6208358645658,,3.6608987,-1.7447089,100.13816,5.5948386,2.5388112,31.93945,131.58717346191406,237.6170244216919,10.0
2006-06-15 01:00:00,-51.63463063968132,104.60002108819916,52.96539044851783,2.8290629224941117,0.2649225480685631,79.83025126093395,35.6,8.50625614154234,21.425962829335862,11.622572490873507,99.57599190930381,256.91732482291457,1.5108641270411014,4.325,279.76825,0.36287282256194275,86.92381271894033,,3.9309225,-2.1056561,93.27159,2.687333,2.112751,42.28688,134.1592788696289,237.50378513336182,10.0
2006-07-15 01:00:00,-41.873719072236284,111.26887830307712,69.39515923084085,2.228427419354839,0.2889536290322581,89.59969453860916,76.39999999999999,14.869946236559139,25.54690116564611,9.328612484008007,84.45158602150538,279.55192768677335,0.746340882051339,5.3,279.578,0.3757835884431943,77.04424123311459,,3.2207506,-2.0039887,78.35275,3.2072585,1.4118977,81.424545,155.65087509155273,267.69749546051025,10.0
2006-08-15 01:00:00,-74.2964883426605,137.89311329425146,63.596624951590954,4.101384408602151,0.2798595430107527,74.32065574808905,34.800000000000004,43.082673557281275,35.460867269374724,28.68143970102038,142.60235215053763,258.85294156508974,2.105299358175208,2.95,283.26587,0.3137471400631918,86.79755807401037,,6.541359,-2.2839818,138.0899,3.5745163,2.3201432,50.420647,174.13207244873047,305.71924591064453,10.0
2006-09-15 01:00:00,-91.28830812970071,189.47166639178278,98.18335826208208,7.206347222222222,0.2628666666666667,64.3296912209149,27.6,90.266125,57.37068369866232,50.04179890654371,208.4789861111111,269.12238888104514,3.632601533684418,3.3999999,287.24664,0.33112193295265274,83.85646362255952,,6.400482,-2.0972698,204.96143,7.696167,4.291957,27.949799,159.79499053955078,293.9542694091797,10.0
2006-10-15 01:00:00,-134.91682921584373,249.84599862926655,114.92916941342284,10.901451612903227,0.188807123655914,46.543592492852234,14.799999999999999,146.39363233043593,77.11870561611768,73.33791140639472,292.5127284946236,272.1208133356906,7.003375920243441,3.9333332,291.54587,0.31208040788091795,85.78749043864974,,7.848132,-2.323506,288.45956,10.547742,6.7996383,22.634413,101.00485801696777,256.6557331085205,10.0
2006-11-15 01:00:00,-93.88607208621968,237.5009213235189,143.6148492372992,14.281438591418182,0.19335555555555556,47.5171472309129,41.0,162.27336359233388,90.89332109871845,68.03396867224913,297.81343742297526,296.4946998600126,8.60851261200399,4.7,297.7913,0.334402616894503,83.89232543425908,,10.502462,-2.2765896,285.67133,14.138834,9.024118,56.798664,107.38287544250488,281.51494789123535,10.0
2006-12-15 01:00:00,-111.7991021932433,273.88829553210485,162.08919333886155,15.537465599502534,0.12049705691824383,49.30418234086607,20.4,171.1043061019815,99.21446705482549,72.80085202128956,304.7975435163602,310.49628646799493,9.027552613826519,4.0,297.32,0.2942235894506116,82.10120531266968,,7.9388866,-2.0748792,306.39932,16.231127,9.991022,34.389946,113.82302284240723,273.618013381958,10.0
2007-01-15 01:00:00,-74.90093959166106,277.6852498937414,202.7843103020803,18.205336021505378,0.13092405913978494,50.99857060401908,27.799999999999997,176.8785752688172,106.29656812532116,69.82602451726154,313.13951612903224,321.88391934615987,10.365418435897677,4.0249996,301.20218,0.33966180012788505,85.57683610361457,,9.579767,-2.2803047,316.129,18.472418,10.698748,35.02064,126.2092514038086,227.21410942077637,10.0
2007-02-15 01:00:00,-37.16925374351338,219.1407118782352,181.97145813472184,17.988377976190478,0.11602529761904763,60.480573429181405,52.0,134.254255952381,85.49930816281157,46.76812557085551,249.97952380952378,334.96659906769503,8.244391914963874,5.1500006,298.56,0.3747382211914633,82.23184518352579,,6.642502,-1.946829,236.18137,18.767502,9.488404,46.565033,115.97562026977539,223.35849571228027,10.0
2007-03-15 01:00:00,-28.874210574214494,239.27862000155898,210.4044094273445,14.9494623655914,0.22150940860215054,64.92362524455507,92.2,109.75456989247313,76.63202311069561,38.25052976597414,215.99279569892474,315.37730867193784,6.010969912251312,3.8250003,294.64948,0.3216747079936732,85.10545355066617,,5.996257,-1.3896629,211.96233,15.503224,6.5661783,79.96218,161.54785537719727,275.3708782196045,10.0
2007-04-15 01:00:00,-57.12520594864762,191.52701601126017,134.40181006261255,11.623444444444447,0.19699027777777778,63.04019580223707,78.0,70.90533333333335,46.69402823980617,26.005113170289288,172.4756527777778,291.25857976417336,5.082540318649727,3.1000001,289.80234,0.37716178243241594,73.08948748978054,,5.603343,-1.0798717,165.9182,11.049001,4.8644123,73.03934,199.5665512084961,325.7758026123047,10.0
2007-05-15 01:00:00,-7.666008151091669,143.05704781101514,135.39103965992348,8.609086021505377,0.26422782258064514,79.5878790910051,115.20000000000002,27.980188172043015,35.095970654706875,4.604688981867257,95.47698924731183,297.29477028062144,2.289108536313264,3.4,287.60284,0.31292470676332973,58.044164342126855,,5.8907547,-0.78046924,94.87382,8.562096,2.5665493,87.95263,240.9541473388672,356.9297676086426,10.0
2007-06-15 01:00:00,-20.504567119934176,99.72952729795392,79.22496017801974,3.359041666666667,0.27120694444444443,81.35049970831847,33.0,17.70998611111111,21.38548815014166,13.111707081034297,89.84613888888889,272.44203467967384,1.450663302309236,4.275,278.73996,0.3683714097192365,73.23298563005578,,2.5912995,-0.61538565,81.78627,2.9986663,1.5934596,64.40038,225.39234924316406,386.9402046203613,10.0
2007-07-15 01:00:00,-44.10657510669309,104.33553843177876,60.22896332508566,2.0216666666666665,0.28743974014336915,87.27281810825068,118.60000000000001,33.903834863772836,19.183656225796973,20.560492833573043,96.69247311827958,270.4689448039903,0.8998914479807147,4.075,277.6967,0.4161456590385024,68.50732408675285,,2.518466,-0.17502262,91.15514,2.028226,1.2478247,95.55725,247.91026306152344,447.47681427001953,10.0
2007-08-15 01:00:00,-53.01716726929801,142.18317384705603,89.16600657775803,5.347849462365591,0.2915512992831541,77.5514288087083,55.800000000000004,54.58069363729258,42.337430128242,22.58702790530241,124.88176075268817,279.41133658455664,2.008997273197233,3.8999999,284.97168,0.341330718927421,70.44393882902617,,7.1550727,-0.75910157,129.70428,4.666613,1.9385295,47.461197,207.41883087158203,448.3729782104492,10.0
2007-09-15 01:00:00,-71.28553994002334,179.54011140596685,108.25457146594351,6.325638888888889,0.2781925925925926,68.88430919207775,61.0,97.25377044890038,58.07567499825798,42.75238708646451,186.6238333333333,272.54364000356514,2.9811859637502547,3.025,284.83624,0.28760120529647126,80.85032530490945,,5.5237494,-1.1182957,185.96065,6.1624994,3.449554,45.236076,188.25452423095703,413.6468734741211,10.0
2007-10-15 01:00:00,-102.95522064203462,238.2397819590833,135.28456131704868,10.708252688172044,0.23132661290322576,55.37029171680578,35.8,149.58868682824797,71.24378646689053,62.11105580973188,257.7515591397849,284.46039138694425,5.771417571305242,3.0999997,290.41,0.3149058652851542,72.00998403376086,,7.157752,-1.2139635,252.99057,10.102258,5.215542,60.99688,153.69415283203125,401.6044158935547,10.0
2007-11-15 01:00:00,-56.58980724748198,241.92127687709956,185.33146962961757,13.960888888888888,0.2659060185185185,66.69008052231064,139.39999999999998,157.34399616339405,88.99083855234115,52.00457394409653,244.38915277777778,316.8624911517899,5.349664240147711,2.5500002,294.768,0.3151439019308586,61.698425950712384,,7.096512,-1.2361004,236.56636,14.5215,5.8674173,100.85764,207.0905990600586,414.5094299316406,10.0
2007-12-15 01:00:00,-53.963944149344876,270.1613433226184,216.1973991732735,14.768131720430107,0.27681496415770607,68.57866325619969,205.4,170.66658288060415,100.12821272153674,52.01633093887532,265.28935483870964,323.666097999807,5.321090115698731,3.775,294.07272,0.3504821391242587,66.94999486582155,,5.6524067,-0.57085526,265.93112,15.270323,5.346059,129.07652,290.93104553222656,479.1855697631836,10.0
2008-01-15 01:00:00,-51.689835993740644,271.32128699705214,219.6314510033115,17.94236863573044,0.20288530465949822,58.46072454316592,95.6,191.866210683978,115.70001548639131,47.55839142189954,300.9975770667251,325.2096959335093,8.64026335297959,4.025,298.91367,0.332664086598282,83.80432417535104,,7.4177036,-0.639109,302.41187,18.345968,8.438282,62.012207,291.94637298583984,445.6405258178711,10.0
2008-02-15 01:00:00,-83.41089584274545,269.5546820445019,186.14378620175643,13.611959051724137,0.22624473180076632,69.45139875201299,121.20000000000002,152.93881899913498,90.13698018440695,47.63802004300237,252.25701513783352,307.14965035295523,4.794600814529598,4.85,292.796,0.35588790302162154,86.44688439692575,,5.286167,-0.12443173,246.90292,14.359829,5.2724466,54.903206,245.99193572998047,453.08253479003906,10.0
2008-03-15 01:00:00,-91.60641874147457,260.9375025456651,169.33108380419054,14.855524865591399,0.20756182795698924,55.24323834132865,75.6,115.71354007782257,78.44340088282192,32.425369947728754,222.52575113064515,301.39617927432795,7.622884990278884,3.7250001,295.42117,0.3536458996513847,79.74918934734825,,7.298437,0.06757236,218.3729,14.972742,7.617606,53.576042,170.491455078125,461.42250061035156,10.0
2008-04-15 01:00:00,-88.94917003363854,208.07701668500022,119.12784665136166,8.468565972222223,0.25231018518518517,70.46720946535629,44.8,61.41315539916666,47.60606076150803,22.98837056862792,161.57340712791665,270.36572482152775,3.2802539148072594,4.625,286.40857,0.3626294105194532,84.90978233274862,,4.929409,0.33909312,153.48764,8.329166,3.3559527,43.24226,151.72150802612305,443.6678810119629,10.0
2008-05-15 01:00:00,-60.76900992870059,162.46601759139995,101.69700766269935,6.475496751791667,0.297831541218638,81.13731091179342,43.4,32.919161422983876,33.406067367459045,15.565696599686058,107.83426547338709,278.75051894892476,1.8261412697143706,3.6333332,283.15,0.37164395201113176,78.75329517296453,,3.581452,0.025006117,105.294205,6.418548,2.1872144,36.45618,133.27448272705078,379.26641845703125,10.0
2008-06-15 01:00:00,-25.213659365279828,115.91941916526926,90.70575979998944,5.152505324073611,0.2903601851851852,84.67043977039155,57.0,16.21606433125,29.297191004457666,-1.1145323746835958,75.86494802041666,285.22368572625,1.3532500806465966,4.1,282.0618,0.3801653977420656,60.891980682238575,,3.576138,-1.1625049,74.43288,5.335666,1.5340366,50.4905,130.1889419555664,300.6803970336914,10.0
2008-07-15 01:00:00,-56.166447315499255,115.57697238591896,59.410525070419716,1.8592238459342043,0.3137462719428489,85.33259113068186,170.20000000000002,25.186257580632944,26.418032741987492,9.243831260431106,77.48765701833848,278.0280295559989,1.0250620411528482,4.1,278.39398,0.38374563458496347,65.70293479094657,,3.010117,-0.6110194,80.37635,2.233871,1.1637707,134.77318,221.7198600769043,373.44136810302734,10.0
2008-08-15 01:00:00,-73.15578687174869,123.81754348776292,50.66175661601423,1.738193548387097,0.31227553150886855,84.02245831764048,126.2,48.953704682258056,23.588002230902017,23.796904648565796,109.24985532903227,275.01292313991934,1.1069600885136575,3.2,280.67715,0.38844901997804826,77.77228044916332,,5.648773,-0.84037924,108.00478,1.8783872,1.2726455,96.110634,281.3743133544922,414.64879608154297,10.0
2008-09-15 01:00:00,-95.41244792399303,186.32283650713734,90.9103885831443,6.532733680555556,0.3019263888888889,67.46367571944636,84.2,104.59106032416668,52.81663997897711,50.96393154528587,211.74083409416667,258.81423161472225,3.1624581429900296,3.475,286.19427,0.32927863776933897,81.24660152837976,,6.093448,-0.69063234,211.09953,6.950833,3.359848,74.213524,305.0973358154297,435.2862777709961,10.0
2008-10-15 01:00:00,-107.2409453858181,234.438514806433,127.19756942061491,10.755533602150537,0.2677043010752688,57.30064849079218,40.4,151.35070546129032,77.8119769926903,57.784250068694625,266.95493932741937,276.74505851357526,5.539402897912846,3.675,291.7478,0.333059758679934,84.0712538016845,,8.2263565,-0.9474415,265.46445,10.371452,4.9164,37.75384,208.07799911499023,429.79785919189453,10.0
2008-11-15 01:00:00,-101.6126273340966,253.51190478927825,151.89927745518168,11.22095486111111,0.2655935185185185,68.00287997479894,145.0,160.67814791291667,89.0146693871132,58.90296157604041,254.48929073333332,300.86549473472223,4.282961011372124,4.2999997,292.86923,0.34478641645169156,78.31071425385414,,7.916404,-0.3849749,253.4992,11.8028345,4.6418915,123.77026,235.73762893676758,517.1119422912598,10.0
2008-12-15 01:00:00,-71.92284148099023,249.79349489502945,177.87065341403923,12.764114583333335,0.2693382616487455,63.23415239748946,123.39999999999999,178.72223764274196,101.48412363663401,57.39732090232303,280.0874936166667,304.843312514785,5.4553860607319,4.65,293.52,0.3257251760881696,81.76879763658042,,6.7416086,0.09106007,285.70044,13.6283865,5.7430897,78.302704,239.82680892944336,544.924144744873,10.0
2009-01-15 01:00:00,-62.61270269837839,248.71814256891847,186.10543987054,18.543344086021506,0.20481586021505377,46.63827551083066,41.99999999999999,208.8305923125,134.65469982685488,50.08156121061368,340.1721094588709,309.5372437732527,11.53412363405637,5.1666665,300.7908,0.3351180388284401,87.06079975786929,,8.98871,-0.41131446,348.62225,18.652098,10.919705,36.391327,238.46429443359375,446.542293548584,10.0
2009-02-15 01:00:00,-114.52992778899079,272.2479769738718,157.718049184881,17.192089285714285,0.1487435515873016,54.607830050757954,3.8000000000000007,157.64996432723214,112.23900739176844,26.599889640531234,276.8414534830357,310.9082757498512,8.997456349206608,4.8499994,298.71713,0.3806450463905752,87.08940520595259,,7.466423,-0.71618974,271.80887,18.100716,9.97018,13.972616,128.66664695739746,364.40427589416504,10.0
2009-03-15 01:00:00,-106.27960813186696,259.1694834232493,152.88987529138234,14.214317156660707,0.16167965949820787,58.98461881377231,39.199999999999996,114.85784276612904,81.19510761266292,29.613333455699568,226.46060938669356,295.6725129856183,6.697944533997203,5.4,293.31,0.3827737037905823,87.01647781531557,,5.2469397,-0.7237161,216.02824,14.913064,7.709117,46.664955,97.02889823913574,336.8557071685791,10.0
2009-04-15 01:00:00,-77.01234694701324,218.16040575482737,141.14805880781415,8.865747569444444,0.24224907407407406,75.05257890718732,136.4,67.57662344416666,52.40020575153544,18.366469406161468,157.57655797333334,284.0661997819445,2.8472090441661684,6.2999997,287.404,0.3888873373600481,86.95119043239211,,4.8203297,0.08336162,152.51157,9.433668,3.2680187,113.653625,174.29119682312012,412.75549125671387,10.0
2009-05-15 01:00:00,-61.202524930407144,171.2216166691663,110.01909173875919,6.741503920251343,0.2808060035842294,76.59270354288547,32.0,22.914253072177416,35.713500664071816,4.347975164465068,116.81417590806451,264.0423827823925,2.3083167720848583,5.3,284.00568,0.42189559879549593,88.99076251116435,,4.0008435,-0.7357468,114.008354,6.854839,2.706665,34.40251,194.7210922241211,323.38773918151855,10.0
2009-06-15 01:00:00,-29.199628303128005,125.97992838564494,96.78030008251693,3.937445833333333,0.3196171296296296,85.33715275030616,120.80000000000001,21.53434014666667,38.41892714665368,8.588651496272979,77.44829507458334,284.85902931833334,1.1882748166601,3.3999999,279.624,0.3962690645044747,74.60109323909654,,2.1963325,-0.97627264,74.04708,4.2776666,1.1857362,94.704666,242.76080322265625,339.789701461792,10.0
2009-07-15 01:00:00,-29.61203841863108,109.52553231304256,79.91349389441146,2.39328113799328,0.32374775985663085,86.64381116213269,219.8,25.902033362096773,25.106048723192607,11.939261283877482,86.65555030282258,273.8624782138441,0.9698311099994401,3.6,278.09274,0.43916939681235334,70.70082813993305,,2.2092004,-0.58564395,86.59649,2.7335486,1.2353888,95.16719,224.2743682861328,398.56556510925293,10.0
2009-08-15 01:00:00,-45.5629138429616,136.28789549041198,90.72498164745036,4.036276182405481,0.3184715036671823,81.20000676310624,112.2,43.75590569347561,36.631287644400885,19.954761602432626,102.67600045846791,284.35339652536834,1.5342288140562585,4.475,281.284,0.35118852981019066,84.21910725500277,,4.3872285,-0.14622049,107.78449,3.7467742,1.2871213,95.18093,285.0527877807617,479.7738800048828,10.0
2009-09-15 01:00:00,-79.4599964626912,184.06303861376819,104.60304215107699,6.210037499999999,0.31295277777777775,75.00232424501112,88.60000000000001,90.7228129425,64.41115920202539,37.73473860759702,171.66007630458336,281.17113344333336,2.3758460347408055,3.7000003,285.92365,0.38624195896268276,73.8503700101764,,6.190318,0.071786694,166.0918,6.583333,2.7006316,88.799355,279.14747619628906,521.9082794189453,10.0
2009-10-15 01:00:00,-102.26252511733443,222.34329679611187,120.08077167877745,8.47421370967742,0.3027840501792115,70.55807698694521,171.60000000000002,123.66603826854842,65.81922884666174,47.594742093457526,209.81276071451614,289.84957299516134,3.2714255547990967,3.1666667,288.77832,0.40395479705702175,70.30593332785617,,7.5033274,-0.49840403,212.70535,8.124999,3.1505537,72.26783,256.2481155395508,480.5224838256836,10.0
2009-11-15 01:00:00,-103.77683738422553,268.31673245013314,164.53989506590761,16.489905555555556,0.21255509259259261,58.33624686595251,60.199999999999996,151.34982568785867,94.89717594864621,40.825628002785876,255.4634987453506,318.25749329359866,7.892440168247161,4.4500003,297.7,0.35144624861785567,73.02377056198888,,8.219021,-0.6110009,258.52237,16.330997,7.4389477,58.56489,219.63207626342773,504.68486404418945,10.0
2009-12-15 01:00:00,-89.48501232136803,270.3015880147105,180.8165756933425,15.688484311860007,0.22019623655913978,55.23419849642793,48.199999999999996,204.61213321975808,117.81282236717911,65.3657310764336,323.41924780026886,306.6351166157882,8.050339721659697,4.925,296.75882,0.3421074190543209,76.43472161687521,,7.492695,-0.60847354,324.1151,16.11613,8.200965,69.84334,200.6760597229004,479.82353591918945,10.0
2010-01-15 01:00:00,-71.47407481219294,282.6027526698959,211.12867785770294,18.354497647849463,0.22299103942652332,53.8207931655205,14.399999999999999,204.29674924556454,142.39069071968757,42.80422238090471,329.2702948584677,314.99005612137097,9.86200282413627,5.375,299.063,0.35183998613332773,85.7002877786893,,6.8807354,-0.9336157,332.38873,19.032259,10.156021,27.511696,155.91992568969727,412.16804122924805,10.0
2010-02-15 01:00:00,-20.891625023462396,222.22058558753685,201.32896056407444,16.404929315476192,0.24270039682539685,72.5683285301081,105.60000000000001,140.67381431830356,107.14055988386414,28.24906186776803,230.69138580357145,330.61573090282735,5.1679269972344155,4.1,296.2689,0.3995220296061078,81.13360812933578,,5.895504,-0.58481306,227.57521,17.223392,5.7957478,93.24822,190.60325622558594,410.2353324890137,10.0
2010-03-15 01:00:00,-51.895694988578114,251.15650770210542,199.26081271352726,14.44664125053034,0.25370564516129035,67.42165083668456,94.4,117.09771059879033,84.3266810154648,33.12818813382401,216.15113192741933,307.53967165510755,5.4019609235299555,4.5,293.0232,0.367297670439618,84.84063347793192,,5.3173933,-0.34420606,215.16954,14.555806,5.3335447,98.82055,219.5804672241211,420.2565269470215,10.0
2010-04-15 01:00:00,-52.42948733270301,212.09848645473062,159.6689991220276,10.596970544090405,0.26578059402823156,78.36321712826941,111.0,57.17954956389573,45.9700626354598,20.761143519276196,142.75015287795532,294.4223229597393,2.777113977919562,5.933333,287.19168,0.39179605603790113,74.24250221424944,,3.6221867,-0.36857066,139.28627,10.4195,2.7890434,57.40811,249.4768829345703,405.3968086242676,10.0
2010-05-15 01:00:00,-59.26515916067516,174.97778622428817,115.712627063613,6.663,0.2738588709677419,79.52975151659103,82.6,27.401364012903226,36.022748509665256,7.836243655074292,108.95342217459678,273.9109735541667,2.0077236946921326,6.025,282.33075,0.3852040083324881,85.6669332283695,,2.5041413,0.13008109,108.538666,6.6766143,2.327909,74.682686,230.91134643554688,421.5146026611328,10.0
2010-06-15 01:00:00,-29.753281436400002,115.0039638792,85.25068244279998,3.1533451388888882,0.29844305555555556,85.90416581226948,88.80000000000001,17.707342812916668,30.72661763888889,2.2724361111111104,84.28607826583334,270.71370951569446,1.080543765395995,5.925,279.60147,0.36973542374916996,61.48904301912226,,3.0453103,-0.025579004,83.37962,3.4061668,1.4866304,66.6003,198.69110107421875,418.27156829833984,10.0
2010-07-15 01:00:00,-45.266310676799996,118.2757660308,73.009455354,3.160956158737976,0.31946953405017925,84.46059658339385,112.0,20.29951573408239,29.2988247311828,14.326610349462367,98.78324406968912,262.38923930423806,1.191848261675811,3.1499999,279.05374,0.3702195799794183,76.41249585210763,,3.3487475,0.8776438,92.36484,2.555,1.3963289,124.15711,265.44010162353516,514.9169845581055,10.0
2010-08-15 01:00:00,-62.957237659947225,133.38245520726394,70.42521754731673,1.7132848005619328,0.33568257956644026,91.2203874872156,198.2,47.44579518138292,31.275093707296726,28.3751529798831,103.17363457196369,282.3370000921425,0.6071836574309409,4.125,278.8325,0.4507410466860235,70.0501510627575,,3.576205,1.0474567,95.69893,2.10629,1.0798993,139.69386,330.45127868652344,561.3626251220703,10.0
2010-09-15 01:00:00,-83.64936389848741,171.33369570465265,87.68433180616526,5.176400694444443,0.31539351851851855,81.61125723439946,172.20000000000002,102.90176947833334,50.140046082280506,43.94377964650505,182.05387995083333,278.5066208405148,1.6260269418158755,3.6,286.29074,0.31062163335847026,78.29614937063207,,7.0144134,0.86521566,172.62347,6.1263337,2.3574452,129.40614,393.25711822509766,591.9482192993164,10.0
2010-10-15 01:00:00,-94.54399480917161,225.3579114420271,130.81391663285547,8.858229166666666,0.2923965053763441,80.83492530189692,248.8,118.16269375241936,65.77601345621856,52.205859725858154,199.39169500766127,296.95042525174733,2.186156913807313,3.2666664,288.01166,0.34296241192102195,68.7408286362073,,5.740052,1.6870743,206.75403,9.121612,2.3847008,224.12073,493.2207336425781,758.6608352661133,10.0
2010-11-15 01:00:00,-65.99424819314905,231.36948921439955,165.3752410212505,11.95078472222222,0.28558333333333336,76.36364705030877,168.8,142.50755732708333,89.47548016814157,48.723975066666966,224.07528877583334,313.94190244597223,3.3222881562968714,3.6333332,290.63333,0.3478682339501642,59.7652865266713,,4.8551702,1.9209613,237.48457,12.628167,3.2119703,141.62105,495.1479187011719,825.5991973876953,10.0
2010-12-15 01:00:00,-57.205494884457764,249.20529686878044,191.9998019843227,13.28198622311828,0.30422625448028673,71.78734939004559,188.00000000000003,186.46280415282257,115.56872546453712,62.11718644249419,282.2186836245968,311.3189970858871,4.332450765575708,4.0,294.26,0.3455649836734051,80.77641901573068,,7.0153418,2.448666,295.7997,14.094674,4.284816,142.76883,508.51060485839844,901.7677230834961,10.0
2011-01-15 01:00:00,-49.00629380854692,249.60076193274176,200.5944681241948,17.936602822580646,0.19716711469534054,65.94564707163367,45.60000000000001,193.4065763354839,131.37098704562374,42.997935263211495,299.0124503016129,327.05187555712365,7.080766416090096,4.5750003,297.28546,0.38430812210133436,86.58040882505118,,5.8774033,2.225086,301.9788,18.258064,7.0161095,44.466038,328.8559150695801,822.0766487121582,10.0
2011-02-15 01:00:00,-40.165448240547484,231.21357884252848,191.04813060198097,15.817216517857142,0.23134424603174603,77.70210107297255,213.4,140.535550346875,101.13668177150828,30.0462381093275,221.46805112053568,333.35732441681546,4.043598921037475,4.725,292.12,0.4006342138817065,66.59809733236439,,2.6987514,2.731988,221.4864,16.27125,4.1251936,186.90372,374.1385841369629,869.2865028381348,10.0
2011-03-15 01:00:00,-67.6604910377001,253.22793206503678,185.5674410273367,12.931810819892474,0.24123947132616488,80.8914108229256,109.6,103.70285447419354,81.57267278644638,29.68473427440748,188.9300156766129,311.5710997533602,2.8671023417262003,4.525,290.7092,0.3538452572891293,57.494907671421,,3.9227524,2.7022943,185.2785,13.636452,3.4944115,105.68942,337.05917739868164,845.5697822570801,10.0
2011-04-15 01:00:00,-65.37628085474186,195.18782614005355,129.81154528531167,9.015541333522794,0.24538750000000004,77.81431116581373,65.8,47.46665670950891,46.51584199430937,18.184914231090588,137.10462900458333,284.15823444333336,2.5580248692523067,4.633333,287.37076,0.3568901633040512,63.28619440816443,,5.6450987,2.468411,150.50539,8.575665,2.403184,50.90575,343.4988899230957,672.3548049926758,10.0
2011-05-15 01:00:00,-84.78952088652423,169.77573549018177,84.98621460365754,5.767721534663956,0.2537438832478394,77.02911323488946,104.0,27.393081474203132,35.4266514742897,17.589406185120584,114.82465636655401,265.7875841568687,2.1169594008966386,6.125,281.71075,0.34150810891638594,82.18526392120252,,3.3646307,2.390341,107.92262,5.19613,2.1776576,66.03884,222.63401412963867,596.7725982666016,10.0
2011-06-15 01:00:00,-53.74534462961988,116.34489540199225,62.59955077237237,3.4219667273411623,0.26977226204022353,84.19439724997679,68.2,16.931486461498658,28.759330309444525,13.03601640573206,78.8835238068058,278.4566386799483,1.2349531537542286,5.7,280.94617,0.36307480957538135,68.03953599625989,,4.4920063,1.3509669,77.62344,3.304167,1.3402438,54.037098,170.981689453125,508.04086685180664,10.0
2011-07-15 01:00:00,-53.34331279496963,95.2735666962615,41.93025390129186,2.568453029166064,0.2700076944971057,83.43053830344762,115.2,22.366129848600774,28.976896782584628,33.34858485727588,84.52908934901942,272.5306756636564,1.2183113197191295,3.475,278.37003,0.3469414554779306,78.60056332383957,,2.8398707,1.4549806,77.94951,2.380161,1.3573828,74.153694,194.22963333129883,537.7285232543945,10.0
2011-08-15 01:00:00,-85.764418329619,147.6248358171955,61.86041748757649,6.505438349031125,0.25045079223917144,73.71581707856159,87.0,41.408193914953706,40.74748169799908,22.935913966153826,133.11438951238827,263.3000178856172,2.5499284204349215,4.0,284.26587,0.37325203019236136,85.35824720623198,,6.272327,-0.12479022,132.01912,4.8435483,1.9862561,112.229836,240.42062759399414,463.0546417236328,10.0
2011-09-15 01:00:00,-84.88613444384764,163.97280261056133,79.08666816671368,6.297218888046158,0.2627993055555556,77.75245696010475,110.39999999999999,77.43852155124888,47.06231153021807,35.45656034963621,164.6827569488661,273.68252348301246,2.127324344710977,3.3249998,286.17334,0.32198732392109475,82.26461259958053,,6.7701793,-0.28758982,159.03935,6.2531667,2.9701204,115.94703,302.33055877685547,473.31224822998047,10.0
2011-10-15 01:00:00,-105.66737300978713,229.40352137406168,123.73614836427456,9.500798894633064,0.2741747311827957,75.08144928782234,56.599999999999994,126.23706588870967,71.22694452183195,54.880985387270684,218.57392643387095,288.18871761760755,2.969611968673788,3.7333336,288.9473,0.3437490222585793,80.19727330417324,,6.797142,-0.47638354,214.32573,9.00016,2.933979,56.99105,285.1679153442383,479.3975486755371,10.0
2011-11-15 01:00:00,-63.23953829671376,236.19349353912727,172.9539552424135,13.538262611308685,0.2872795553572287,73.4562781391879,229.999999,157.76469307962745,93.42586228796077,50.67197545665366,247.4404914603701,314.50427582721653,4.145810892487727,3.4666665,292.12,0.32475431231455926,72.56421225075559,,5.337002,0.34649155,249.97298,13.632999,3.6230059,209.1714,382.10948181152344,622.5301094055176,10.0
2011-12-15 01:00:00,-84.23318687837966,262.9749857391161,178.74179886073642,12.998999497494625,0.2621888440860215,74.13488785482474,97.60000000000001,174.8297128060484,101.41446534878013,60.71798951425399,275.1774453584677,306.40698667392473,3.8981988506525562,3.75,293.15143,0.32699755562792104,68.88481304694503,,6.4077244,0.7084318,289.50864,13.59371,4.7138405,81.435295,347.5977478027344,649.9283065795898,10.0
2012-01-15 01:00:00,-45.983590232793475,238.46976465253852,192.48617441974505,15.658123169195465,0.1988054382364201,65.85275309405068,116.39999999999999,190.12653008709677,116.94026270706993,57.693833012411964,303.1553376262097,312.24727072997314,6.128658989036916,4.25,295.62616,0.3596489576104273,78.49920775671627,,6.2042294,0.97389615,315.416,16.271936,6.495203,65.364525,355.9712219238281,641.1391372680664,10.0
2012-02-15 01:00:00,-56.52572433082638,250.84497015483913,194.31924582401274,14.608129989224137,0.2504159482758621,71.4393948721138,173.6,133.44159117844828,96.19148857828046,32.79407467153347,217.645339687069,324.6859277034483,4.786193943280467,2.75,293.09857,0.3982498046066472,67.13328396845284,,4.8944397,1.3358871,218.4227,15.054138,4.3832483,111.73235,258.5321731567383,640.6416549682617,10.0
2012-03-15 01:00:00,-65.5587431166386,241.9255048786651,176.36676176202653,11.837810159946237,0.2302694892473118,77.96942852085564,232.79999999999998,87.30163104274193,74.33736516947286,33.08766451769255,172.89682840967743,305.5521758736559,3.0732959672205937,4.825,290.49332,0.3671840352305328,83.47582889651957,,4.8773546,1.9664322,164.65427,12.465968,3.3749084,183.55092,360.6477966308594,708.2455444335938,10.0
2012-04-15 01:00:00,-74.04644614478443,205.96987696438882,131.9234308196044,10.033703150248417,0.21227916666666669,76.58767238701596,28.199999999999996,62.110726986103415,55.66701413609421,23.593175624709016,147.47999310498622,291.74474922295644,2.8928002667060837,5.475,286.97845,0.3968722578567128,87.05115989514852,,3.9029598,2.6759996,153.41049,9.925501,2.3746786,30.924698,326.20796966552734,682.1791915893555,10.0
2012-05-15 01:00:00,-72.11889553000296,162.09765598020095,89.978760450198,5.423403449568549,0.24640277777777778,77.70365187596855,61.599999999999994,27.21453472701613,35.926072503348195,12.157253540047849,113.50251188709674,263.11630655241936,2.0059516483451203,4.6,282.1765,0.37809073585031044,87.85578023432586,,3.8657131,1.8839828,109.37872,5.1608067,2.2973619,53.488716,267.9643325805664,526.4965057373047,10.0
2012-06-15 01:00:00,-42.636638618557406,112.26744510774391,69.63080648918651,3.406413226856945,0.25181296296296296,86.62078860986983,87.0,20.15245717375,27.6754541227065,15.521961083285628,73.37188555,282.7534966806944,1.0442163776846376,6.375,279.3575,0.4169531589105175,75.41212134866464,,2.7995203,1.5861727,67.54244,3.4079993,1.2929783,66.52594,150.9393539428711,511.58715057373047,10.0
2012-07-15 01:00:00,-60.922946078413624,127.64154123406703,66.71859515565342,2.6499327333009983,0.27836286468083893,88.74332749034859,105.6,28.280154826127582,35.365589250962174,22.033076557714967,95.62989421902168,271.2860076229628,0.8325037805251552,4.0,279.35635,0.3669733302303776,74.70516840329294,,3.490392,1.601565,85.431595,2.715968,1.3750997,101.00802,221.02267456054688,547.2306442260742,10.0
2012-08-15 01:00:00,-74.64071620651043,138.76751905106306,64.12680284455263,2.2219291084284527,0.29934327218378814,86.84127998935702,102.0,47.54901037129127,36.351635048759974,33.719500491468146,110.111213369966,275.6717270609059,0.9438494736974662,3.8249998,279.86728,0.3406911988132911,83.18435552782995,,4.538253,0.92360336,104.50642,2.179032,1.4292011,96.75284,264.2867965698242,532.2511291503906,10.0
2012-09-15 01:00:00,-75.69923521531572,160.00427993694757,84.30504472163184,6.091911540922964,0.288184520937607,76.00764234503603,43.599999999999994,84.91109260622588,40.283460285680505,41.871458589298435,172.98812561638192,272.6064320076293,2.2616292194829652,3.9499998,285.37003,0.31077689637072936,73.93106710619846,,5.9386983,-0.96326834,166.52779,6.2813334,2.8069525,54.295708,252.0565643310547,402.9959182739258,10.0
2012-10-15 01:00:00,-117.20333460000603,239.91404317290556,122.71070857289955,9.166286046115303,0.3032211021505376,67.0111594046289,37.6,155.4046073701525,62.57203855880775,63.175746938164984,268.4548188108675,270.347902812156,3.8429122098387936,3.9,289.51334,0.28585900065751935,74.38513903430855,,7.77802,-0.7318204,261.47702,8.585322,4.0545135,62.47358,213.52212524414062,434.5447998046875,10.0
2012-11-15 01:00:00,-97.02937945080001,260.9645967828,163.935217332,13.329944587391557,0.2873113425925926,66.2220000563246,66.8,171.08367372708332,91.52188152777778,55.159058611111114,275.8719262054167,300.8017696415278,5.203572448567667,4.366667,291.96307,0.3566102431611704,80.65770131106174,,5.2004128,-0.6351704,269.69135,13.612667,5.33626,95.22527,211.99456024169922,476.28135681152344,10.0
2012-12-15 01:00:00,-136.50085194817103,341.8695945792786,205.3687426311076,14.546083310514957,0.2736406810035842,59.8142936675885,56.2,194.67700886465056,120.45355121622539,61.44477582157803,304.5810478149194,304.9372434224462,6.706987661305569,4.875,296.08554,0.33053862051385846,81.84252106016415,,7.699256,-0.41254404,308.90454,15.236291,6.522586,71.448074,229.1469268798828,481.2034912109375,10.0
2013-01-15 01:00:00,-129.5196309280593,353.7343656868402,224.21473475878088,18.98204308232527,0.20067338709677418,47.13876603029558,5.0,196.96810674959679,136.47122168180127,49.06765945414003,320.42704199314517,317.87739513239245,11.749775951192689,5.475,298.65997,0.3997545771125704,84.96847778192452,,6.2417526,-0.68707836,316.8085,19.268227,11.254602,40.666122,207.33946990966797,420.8615951538086,10.0
2013-02-15 01:00:00,-61.18555052537913,237.09161828470394,175.9060677593248,16.27058774273143,0.18026984126984127,63.6454989010103,87.8,143.6852739112513,104.22289035879588,38.36876092605604,238.72271066616563,325.3071802157419,6.789579559652832,5.225,296.69333,0.3781256434228407,87.27685580997004,,6.2283363,-0.47394714,234.74287,17.314999,7.602998,83.6179,195.73209381103516,407.7266540527344,10.0
2013-03-15 01:00:00,-96.632445232135,313.4281489813404,216.79570374920544,13.811490025873658,0.25783646953405015,66.77409798762254,58.2,122.69508160806451,87.90122597587728,36.38985290156694,230.34999228991936,297.9118750966398,5.28389977963817,4.775,292.35,0.36519157748346626,87.78747296623123,,4.652917,-0.30737796,231.19028,14.547095,5.86222,54.853657,179.13767623901367,408.2846031188965,10.0
2013-04-15 01:00:00,-72.8578725813949,237.15352611523645,164.29565353384157,10.001883667028768,0.25911249999999997,72.6174818037143,18.400000000000002,62.382780320833334,50.44451347181241,15.580564891976266,148.7362662425,290.9766016522222,3.376071561591017,4.9333334,286.01398,0.39977778979750567,85.87035629908328,,2.905818,-0.4686833,144.94212,9.958165,3.0908432,25.873451,164.3450050354004,371.68447494506836,10.0
2013-05-15 01:00:00,-51.37799352321652,179.98308072724865,128.60508720403215,6.2911013881013655,0.287836917562724,76.82692589868925,96.4,30.413114740372116,46.01861926687208,13.924747859983727,106.47848611501726,277.2440498986527,2.214882042262056,6.275,285.00497,0.4134027889310749,71.37356447583107,,5.7001433,-0.11479636,100.14936,6.154837,2.0968723,113.526955,194.2540626525879,389.98615646362305,10.0
2013-06-15 01:00:00,-31.779040259039512,144.6005391780934,112.82149891905391,4.624365982784722,0.31544675925925925,81.0057588745412,117.2,17.438463009656576,34.499708267345035,9.381687012578974,87.84305927738544,276.1214429074161,1.6157073219907498,6.2250004,279.95667,0.4159773188703431,82.939546068299,,2.4155045,0.10731631,81.5355,4.3911667,1.7117562,112.611824,252.0122299194336,431.14990615844727,10.0
2013-07-15 01:00:00,-32.35750741710288,141.3104375410473,108.9529301239444,4.3870709038185485,0.3283826164874552,81.64015917401323,111.8,28.157088820749998,30.50308416970707,6.092363609021123,77.51616338626881,295.9219259744624,1.5358629734416218,4.3,279.64334,0.4250319408935496,42.93104858653834,,2.2606049,0.31765035,77.82258,4.2327423,1.198976,83.467186,309.60596466064453,473.9509696960449,10.0
2013-08-15 01:00:00,-64.57056248562515,171.4370864052122,106.86652391958705,3.928734159571236,0.3439520609318996,82.95140170600425,157.8,63.55217431707929,40.63804535780585,11.528802745926303,109.85657018870967,299.7711227486559,1.3807648697721766,6.0,281.57666,0.3890000353888819,72.76625294377224,,4.4084406,0.10067896,110.65561,4.0182257,1.1528449,113.10704,309.18605041503906,503.44011306762695,10.0
2013-09-15 01:00:00,-110.98615604597616,239.8001737789138,128.81401773293763,8.640249168704164,0.3202824074074074,68.05686669482414,94.8,97.169813503125,53.37757069789065,33.46033790089941,176.3286815561847,296.4214798002778,3.589890100548142,3.525,289.42908,0.3149340960537194,75.50959074990367,,7.9937496,0.15723412,182.56172,8.285334,3.0159717,97.18349,293.7577133178711,545.7699432373047,10.0
2013-10-15 01:00:00,-129.479574333632,276.7854318151948,147.30585748156278,9.269457470009407,0.3115371863799283,59.08479684015106,58.20000000000001,153.61128951549202,74.07339185139494,59.1180031665897,251.0524452325257,288.873151780914,4.799863902062501,4.233333,289.1118,0.30569537191256446,84.28355524019253,,7.49518,0.1663799,248.31615,8.466612,4.255681,61.67209,271.9626159667969,581.5685806274414,10.0
2013-11-15 01:00:00,-146.34288412650443,306.50712343951113,160.1642393130067,12.134036638795836,0.2785300925925926,54.13099439923103,38.6,191.20350366016666,82.1756740131164,73.57115423819248,296.4894765702111,299.5080839629167,6.526616501517654,3.8999999,291.68124,0.3158753634755228,74.74913264043296,,6.8010836,-0.5991785,279.20908,11.730166,5.9549665,28.086359,186.9419345855713,496.12798500061035,10.0
2013-12-15 01:00:00,-132.65935236645066,323.11013524988454,190.45078288343385,16.232806465349462,0.24347894265232975,49.583154380906805,30.6,217.88580616040997,104.23552929910814,65.33364442405748,325.55656185448254,321.186302936828,9.392838096404311,3.6,296.42307,0.3115030788386773,79.0353638191048,,7.2948484,-0.8264417,326.18353,15.978223,8.411752,52.707645,142.4660930633545,436.2238063812256,10.0
2014-01-15 01:00:00,-102.75108708882041,309.3925321001451,206.64144501132466,18.897679718077956,0.21044982078853047,46.26078945160853,44.99999999999999,206.70985490377018,109.47935320239367,58.057651945133856,318.5883087690242,330.6650312163979,11.880981286487367,4.825,300.45712,0.33613022914774177,87.18039273075071,,8.758417,-0.88233864,325.5787,18.548712,11.220864,46.009968,126.8039722442627,398.76658821105957,10.0
2014-02-15 01:00:00,-70.47960442951006,273.78618170913177,203.3065772796217,18.487401898809523,0.2531934523809524,52.73005890715357,101.99999999999999,175.6941113271771,106.678011788451,42.5376005680248,277.8612403694568,334.5341382440476,10.180976169263392,4.525,299.41174,0.3919230768826199,86.91873289329436,,8.082106,-0.99812657,273.62762,18.179644,9.183953,47.448647,146.166259765625,333.1081943511963,10.0
2014-03-15 01:00:00,-26.751695430502842,254.1377503113148,227.38605488081197,14.496265262096774,0.3133113799283154,72.25606532643823,102.80000000000001,107.92217366452955,73.5557259078569,22.692762119429375,182.91702518741533,331.3668106518817,4.615350274363052,4.425,291.924,0.45925490702411714,68.35624050090742,,3.9509544,-0.8016809,176.59798,14.823063,4.294039,92.34412,185.80273056030273,328.2688236236572,10.0
2014-04-15 01:00:00,-34.2318717225179,218.78126130988272,184.54938958736486,10.605588197458331,0.32925138888888894,76.3953540947057,147.2,68.49532394864444,48.70097326041753,13.650417773808247,140.36231579276944,309.8011085273611,3.0314530971945723,3.5,286.56,0.4022377336863159,83.43800359095012,,3.3613377,-0.37964508,132.52313,10.048666,2.1100817,110.5385,250.33126068115234,377.13523292541504,10.0
2014-05-15 01:00:00,-23.72776074468009,165.18653178431487,141.45877103963477,7.588136949260752,0.33928920250896055,79.45084184056799,76.6,35.10716740563172,33.30829042652681,5.06282060784025,97.08641379846505,300.6311358534946,2.1485309698417954,4.825,283.755,0.35952354566478545,77.06525849717674,,3.147108,0.0764014,95.22475,7.457903,1.906353,71.66004,274.5426559448242,420.7089157104492,10.0
2014-06-15 01:00:00,0.24456718833900482,109.64707958205607,109.89164677039507,4.589450996198611,0.36443449074074075,85.11685954860155,195.39999999999998,21.1991089504375,27.649683620335672,-2.7010173814576763,66.69819997937638,299.31452940972224,1.2628980742715,5.8250003,281.13,0.48118362248428587,61.31055198635957,,3.562512,0.9556758,59.702938,4.417499,1.0166359,145.01015,327.2086868286133,513.011417388916,10.0
2014-07-15 01:00:00,-44.54836679073374,118.5291150985061,73.98074830777236,3.345407032577957,0.373983870967742,79.87210154426545,119.60000000000001,31.980955608432797,27.915938043162676,12.49243068470109,88.04218432788173,285.7932386424731,1.5641463382014182,3.3666668,278.9325,0.43350167300296494,73.0078148274494,,2.9660497,0.8422055,83.00851,2.8164515,1.2569118,58.13525,274.8054389953613,525.1366996765137,10.0
2014-08-15 01:00:00,-78.99904961071067,160.71564647507142,81.71659686436075,4.480569540884409,0.340997311827957,68.87438920861999,10.6,60.32875970630376,31.361007812183818,31.587820170749172,148.98089467727152,265.34682701612905,2.6209720452306735,4.5249996,282.17157,0.3360969383218158,85.56169486810217,,5.8788342,0.39518777,143.82838,3.1427417,2.0350776,46.33496,249.4803581237793,524.0230140686035,10.0
2014-09-15 01:00:00,-100.82318126341825,219.5521233284684,118.72894206505018,6.918649889030555,0.3351884259259259,70.6410402820988,62.599999999999994,107.51022305056249,52.86860380048086,51.48821254832264,197.2486028218764,282.3338028472223,2.93097986949689,3.45,287.07864,0.3774670478571042,83.96262326545305,,6.9874845,-0.38514182,194.4483,6.9411654,2.7818208,50.331406,154.80161666870117,482.01030349731445,10.0
2014-10-15 01:00:00,-107.51357971099017,270.04858219721876,162.53500248622856,11.36325769789785,0.32597715053763443,57.86960696848982,50.800000000000004,163.58549606454298,74.87301652477045,62.984598995344584,267.90548784605244,297.59614529569893,5.693449680542754,3.5333335,290.3295,0.3103066287844251,77.38131218829362,,6.537409,-0.98456407,260.52866,10.642096,4.827161,63.318214,159.98458099365234,434.7900199890137,10.0
2014-11-15 01:00:00,-100.0576965884144,283.61680683106295,183.55911024264861,14.356691407562499,0.2918194444444444,51.48233974988884,68.0,195.2395869041499,93.98664711157758,60.79318809984092,304.74334969433244,311.9789436135483,7.997559179167471,4.75,293.976,0.31234122162894074,80.49633291146691,,6.4926853,-1.0076846,290.38962,14.333334,7.2385645,89.71033,203.35994720458984,452.84030532836914,10.0
2014-12-15 01:00:00,-80.50047357220585,301.1662867380021,220.6658131657963,14.701262590783797,0.2998901747904055,62.26214829085763,81.6,193.10446303808754,110.64086425250738,61.98068157105814,290.8903533523265,324.34578836344014,6.362838403223124,4.375,294.64548,0.33158857454641893,68.93434450341827,,5.8922567,-1.2978983,296.18805,15.603227,6.10826,68.968216,221.99675750732422,376.7983741760254,10.0
2015-01-15 01:00:00,-46.17214304922066,276.2702764382201,230.0981333889994,15.35621324921595,0.2515811167177491,67.40678273668856,144.4,189.72411817358025,109.80325644821612,54.31087503976997,282.11469380262463,331.16733305364176,5.735805827341943,4.025,293.60126,0.32277040328994366,78.72407951728741,,4.11191,-0.6729856,284.6064,16.339354,6.011697,110.46341,269.14195251464844,429.1265335083008,10.0
2015-02-15 01:00:00,-40.454139903616465,251.6200054918761,211.16586558825963,16.753042082961308,0.24740036114939268,65.53073946047265,68.20000000000002,167.47417777843688,102.12427410038323,37.57633542145228,260.0366437179743,338.07989789186513,6.641606660294208,4.65,295.36285,0.3626134536182914,85.18880540977645,,4.800003,-0.21476188,255.03882,17.412857,7.031619,66.03081,245.46243286132812,448.82238006591797,10.0
2015-03-15 01:00:00,-120.83535573148286,312.8099845241902,191.97462879270736,13.117201732190859,0.19452634521237275,58.72610495968189,9.8,134.6601716654476,76.51042197424748,37.77249498320834,239.87132438449743,304.77871992607527,6.2694165793163,4.875,291.73596,0.3871208424936386,88.09975777656123,,4.873228,-0.18954214,235.98419,13.71274,6.6197157,22.648357,199.14257431030273,421.13933181762695,10.0
2015-04-15 01:00:00,-25.544832707938188,189.3160354118639,163.77120270392572,9.28085009513889,0.2511449048001863,76.57428876877265,121.80000000000001,62.6409472715,47.10690286287075,22.072358639621168,129.58812912351118,310.5578383333333,2.7502599361760387,2.8666668,286.026,0.38362752687327134,73.23688595122795,0.19621474,3.3088388,0.30762672,121.73996,9.567168,2.563466,83.68882,172.36798477172852,441.50993728637695,10.0
2015-05-15 01:00:00,-17.719201267775286,146.73896855478904,129.01976728701374,6.448839431342069,0.2848593425242007,74.69112107737392,87.4,36.54727162034912,31.209455624486395,19.858144812924717,98.64203585443943,295.3743588373656,2.445680880079479,3.05,283.73798,0.36431964225282326,65.93834788345049,0.21018688,4.3410463,0.3900887,94.48177,6.246936,2.3128996,64.31332,170.65049362182617,416.1129264831543,10.0
2015-06-15 01:00:00,-49.08617089598844,139.82207301330357,90.73590211731513,4.742311181015635,0.29517233535574194,75.15168082933208,71.0,18.986792542098378,24.577788422759845,7.228180384364198,101.32713912293546,267.770414708892,2.131278792011823,4.825,280.41302,0.3190628713233583,70.79341254234808,0.23131457,3.6248648,0.3470559,93.03627,3.6381662,1.9147735,77.50607,225.50820922851562,424.65078353881836,10.0
2015-07-15 01:00:00,-35.2236015077,112.71626024707939,77.49265873937938,1.4742353856685146,0.30886774306183506,88.465617677745,93.2,27.88408410190948,27.209444616108474,11.11205688532391,78.50916054450799,283.9319265456989,0.784101614670002,3.2666667,277.97778,0.3811043014587014,49.679866792930696,0.24056892,2.8606925,-0.10945634,78.90904,1.9670969,1.1301155,106.54671,248.36609649658203,420.73408126831055,10.0
2015-08-15 01:00:00,-38.434647166657044,126.24774713631014,87.8130999696531,2.6254132678024336,0.3161913317715125,87.61854527068478,110.4,57.62695296627784,37.60367865762565,26.097639377616023,108.59786686037171,292.5645141689068,0.9140875223861823,2.1666667,282.02002,0.34769262233159265,60.00584456160169,0.24504112,5.8826065,0.08374151,101.045395,2.9874194,0.93895054,125.234085,309.286865234375,479.9373588562012,10.0
2015-09-15 01:00:00,-80.52689209203125,183.4198740077319,102.89298191570066,5.777532394554098,0.28065427980018637,75.28924896739294,27.200000000000006,96.52035668462936,41.5054828936873,42.725474063489465,189.13184921147015,275.26960958333336,2.27886205708271,2.85,285.35855,0.32346239451111497,84.19219139455711,0.2248358,5.8798914,-0.035009526,191.36188,6.3286657,2.803,42.161682,273.9424743652344,499.45068359375,10.0
2015-10-15 01:00:00,-99.26576953107701,252.47729115704973,153.21152162597272,13.623725016801076,0.21109455757796416,57.67003446412013,26.4,139.0589195782437,67.3574387310696,47.10020071315612,243.58469184906184,307.4049575672043,6.648847346441167,4.366667,293.62,0.3716400545890874,72.30411610481926,0.16028981,7.2622604,-0.86416173,252.46042,13.207741,5.7643623,34.244843,201.64060974121094,450.00670623779297,10.0
2015-11-15 01:00:00,-78.39385944026816,270.88024583636195,192.48638639609376,13.430217542013889,0.2626924742446308,62.04725440736359,161.199999,190.4277539662706,92.28561297154815,70.73309484341158,291.1939012351082,314.70858197916664,5.885595407723567,2.775,294.43283,0.3083890500793104,77.35965274244991,0.1766983,7.173337,-0.7608223,286.3696,14.1095,5.679799,104.222404,180.6289291381836,489.9157943725586,10.0
2015-12-15 01:00:00,-92.07459046378517,290.33646210451286,198.26187164072766,15.993664334341398,0.2049047054275457,50.5758286371288,58.199999999999996,209.74306421801532,108.19663341901766,61.891399167365876,324.96999662501355,318.5567526814516,9.066138879109815,4.525,295.9306,0.32524544243309944,84.85552648661717,0.15017667,6.213188,-0.75060344,324.31305,16.567421,9.032926,57.46542,195.93266677856445,469.8751411437988,10.0
2016-01-15 01:00:00,-63.7126355191175,295.5964504168701,231.88381489775264,16.165370672379034,0.2401221114301075,62.61014593349651,154.599999,172.46465695596103,103.7186470284693,41.805875011522524,260.0275350429005,339.7050444892473,6.935470967264863,4.0249996,294.68445,0.3571816427823529,64.48747427435346,0.1744859,4.2162285,-0.542547,255.86919,17.318226,7.284172,106.67197,268.35979080200195,470.0004005432129,10.0
2016-02-15 01:00:00,-104.49691758993919,314.5058575953933,210.00894000545418,17.1987141595977,0.22347063525287358,55.06449123945434,26.8,187.56325302464666,111.68852044204586,43.393973598792925,309.00880778686206,317.83334046939655,8.910739415168862,5.366667,296.15604,0.4097734538260527,88.50488879829697,0.15636101,5.5951805,-0.98993546,303.66376,17.410862,8.126076,16.154158,180.2915439605713,360.9204730987549,10.0
2016-03-15 01:00:00,-83.27977126098094,300.1843819181311,216.90461065715022,15.915031231411291,0.20873400659139785,59.277323100833584,74.8,123.36591035308764,84.88219926951385,26.807626603577646,221.61843886663982,326.0177731071237,7.431923734259633,5.0499997,293.81372,0.403061017401551,88.39932314701723,0.1671633,3.894535,-0.7233469,211.69353,16.769192,7.39863,67.97649,190.80261039733887,386.7352771759033,10.0
2016-04-15 01:00:00,-87.90811971031528,249.3354480296718,161.42732831935655,12.193836071069445,0.21681920151881393,63.85711425228222,50.199999,66.65117738638271,53.939314965864725,14.180909636666515,164.00296020643333,300.14224931486115,5.163254451195257,6.2999997,288.98822,0.45328206472617094,89.67374665186168,0.15405169,3.901393,-0.52997774,153.66127,11.936833,4.610409,36.043343,120.17398643493652,388.5337772369385,10.0
2016-05-15 01:00:00,-29.65846758884914,184.91758088580997,155.25911329696083,6.543358247471773,0.2951526893870968,82.69175380091605,189.60000000000002,40.3241699317351,35.246462570806244,21.044310042176665,101.99924310810081,300.79162508965055,1.6835638252892495,4.366667,283.215,0.45359660745598324,65.07716107596356,0.2280102,2.728067,-0.40194806,93.11156,7.3369355,1.87574,104.21988,208.23970794677734,388.53125190734863,10.0
2016-06-15 01:00:00,8.142743886994502,109.81756834672186,117.96031223371638,3.7800109137791664,0.3195633076666667,86.10689487436429,275.79999999999995,21.33855677763958,30.65869247999712,6.617017437473731,63.86302554806111,300.8905831597222,1.1134239238749293,4.325,279.97,0.4351781184552429,48.536705618081605,0.24172017,2.5753412,0.73152477,52.982254,4.244666,1.0107541,171.18378,311.4469985961914,502.2496089935303,10.0
2016-07-15 01:00:00,-38.267905505383766,134.40336020738295,96.13545470199918,3.0184684493830645,0.33070510874193554,90.85318226240513,189.6,37.919486339426975,25.03842000081405,9.635347937753155,69.89999522810484,309.1301076948925,0.6944710413692043,3.5,280.776,0.48185179258907507,33.5083103120937,0.24390927,3.9084265,0.6572824,61.92129,3.7175806,0.7659769,134.35263,409.75628662109375,529.9302730560303,10.0
2016-08-15 01:00:00,-79.1050222195171,169.65604127565888,90.55101905614175,3.4948387961223117,0.322748455516129,81.24916032522,117.80000000000001,51.386647626947266,35.80268113739654,18.95321528916371,120.29494647588842,280.6065299663979,1.4726708921176546,3.5,280.69858,0.4390472359241821,87.30460297986913,0.24552484,4.0411644,1.2574699,122.28195,3.5074193,1.3244529,99.18719,404.72359466552734,612.9633026123047,10.0
2016-09-15 01:00:00,-66.80547362479801,193.65422326816446,126.84874964336646,5.301079556741667,0.3257254604444445,86.13951978842071,311.6,71.02415936794645,46.96215049447031,18.403574935821037,119.56780929589861,309.1472437152778,1.2363657368752592,2.975,283.01,0.41459074526368433,65.22026638058742,0.24544336,3.3156824,2.0548644,117.62732,6.5443335,1.6609411,192.74384,426.28365325927734,737.7306518554688,10.0
2016-10-15 01:00:00,-100.74437074884358,235.1368306716839,134.39245992284032,6.667896680107526,0.3132797055120968,76.09473516195804,122.39999999999998,138.49630032226997,63.90283909853141,48.493002915213374,218.8002500078562,295.52834385080644,2.345426568032334,3.35,287.68,0.3611377661787907,74.1799475856484,0.23866357,7.478547,2.0947115,218.03316,7.0514517,2.4899082,118.46537,410.3963928222656,820.1526794433594,10.0
2016-11-15 01:00:00,-97.81150909110914,261.261105439431,163.44959634832182,12.036725660868054,0.2668445576666667,60.271030116831945,71.60000000000001,193.1199664074034,95.17747018770109,73.27643386167476,302.3290221938528,301.91315784722224,5.616375852594146,5.0333333,293.47626,0.3577373585502272,86.09399871633194,0.17443429,8.086095,1.5810612,305.73303,12.240169,4.703532,63.94785,375.15705490112305,779.8806495666504,10.0
2016-12-15 01:00:00,-74.08905803884771,284.8346970206805,210.7456389818328,15.988335001929643,0.23180501913611423,57.78370130865099,82.599999,190.78982309112067,108.15264709567954,54.428479003067565,291.90702327515754,328.2223270264794,7.741281060408109,4.4,296.05142,0.34828252435936824,76.78422384652892,0.16353433,6.531267,1.0431954,286.56284,16.370161,6.0352907,91.81375,274.2269706726074,700.5106239318848,10.0
2017-01-15 01:00:00,-68.38988408163608,309.3295899549498,240.93970587331376,18.8214038172043,0.23169189180735483,53.557755920492085,51.0,202.96971582028897,123.90680625492435,40.012232704178466,317.23326405281153,333.0231688508065,10.217985743686018,5.55,298.1447,0.3784757466122152,86.78566316760937,0.15924977,6.102621,0.651138,290.88635,18.8921,8.400077,40.212116,195.97371673583984,606.3701095581055,10.0
2017-02-15 01:00:00,-100.17910931650539,291.41748340587895,191.23837408937356,16.584359963566357,0.17168173308931928,54.75787515341753,26.799999999999997,170.21923484584389,111.18939036513815,30.744456493657708,279.72664663068906,323.57524989358643,8.622823821284873,5.075,295.93283,0.41407378566992176,87.67192100841311,0.147742,5.9653378,0.45215306,247.31734,16.8175,7.4850082,24.79402,156.81988716125488,531.9769420623779,10.0
2017-03-15 01:00:00,-75.85033551045044,289.73550142155614,213.88516591110567,15.000942334341397,0.18072459790054476,65.84961108182632,54.99999999999999,116.13756456887769,78.02015055846282,22.72657864242861,215.15373094126917,320.6133446572581,5.872019924393296,5.2,292.37384,0.39917891425505414,86.20710818719265,0.16824116,3.1780376,-0.4110613,191.64053,16.045809,6.2367096,47.118378,112.12451362609863,386.35148429870605,10.0
2017-04-15 01:00:00,-60.13118602873645,228.74414339043847,168.612957361702,9.277503151201019,0.25069419317368985,72.7886126640389,97.6,66.75200012208154,49.83293873157555,18.718854509550678,157.20009790538614,292.6235637141465,3.193983839096958,5.233333,287.03003,0.41009988296538863,86.68716798616312,0.19047756,4.377201,-0.50338334,137.02547,9.502834,2.9482641,99.998764,171.9111614227295,367.88487815856934,10.0
2017-05-15 01:00:00,-56.10540134873796,191.17859306181066,135.0731917130727,6.220822104389786,0.27590871099821696,77.60642620509904,86.80000000000001,33.1899913677453,31.519361465202877,16.94226505250087,110.48953542061156,284.2832732862903,2.129942449337627,6.3999996,282.26154,0.4589420118714847,89.6082613264701,0.200325,2.7691221,0.027689448,104.20773,6.3424196,2.15312,108.8711,255.98824310302734,412.8081302642822,10.0
2017-06-15 01:00:00,-75.2245492053544,167.93839416011718,92.71384495476276,4.527805528421529,0.26919872424463076,73.17563703126754,6.800000000000001,16.452821590131943,26.642657826885962,5.49013558742496,105.65887788609373,263.0174068402778,2.266306036932472,5.3,281.36124,0.438716909905019,84.32810136662243,0.20349114,4.840076,-0.7903169,103.634254,3.3711667,2.3052607,30.311344,239.18120956420898,351.3057231903076,10.0
2017-07-15 01:00:00,-53.076446117083336,142.67203920355456,89.59559308647123,2.3227160131571463,0.2996603057858494,81.82866986092121,92.20000000000002,30.269606460700718,22.512642013718125,12.735431249981476,81.02420389226143,287.94429121639786,1.3128296977644,5.7250004,278.62222,0.42525821716007345,77.7434747872601,0.2289374,3.1657774,-0.2643006,84.613945,2.3064516,1.2566524,106.67997,245.8624153137207,417.7735767364502,10.0
2017-08-15 01:00:00,-68.8509778412986,150.1390121695926,81.28803432829403,2.4001861795477155,0.32138499216577776,78.57420817524626,121.79999999999998,55.31257819312735,26.834805814516965,19.513099746612443,121.66355142010282,278.88693373879926,1.556556411866721,3.85,280.20618,0.4511941284650412,82.13398750725369,0.24237476,4.622473,0.41066608,117.252846,2.4337099,1.5561757,122.736145,259.7274589538574,515.7157020568848,10.0
2017-09-15 01:00:00,-87.93200600918789,180.0881460722154,92.15614006302752,5.546360253687385,0.30464837702240855,67.76584063358658,44.6,88.21133280054792,43.33173470742507,30.96098257945919,163.52037927679572,289.25557306944444,2.9250753573672066,3.6249998,285.982,0.3375452778360515,73.33747172191556,0.21920666,6.6841674,0.16232316,157.12964,6.1478333,3.506548,47.688618,277.10473251342773,516.2859420776367,10.0
2017-10-15 01:00:00,-109.36535343944027,265.5259598673161,156.16060642787585,10.461612361309141,0.2727615602661362,64.74434215418432,63.2,146.15016171290068,75.95283336190244,50.8512909562685,246.30255916264952,297.1088866017025,4.483985621585139,4.266667,289.7624,0.3594399312285095,85.50569699565415,0.17786439,6.33788,-0.3127217,226.35156,10.274516,3.9216862,85.42705,255.85181045532227,501.71422576904297,10.0
2017-11-15 01:00:00,-86.21035632839788,268.6191068612135,182.40875053281556,12.6877947100814,0.28514316868907524,61.405095738604686,146.8,182.06953138967785,95.61019888428046,52.78712527877259,285.35133302408263,308.2464144742248,5.697825665451634,5.2250004,291.88287,0.3430859323208655,87.06551695563846,0.178967,5.4622145,-0.48066553,263.81943,13.270665,5.148902,110.29005,243.40571212768555,503.13317108154297,10.0
2017-12-15 01:00:00,-86.50693205062727,302.27421492673955,215.76728287611223,15.83088446175717,0.25106503846980627,62.09423631143706,149.8,178.89042646501176,109.68924924927855,45.26212572569714,272.41619389489927,331.709895364425,6.880108180912389,3.3249998,296.59778,0.3823128964891344,70.24146517768133,0.18640928,7.1102066,0.45806575,251.89664,16.337578,5.4237356,151.22012,346.93721771240234,624.0419502258301,10.0
2018-01-15 01:00:00,-110.9695245225094,342.468482814876,231.49895829236658,18.51360311592742,0.22080490704032973,53.68505795821374,78.2,199.03491181088708,134.54958011431458,40.07392540616463,303.22774517880646,338.50630137768815,9.991983344232485,4.0,298.51465,0.35183480956497126,84.29826614785233,0.17366044,6.6428814,0.621846,272.37903,18.721773,8.688735,100.94811,362.4582824707031,618.3100929260254,10.0
2018-02-15 01:00:00,-97.82504994192922,289.44615545920374,191.6211055172746,16.28558248204775,0.19234195341129742,52.57039663206712,30.2,172.50399358957907,117.11348942211104,36.637836793329335,280.99103262667876,320.7134629516632,8.866581364307349,5.1499996,293.29,0.3700756381007804,88.1835643362901,0.15791465,3.5864449,0.29487053,252.24869,16.55357,8.354922,32.185497,284.35373306274414,527.7594451904297,10.0
2018-03-15 01:00:00,-131.7911683079863,321.1043136933101,189.31314538532376,14.679867828393819,0.168028361341405,54.14108602091144,17.400000000000002,136.3022676405466,92.41608782139913,37.59774293679675,249.9783858425672,306.1243209453405,7.721268922905767,5.5249996,294.2274,0.394373283822841,88.58564624311805,0.15291207,5.9298096,0.29168835,222.62918,15.147583,7.891115,28.960577,162.0941867828369,509.03140449523926,10.0
2018-04-15 01:00:00,-84.54252658653644,251.46179707283403,166.9192704862976,13.586531694097221,0.20091157146685304,55.5781909638002,32.8,67.42903891189815,62.11680294589949,20.341953003591694,169.81083351100116,301.5080825231481,6.96030526085387,5.266667,291.03366,0.43776346272889666,89.08757655893432,0.15974525,5.053834,0.14824137,154.74536,12.829833,5.5384016,32.23977,93.38584327697754,455.84412574768066,10.0
2018-05-15 01:00:00,-53.779477237359075,185.03077598070192,131.25129874334286,6.584216667878033,0.261653361341405,73.26173972487713,51.8,33.86659893271609,37.409877600672054,11.253279071018923,110.03369509900295,284.61453666849644,2.6082001108300292,5.0,284.396,0.4251667472800315,86.10756809104751,0.19626877,4.825196,-0.016922234,103.34899,6.4208064,2.6274471,71.31233,132.5126781463623,416.86641120910645,10.0
2018-06-15 01:00:00,-37.67185387662805,135.7236390542392,98.05178517761115,3.7673654908085363,0.2957223353557419,78.3150042487334,106.4,19.59487227032913,44.13476551542685,2.3842476030774495,83.36101419575347,280.19227159814244,1.7363280659529663,6.35,279.5277,0.41581307253708943,76.92593833955142,0.23111281,2.8345492,-0.6161506,84.949844,3.5431669,1.5391822,109.897385,213.4494857788086,375.5436725616455,10.0
2018-07-15 01:00:00,-72.22652076945712,143.69990018299202,71.4733794135349,2.5052068409754704,0.2967770747465158,79.79213317981998,56.400000000000006,29.29383194531586,30.552191722526118,8.707756129483075,94.69639831764013,274.6496362768817,1.479136838614976,4.375,277.936,0.42611429513568005,83.3414964027192,0.23716909,2.5976238,-1.4583027,95.54585,2.188387,1.4620538,53.347942,234.55765914916992,327.94350242614746,10.0
2018-08-15 01:00:00,-82.34641200382094,153.25944796242752,70.91303595860659,2.608229826814852,0.31284742829339407,78.65550789497597,129.00000000000003,48.74047042461223,36.639768782324005,24.12591877684668,107.07413780442064,284.11119383064516,1.5738711823183935,3.975,279.4675,0.3962503091931479,74.51757905028512,0.24296366,3.8663762,-1.3569585,105.174736,2.4511287,1.5239673,98.11291,261.3582344055176,393.8709125518799,10.0
2018-09-15 01:00:00,-135.9544627057363,228.12601886956327,92.17155616382698,6.10582157109757,0.2787923868818403,65.1294540448654,49.8,101.57364407319965,55.427382523397796,56.00383011245626,198.53350963343368,271.78107690972223,3.2902416356815176,3.625,284.8741,0.3314741742115841,87.56667164347394,0.21734187,5.5536213,-1.1075532,189.30553,6.1705,3.4064965,42.155598,193.61644744873047,407.06593322753906,10.0
2018-10-15 01:00:00,-134.17098859268694,280.02483100299344,145.85384241030653,10.914936774914583,0.24898758169667953,61.29653583899046,44.8,159.37966214515657,77.93656606180554,62.712027687515054,268.60753194028285,287.4834483422033,5.075180970423409,4.1666665,290.12936,0.3628630538572341,85.89636367271473,0.1766933,6.3332405,-0.9236259,247.87187,10.64613,4.8283987,50.9543,191.22280502319336,425.7804641723633,10.0
2018-11-15 01:00:00,-91.30483216269538,261.170259141619,169.86542697892364,11.350114381278923,0.2632914933572563,69.85133395613403,172.0,144.40092242671247,86.16227108053327,59.908109053993385,229.35495677545165,311.38044247399074,4.070663950199549,3.4333334,288.36996,0.34424488366625466,74.57904089934168,0.1961361,2.9721375,-0.62252414,217.86269,12.247833,4.620862,125.66206,218.7719612121582,480.1301956176758,10.0
2018-12-15 01:00:00,-141.21546237861816,346.35974849389015,205.144286115272,17.47810306978068,0.24599284329881507,53.2639704910371,83.80000000000001,206.22923570523102,123.88319591755385,50.85967861309442,312.69416296762296,328.15494478870664,9.43586690658298,5.2666664,295.9643,0.35851344121293444,82.3844770872209,0.17202613,5.3349476,-0.73773706,287.6381,17.479353,8.365498,79.31375,255.93011474609375,449.5465621948242,10.0
2019-01-15 01:00:00,-96.92008419884415,342.0129218268954,245.09283762805126,21.60344266430189,0.21194807809436816,50.355784190192075,46.399999,199.27287337344322,154.46913176268168,12.686662769906903,302.2736420441173,352.8664654643819,13.017698275854567,4.5249996,299.9533,0.3823366210511246,83.88506423516314,0.16014381,4.725733,-0.7061105,279.17407,22.077581,11.902694,58.84492,263.8207359313965,455.04354095458984,10.0
2019-02-15 01:00:00,-101.75257256671311,279.4466932330524,177.69412066633924,16.80246963702877,0.1762253668790638,53.862206243719235,31.000000000000004,175.4623846499132,118.3104684171449,36.26194536795297,286.67269590493925,319.5764260887897,8.918346151737566,4.925,295.03882,0.3601292038397526,88.44858004770975,0.15843011,5.134718,-0.8461175,257.16766,16.754107,8.178467,28.746271,166.90494346618652,385.6769046783447,10.0
2019-03-15 01:00:00,-83.73144437518144,268.68452697933117,184.95308260414976,14.09462094610215,0.17472710615118928,66.52160198373774,120.6,106.26059656189693,80.47675038352,24.42800391211847,189.23036541898733,324.582797780018,5.424262158647179,5.725,292.7554,0.42079170159983126,84.88472462622143,0.17716545,4.8463764,-0.1711581,172.23343,14.759031,5.371006,119.78349,207.3746852874756,463.30480003356934,10.0
2019-04-15 01:00:00,-102.91577804590479,260.9560313654948,158.04025331959002,11.767230499606482,0.20610580948957585,65.63695281814566,17.400000000000002,74.54371266270833,62.914669767166615,21.29736231461616,173.2604024340868,295.74873138888887,4.77112665309488,6.0,287.62125,0.39830061914871917,87.36809946391438,0.17077853,3.2430859,-0.121938996,155.28934,11.228167,3.6696262,27.487621,176.0173854827881,439.83812141418457,10.0
2019-05-15 01:00:00,-51.212723230038634,178.3455764135701,127.13285318353147,6.683163115366935,0.250808287845878,75.27548131508462,133.60000000000002,36.54371280601143,39.480962480546864,8.921875350974757,105.96671558469328,291.2219730577957,2.4283752789495776,5.275,284.77078,0.4367377798819245,88.12780040794372,0.21405973,5.1143374,-0.0049163727,99.678925,6.506451,2.134962,125.07467,272.3457832336426,439.2507266998291,10.0
2019-06-15 01:00:00,-56.78738024547924,139.27391919094094,82.4865389454617,4.474045097168634,0.26006803246250115,78.20594594542888,62.400000000000006,19.888807106363426,24.232316921524514,5.799238174438809,99.46030784118426,269.72323750462965,1.834353160779357,5.175,280.29413,0.42508373414520173,76.39489160578808,0.23387688,3.5699682,-0.15924469,97.195206,3.5741663,1.6551938,69.01092,221.5732078552246,428.9478931427002,10.0
2019-07-15 01:00:00,-66.51579620842097,141.4505381057581,74.93474189733715,3.644140018007043,0.2659147860725877,81.54370463527664,118.20000000000002,33.71611087488911,32.69303404853525,16.139323122030042,89.89807344916734,288.1627630712366,1.4649626554939834,4.05,281.89,0.39618828925736227,58.39046303717085,0.23050842,5.3303432,-0.081969194,91.63305,3.4096773,1.4236679,69.38545,263.4710388183594,439.48842430114746,10.0
2019-08-15 01:00:00,-105.85281694801026,163.24578471069077,57.39296776268053,3.161886177051747,0.2662198935994695,75.05939545075738,50.2,63.21029050463855,46.88600122935409,37.80318114215955,143.18659777059554,269.3906568391577,1.9130323870424013,4.975,280.2644,0.4333170071956597,87.1784248151918,0.23699734,4.608765,-0.10102768,131.89964,2.5056453,1.8033919,73.2583,211.65467071533203,484.0004539489746,10.0
2019-09-15 01:00:00,-115.13820940537914,209.9354228927876,94.79721348740844,6.456922591524041,0.29333761313351964,65.90708014644231,59.00000000000001,96.69498350882176,64.05114161176644,36.07924847020285,187.41627065212762,278.32336746693124,3.2963616409619636,4.65,284.95642,0.3790621133607798,75.9930733059506,0.2244053,5.424261,-0.9058159,173.9506,6.382166,3.3050213,61.54821,204.19196319580078,425.7651710510254,10.0
2019-10-15 01:00:00,-143.0176569184996,276.696017647491,133.67836072899144,10.991372227621639,0.2621745306962437,54.57738004794299,42.6,144.6557991947581,78.32780936776251,53.95034226404968,249.6216537005241,291.83447770833334,5.98696262007515,3.8999999,292.02713,0.34259730875241007,76.97294979885226,0.16928586,8.857299,-0.80879617,228.76714,10.019837,4.8113933,45.170414,179.97692489624023,443.4479637145996,10.0
2019-11-15 01:00:00,-141.86971120336807,298.9861808727225,157.11646966935447,12.298994388340278,0.24566400202240857,50.356552249796295,63.2,181.9834032634722,99.3940768451492,61.59654010717847,285.74045971585764,304.0095040625,7.141780740442005,4.85,294.21597,0.32680934137957557,83.99335942249488,0.16375133,8.68598,-1.386624,266.41977,12.379999,6.4843154,61.661293,168.3799171447754,380.0345878601074,10.0
2019-12-15 01:00:00,-170.02495347831325,336.7029743369252,166.67802085861203,17.700942555439816,0.17775150202240858,41.86601068795004,14.0,208.8173307619236,114.5104712745671,56.51468938554669,332.16780849742247,318.53500797453705,11.906259053985252,4.175,299.69528,0.389193891228119,87.4432205359666,0.1444389,8.863674,-1.5554373,305.04025,17.681614,11.144684,23.500805,130.33251190185547,334.52447509765625,10.0
