time,NEE_SOLO_EC,GPP_SOLO_EC,ER_SOLO_EC,ET_EC,Ta_EC,Sws_EC,RH_EC,Precip_EC,Fn_EC,Fe_EC,Fh_EC,Fsd_EC,Fld_EC,CO2_EC,VPD_EC,kNDVI_RS,kNDVI_anom_RS,LST_RS,trees_RS,grass_RS,bare_RS,C4_grass_RS,LST-Tair_RS,TWI_RS,NDWI_RS,rain_RS,rain_anom_RS,rain_cml3_anom_RS,rain_cml6_anom_RS,rain_cml12_anom_RS,srad_RS,srad_anom_RS,vpd_RS,tavg_RS,tavg_anom_RS,SOC_RS,VegH_RS,x_coord,y_coord
2013-04-15,0.7815476266098909,86.81199096061108,87.59353858722096,59.212746464101045,8.611649708041316,0.18617807578955134,79.83464459419378,90.80000000000001,24.214720691108838,56.05107821154256,-12.774556561302624,66.38948427518511,338.84343851012034,519.1331013469852,2.261831611873773,0.6492828,1.0863005,9.814697,0.75254625,0.2255133,0.021940487,0.11243261,-1.5684633,8.897723,0.043149617,104.189835,0.94270563,0.9357724,0.85750467,0.90423673,8.7726555,0.96546316,4.568524,11.383161,0.9626035,7.237157,25.660976,146.65452,-43.09502
2013-05-15,3.536500505888304,51.82680754049727,55.36330804638557,30.077043353179896,6.486141688851109,0.23485924529247992,86.93732785059203,61.00000000000001,2.9005412009545535,27.552655903286368,-12.709588307657746,38.73186416567368,336.62977074472496,522.0221348001835,1.2655629743413073,0.622673,1.0802569,5.5590515,0.75254625,0.2255133,0.021940487,0.11243261,-3.906107,8.897723,0.046141233,94.89204,0.60585976,0.839186,0.8031729,0.8397518,6.2114944,1.0964115,3.2737172,9.465158,0.9951938,7.237157,25.660976,146.65452,-43.09502
2013-06-15,27.69069054921034,33.18392978056126,60.8746203297716,27.046294263161606,5.784783671339127,0.24895029540942168,87.07931442095904,58.400000000000006,-0.7988677902043678,25.602155711455755,-24.15483812075482,26.92531617724097,332.2399069949049,523.0421725237865,1.192167811054009,0.6131458,1.1173849,3.4987793,0.75254625,0.2255133,0.021940487,0.11243261,-4.271378,8.897723,0.05453126,107.41503,0.72691774,0.7387004,0.7837633,0.83310586,4.4201045,0.9866635,1.964014,7.7701573,1.02659,7.237157,25.660976,146.65452,-43.09502
2013-07-15,34.83238153259114,51.694775612135615,86.52715714472674,41.35568486622372,6.159132220035746,0.2791904613766815,84.03288240895048,141.0,0.6595433089583164,37.88467308384353,-24.22450404418739,29.222483278946235,331.3608822378305,520.3421516503155,1.5121922907446634,0.6327607,1.127442,4.147003,0.75254625,0.2255133,0.021940487,0.11243261,-3.9737453,8.897723,0.052392744,211.5351,1.1836214,0.8740875,0.89032096,0.9006616,5.121092,0.9947322,2.4106467,8.1207485,1.1433684,7.237157,25.660976,146.65452,-43.09502
2013-08-15,-8.632326118281377,79.59000644405367,70.95768032577229,57.575391397766296,5.107861561208269,0.29592783398295375,83.90392384119238,227.40000000000003,17.6411956740134,52.7430482129478,-25.333972721092596,49.2942475295248,329.11362625514795,516.4044300463213,1.4164758336172412,0.59291375,1.0094796,6.77652,0.75254625,0.2255133,0.021940487,0.11243261,-0.9826064,8.897723,0.05217189,301.50223,1.4553367,1.1744579,1.039029,0.9847238,7.196478,0.9410542,2.863083,7.759126,0.98369604,7.237157,25.660976,146.65452,-43.09502
2013-09-15,-8.152417928596352,145.08837398611212,136.93595605751577,68.15193410165296,7.742588816929039,0.28157812736261206,76.61651110604332,146.4,35.096373990276014,64.51295737338567,-7.426508351132626,81.56742912658348,331.07703370205434,516.4294595410496,2.4710113145372428,0.6332014,1.081178,6.817505,0.75254625,0.2255133,0.021940487,0.11243261,-3.6005087,8.897723,0.05881605,168.18843,0.90215045,1.1902899,1.0078143,0.9403649,11.007247,0.99379516,4.870118,10.418014,1.1000593,7.237157,25.660976,146.65452,-43.09502
2013-10-15,-56.72707005557824,203.98384848371768,147.25677842813946,92.31339813885413,7.764856438118129,0.2904777932011736,72.44777878201147,226.8,67.0726210470145,84.56546956148912,5.044548760597071,114.69796134746574,332.67951578309453,517.5639164948723,2.9159990946913825,0.59412336,1.045741,12.801941,0.75254625,0.2255133,0.021940487,0.11243261,2.1579762,8.897723,0.047177184,256.80432,1.8189777,1.3584899,1.1310204,1.0377611,14.318497,0.92732817,5.10102,10.643965,0.9555551,7.237157,25.660976,146.65452,-43.09502
2013-11-15,-31.082063085881366,216.13715336145415,185.05509027557278,70.74839349716319,9.326599495138888,0.25502038578509206,73.847314630919,52.60000000000001,98.42138860261123,66.97077865919738,32.29885922235192,153.06366292634237,339.9852120016478,519.5213974469942,3.07998954670705,0.5897437,1.048707,17.935028,0.75254625,0.2255133,0.021940487,0.11243261,5.771948,8.897723,0.04594161,105.16073,1.0465201,1.2383949,1.2030773,1.0551345,18.5163,0.9562586,5.4381156,12.16308,0.9140241,7.237157,25.660976,146.65452,-43.09502
2013-12-15,-46.17882352869856,301.8936734684863,255.7148499397878,99.76962012476085,11.579194951849628,0.21029379095389364,70.87335531981171,105.1382797925935,123.99246467186262,91.3958855802394,40.11612043674326,185.28423611419163,343.7343905211494,538.8079141294555,3.9935119292541756,0.57368517,1.0080366,17.854736,0.75254625,0.2255133,0.021940487,0.11243261,3.4231339,8.897723,0.033020474,125.98776,1.1335936,1.3830594,1.2638046,1.0654782,20.164701,0.9856826,7.2498403,14.4316025,0.97512066,7.237157,25.660976,146.65452,-43.09502
2014-01-15,-13.268717562799324,303.5326065890205,290.26388902622114,101.99492315535883,13.348712733198926,0.21701085248936158,77.84691484286293,66.20000000000002,119.82591297453966,93.43441735886667,48.593875835697865,197.93634087128362,343.212030112825,525.2768221177946,3.416968762352867,0.5811173,1.0185999,18.29956,0.75254625,0.2255133,0.021940487,0.11243261,1.9855938,8.897723,0.03267728,88.902405,1.0611395,1.0905526,1.2635521,1.0861688,22.940115,1.0908751,10.335456,16.313967,0.99800533,7.237157,25.660976,146.65452,-43.09502
2014-02-15,14.195029582217824,248.98456326198203,263.1795928441999,70.22667935925455,13.432596921130953,0.21030065240852855,83.57741749789152,49.6,88.0626150594405,71.2252730141646,27.893031788933573,153.53031601666694,349.0292866908427,522.5355301659629,2.5471643114017426,0.59319586,1.0279655,17.284302,0.75254625,0.2255133,0.021940487,0.11243261,0.7583065,8.897723,0.03881721,79.12418,1.1318947,1.1162115,1.1918533,1.1060005,17.311062,0.9801357,7.9719524,16.525995,1.0376201,7.237157,25.660976,146.65452,-43.09502
2014-03-15,43.65601592989596,203.64122116881612,247.29723709871206,56.35762988240256,12.243430315860213,0.1926137811075973,87.8105191353696,51.4,43.377580143127176,51.62749427996675,15.34558532338082,100.00316562697043,346.5717561626154,523.2705683092139,1.7471159538232193,0.59139293,1.0082592,16.643616,0.75254625,0.2255133,0.021940487,0.11243261,1.6166897,8.897723,0.04381963,67.70928,0.7435846,0.9632006,1.2135595,1.0856456,13.936254,1.0354711,6.2533917,15.026926,1.0401232,7.237157,25.660976,146.65452,-43.09502
2014-04-15,44.33039431876111,126.53318877016501,170.86358308892613,39.1680683446851,8.717912846458333,0.20914945535682317,96.93777820530704,99.8,14.567222920273247,37.076686917638646,-1.5842872204648648,57.65645908018654,336.72097534699634,518.6524509221512,0.3459757088274261,0.58502203,0.9787872,9.109497,0.75254625,0.2255133,0.021940487,0.11243261,-2.7072248,8.897723,0.03259833,115.68385,1.0467031,0.9669706,1.023263,1.0921319,9.075682,0.9988123,4.1609526,11.816722,0.9992671,7.237157,25.660976,146.65452,-43.09502
2014-05-15,61.97996376664561,84.9765225843086,146.9564863509542,36.448505249019746,7.603137324033525,0.23916862882496762,97.3354814358572,104.00000000000001,-0.6826463401672989,33.389356510974785,-15.373030258371337,32.55173569452357,335.9737434467948,520.2503776961695,0.2788785050178806,0.524417,0.9097955,8.061218,0.75254625,0.2255133,0.021940487,0.11243261,-1.8059568,8.897723,0.041324195,149.01146,0.95139754,0.92797613,0.9933334,1.1197321,5.574303,0.9839387,2.8956528,9.867175,1.037463,7.237157,25.660976,146.65452,-43.09502
2014-06-15,51.161817943399114,54.95150864096483,106.11332658436393,15.333914009124566,6.038822090961922,0.271012173120918,103.86496783512317,61.8,0.8545456976480348,14.515158724069458,-6.03980060339312,29.805949398342186,327.9735792568578,520.2194606218129,-0.36298512548643275,0.55136716,1.0048007,3.9997559,0.75254625,0.2255133,0.021940487,0.11243261,-4.145542,8.897723,0.047271807,95.4514,0.6459554,0.86800396,0.90332335,1.1161007,4.567413,1.019546,2.1140954,8.145298,1.0761534,7.237157,25.660976,146.65452,-43.09502
2014-07-15,59.9012664786,61.6207535514,121.52202003,20.935123092598634,7.2181928225806455,0.30258649509408597,91.69177530740095,193.8,21.62422245671035,19.178023454301076,-11.162832728494626,47.54248582469489,330.58233077956993,517.9032900639766,0.8467874941213274,0.5196999,0.92599213,4.705017,0.75254625,0.2255133,0.021940487,0.11243261,-3.156651,8.897723,0.0450334,244.08372,1.3657438,1.0318727,1.0011953,1.1400214,5.33907,1.0370728,1.9972475,7.861668,1.1068909,7.237157,25.660976,146.65452,-43.09502
2014-08-15,9.819853277400002,114.02906341859999,123.848916696,29.637658053472446,7.591421565188171,0.33149967036290323,87.11008744054399,67.8,54.9380183312285,27.15014852150538,-9.079995228494623,94.816741494498,323.23901545698925,515.197406271537,1.348018374036281,0.5968478,1.0161777,7.5765076,0.75254625,0.2255133,0.021940487,0.11243261,-0.8462963,8.897723,0.030271534,123.21327,0.5947445,0.87593913,0.89700365,1.0285802,8.428271,1.1021309,3.1857219,8.422804,1.0678366,7.237157,25.660976,146.65452,-43.09502
2014-09-15,4.2945345989999995,154.981701081,159.27623568,42.97200604010434,9.28915082201389,0.3076637152604167,81.28784845077537,116.00000000000001,78.56352777039722,40.677513125000004,-5.166243402777778,129.00994773347915,324.01412055555556,514.9878817009818,2.198113029529012,0.5836616,0.9965898,9.279388,0.75254625,0.2255133,0.021940487,0.11243261,-1.2243309,8.897723,0.03347751,102.850296,0.5516815,0.82147735,0.84718335,0.9903652,11.919524,1.0761606,5.3830256,10.503719,1.109109,7.237157,25.660976,146.65452,-43.09502
2014-10-15,-0.5245823880000007,201.04789505219998,200.5233126642,51.901965528203455,10.299802775201613,0.300212688279631,78.73701238704678,93.20000000000002,116.37746831660215,47.545796975806454,11.800753225806453,167.84122544490793,332.3894860887097,515.3365434224903,2.674940453086025,0.58311915,1.026372,12.675842,0.75254625,0.2255133,0.021940487,0.11243261,1.533761,8.897723,0.02937386,142.76317,1.0112097,0.68967766,0.8503684,0.91758245,15.507648,1.0043428,5.1125493,11.142081,1.0002732,7.237157,25.660976,146.65452,-43.09502
2014-11-15,-21.832227894600003,246.43242160019997,224.60019370560002,63.70499219921747,11.32073121875,0.2805221343881182,76.10166858042975,76.2,153.60862513478958,60.30346020833333,29.214308194444442,210.70516249870136,336.3076557638889,517.0619575913763,3.220392130268751,0.5536859,0.98458755,16.24585,0.75254625,0.2255133,0.021940487,0.11243261,3.5626945,8.897723,0.0217166,105.52659,1.050161,0.8202343,0.85100454,0.9170921,18.479317,0.9543486,6.5879326,12.683155,0.9531064,7.237157,25.660976,146.65452,-43.09502
2014-12-15,13.451801666866615,275.75066772313335,289.20246939,74.6069131687238,13.253708745295699,0.23916311129256276,77.8550360475041,77.4,166.39509888019506,68.3451023561756,43.142704503934326,224.78840129136017,347.2411910618279,525.7757702829384,3.394314226801916,0.58052856,1.0200613,17.799377,0.75254625,0.2255133,0.021940487,0.11243261,2.955429,8.897723,0.034968466,98.36684,0.8850702,0.98256767,0.88291085,0.892654,19.455038,0.9509931,6.714568,14.843948,1.0029823,7.237157,25.660976,146.65452,-43.09502
2015-01-15,39.88398003995924,270.1639612014005,310.0479412413598,78.66233182925734,14.087326947888927,0.22697494836021506,73.29193203141186,137.79999999999998,159.72810381836496,72.06014686987223,44.22247660919283,221.68746985219016,347.55744508548446,518.5417618743003,4.325238405179151,0.59794784,1.0481011,19.067474,0.75254625,0.2255133,0.021940487,0.11243261,3.4998484,8.897723,0.028317308,189.82118,2.2657065,1.3415569,0.9206578,0.9589341,18.811476,0.89454526,7.9308214,15.567626,0.952348,7.237157,25.660976,146.65452,-43.09502
2015-02-15,-10.208741641200001,309.5170596396,299.3083179984,79.28665889305509,15.159513564158157,0.2038483078980655,71.21342729791128,39.44589732097156,151.08995150435217,80.41408162202382,43.47216041666667,219.7839271303571,346.36399228139805,517.3070599694169,5.001288584747272,0.59918827,1.0383499,14.484314,0.75254625,0.2255133,0.021940487,0.11243261,-2.1703815,8.897723,0.032028258,22.972237,0.3286246,1.1813052,0.95777184,0.9236339,18.948471,1.0728443,8.795309,16.654696,1.0457008,7.237157,25.660976,146.65452,-43.09502
2015-03-15,-18.3511937682,259.73928854279995,241.3880947746,63.209012088359955,11.231396771650193,0.19892389835013444,75.50343700400622,188.33290402993276,77.55901332890292,57.90383514784947,10.171767204301077,124.19650484655841,337.60330207229185,517.4168990797313,3.2812763375828675,0.58819383,1.0028051,10.01001,0.75254625,0.2255133,0.021940487,0.11243261,-2.6135273,8.897723,0.04755435,138.142,1.5170779,1.4338981,1.1697978,0.969225,11.990523,0.8909023,5.0356655,12.623537,0.87376714,7.237157,25.660976,146.65452,-43.09502
2015-04-15,4.5834851106,193.4195989518,198.0030840624,48.00030273883273,9.919257684551761,0.20078328982291666,79.8000576329655,73.86834515073114,56.73748357264616,45.437323611111104,-4.615709375,97.09120230407379,336.4092594233581,517.2110645296847,2.4766117591538683,0.6390592,1.0691955,9.91095,0.75254625,0.2255133,0.021940487,0.11243261,-1.0785208,8.897723,0.038427748,58.018288,0.5249472,0.8071646,1.0764469,0.9319575,9.142666,1.0061842,4.229566,10.9894705,0.9293116,7.237157,25.660976,146.65452,-43.09502
2015-05-15,26.1372147966,129.6186355116,155.7558503082,39.72302731496576,8.498663946041498,0.24152882275714677,80.61768492358242,280.4,26.2818484651454,36.389045631720435,-20.083347782258063,55.71321705545142,333.48068826348003,517.6542662557385,2.1572639152930786,0.58381516,1.0128437,6.042572,0.75254625,0.2255133,0.021940487,0.11243261,-2.638855,8.897723,0.05212917,257.91635,1.6467255,1.2676487,1.2134616,0.9950326,5.510938,0.97275394,2.6616335,8.681427,0.91279,7.237157,25.660976,146.65452,-43.09502
2015-06-15,37.2211741386,74.02972551119998,111.25089964979999,28.097893772416043,7.225878461993369,0.30300629325532497,83.28378493150694,163.8,16.71661991361087,26.597605,-15.60448576388889,44.14440725481761,328.3616217004004,517.2430405099354,1.704647818419908,0.59800035,1.089784,5.4023438,0.75254625,0.2255133,0.021940487,0.11243261,-1.8595829,8.897723,0.048304494,153.59834,1.0394576,1.1316401,1.2437823,1.035296,4.4635015,0.9963507,1.9279493,7.2619267,0.9594428,7.237157,25.660976,146.65452,-43.09502
2015-07-15,7.678914647399999,72.17402125859999,79.852935906,23.88122900228236,5.5542627632549415,0.2990314823636027,83.71166313529304,156.0,23.834430263051814,21.87686061827957,-12.928667876344088,54.93790906868557,317.11074273417324,516.9204424652202,1.4788949493365313,0.51914996,0.9250123,3.8443909,0.75254625,0.2255133,0.021940487,0.11243261,-2.488411,8.897723,0.05240711,110.25378,0.61691296,1.1020417,0.9876477,0.95346415,5.219434,1.0138344,2.1808572,6.332802,0.89163274,7.237157,25.660976,146.65452,-43.09502
2015-08-15,-21.15185027019621,92.43509747536498,71.28324720516878,23.914512133061905,5.515978273910455,0.3568859999159946,83.09037551523413,263.8,46.99765955225284,21.907350272431557,-8.664837229701781,78.53205571931359,320.3459581694347,515.9999340871938,1.531201450560093,0.6163552,1.0493904,5.4031982,0.75254625,0.2255133,0.021940487,0.11243261,-0.8003082,8.897723,0.0563167,233.35316,1.1263844,0.9411627,1.073131,1.0249351,7.7149363,1.0088509,2.4743764,6.2035065,0.7864758,7.237157,25.660976,146.65452,-43.09502
2015-09-15,-22.72008371495803,150.48058489644194,127.7605011814839,34.356116675363154,9.01190990253768,0.30885903963541667,78.40213636946393,64.2,82.83898318067578,32.521669704734194,1.2768395356216242,128.34431208676375,328.07090803289753,516.2453697867007,2.4896316815704402,0.62216204,1.0623285,9.179413,0.75254625,0.2255133,0.021940487,0.11243261,-0.67802715,8.897723,0.027494041,73.15137,0.3923786,0.72819203,0.90431964,1.0094211,11.843215,1.069271,4.3797197,9.85744,1.0408671,7.237157,25.660976,146.65452,-43.09502
2015-10-15,-33.69543364144799,185.86912690595364,152.17369326450566,58.90998530599346,11.603422208419932,0.25385702056451614,66.92243295201062,55.010717106680204,136.02071831363534,53.96562871370428,29.177806114657898,206.66391304699,324.0066258179113,514.7502237094185,4.542580080313898,0.60014147,1.0563337,13.318787,0.75254625,0.2255133,0.021940487,0.11243261,0.9667158,8.897723,0.02451867,51.366867,0.36383808,0.669192,0.8724531,0.95106626,17.685286,1.1453761,7.444233,12.352071,1.1088992,7.237157,25.660976,146.65452,-43.09502
2015-11-15,-10.536081523572259,188.0579494856167,177.52186796204444,62.63329008129515,12.16291787992031,0.21010920171875003,69.71112227235814,86.4,150.08741299398,59.288981691151925,38.38148883212327,210.479922839551,337.8462465183992,531.7839151162783,4.318058399576184,0.5956014,1.0591234,15.585571,0.75254625,0.2255133,0.021940487,0.11243261,1.9679909,8.897723,0.032509122,94.264626,0.9380862,0.5110588,0.7486396,0.94314563,19.523006,1.008249,7.5632463,13.61758,1.023326,7.237157,25.660976,146.65452,-43.09502
2015-12-15,14.25088403971209,233.38937754858398,247.64026158829608,63.028734462225565,14.42167564717742,0.20696609479838707,69.2982403554689,76.6,188.98073250159274,57.73868834995395,40.163136273885975,258.2294355500134,346.3010973790322,591.9160999716161,5.0824597223528905,0.59986824,1.0540435,19.669373,0.75254625,0.2255133,0.021940487,0.11243261,3.928235,8.897723,0.03821303,94.30332,0.8485081,0.68007416,0.7098418,0.93339473,22.037493,1.0772276,9.336322,15.7411375,1.0636039,7.237157,25.660976,146.65452,-43.09502
2016-01-15,55.5692449342867,214.4734071091612,270.0426520434479,50.81386129034334,15.719469673079598,0.1766483653158602,67.66883106532251,27.8,179.37906889199255,46.54901809363293,57.40464105875716,247.01190213081884,354.93170401763433,530.5955755427892,5.825923623659621,0.6113883,1.0716599,19.198517,0.75254625,0.2255133,0.021940487,0.11243261,1.9600124,8.897723,0.048273098,46.129284,0.55059934,0.7997156,0.7154405,0.8448105,22.315023,1.0611501,9.850726,17.238504,1.0545639,7.237157,25.660976,146.65452,-43.09502
2016-02-15,31.19375289844589,192.03326345597452,223.22701635442039,38.93111236180293,15.622598641943883,0.167987897108477,70.430400689688,58.800000000000004,140.8469482730605,38.12315504905797,32.86843434962391,199.64709329034994,357.9213110410392,527.0169774331191,5.294817085792574,0.6147625,1.0653389,17.246948,0.75254625,0.2255133,0.021940487,0.11243261,0.20475197,8.897723,0.047207266,64.84873,0.9276802,0.7793409,0.6132516,0.87160003,17.159027,0.97152764,8.801065,17.042196,1.0700308,7.237157,25.660976,146.65452,-43.09502
2016-03-15,43.406908272049904,151.77287331743597,195.17978158948588,28.424669852841816,14.08105805188294,0.16092953899115442,74.36200857440932,41.2,96.19012916015333,26.038967275587172,17.525680913961732,146.7331871778186,352.0341692074049,516.6339022137449,4.150232570560736,0.6327022,1.0786868,13.654663,0.75254625,0.2255133,0.021940487,0.11243261,-1.7152491,8.897723,0.046858057,61.28696,0.6730545,0.70386285,0.6912212,0.8237068,14.009959,1.0409474,6.866713,15.369912,1.0638639,7.237157,25.660976,146.65452,-43.09502
2016-04-15,-14.051198914041075,138.37857878051432,124.32737986647327,19.733628610024,11.963515578106486,0.1610281309998976,76.74352790362451,65.4,52.98221253878249,18.679950292266543,-6.133781041038944,95.78074011885954,341.8741006582483,502.90478044923316,3.2716732079178112,0.62202567,1.0406971,10.891144,0.75254625,0.2255133,0.021940487,0.11243261,-2.061635,8.897723,0.049381677,85.37575,0.7724765,0.7790928,0.7837516,0.84044164,9.294274,1.0228692,5.6373796,12.952779,1.0953364,7.237157,25.660976,146.65452,-43.09502
2016-05-15,-7.1490055841999975,74.8995192558,67.7505136716,16.20295617867623,8.925296497185563,0.15397724117943548,83.54955145528432,279.20000000000005,22.03674259397017,14.84303064516129,-12.441120295698926,50.00542146831017,337.09785965250114,502.40497950167503,1.885108469253836,0.5639695,0.97841406,6.418274,0.75254625,0.2255133,0.021940487,0.11243261,-3.37953,8.897723,0.039561704,383.82877,2.4506419,1.4809765,1.1667395,0.9147782,5.1211176,0.90394545,2.9818854,9.797804,1.030169,7.237157,25.660976,146.65452,-43.09502
2016-06-15,-27.380087661599994,60.1221354228,32.7420477612,11.155975603195305,7.805617568394538,0.21458332861111115,86.17251090004116,223.4,16.190946655665275,10.560301597222221,-21.35352888888889,38.42278425794583,336.06538020833335,502.0000051762709,1.4675460537423695,0.6044544,1.1015458,2.8529968,0.75254625,0.2255133,0.021940487,0.11243261,-5.369665,8.897723,0.061164808,205.52168,1.3908422,1.6261845,1.2839893,0.9508244,4.2259336,0.94332033,1.8367318,8.222662,1.0863748,7.237157,25.660976,146.65452,-43.09502
2016-07-15,-69.49756965107782,78.79945788185556,9.301888230777728,11.147920978985336,7.324133242945456,0.34868438499663984,82.06803605948468,217.2,16.4444363260672,10.212268113066914,-22.529169479461686,43.5705446265457,328.76816834677413,501.69084640806375,1.8410704540948506,0.613192,1.0925748,8.386993,0.75254625,0.2255133,0.021940487,0.11243261,0.8867512,8.897723,0.03858751,319.22406,1.7861832,1.9190254,1.4931148,1.0861439,4.882049,0.9483,2.271859,7.500242,1.0560036,7.237157,25.660976,146.65452,-43.09502
2016-08-15,-127.03910392140038,119.27057909088202,0.0,30.982503337839297,7.220383093029548,0.35020469245631725,80.93114829665517,103.2,44.31068408632595,28.382119993175962,-17.505856819903368,78.8572915135215,324.80870517473113,501.8659120595883,1.9438217502610395,0.5060439,0.86157733,5.534546,0.75254625,0.2255133,0.021940487,0.11243261,-2.3254128,8.897723,0.03304426,138.07782,0.66649497,1.2546625,1.3461659,1.027347,7.747323,1.013086,3.1170187,7.8599586,0.9964795,7.237157,25.660976,146.65452,-43.09502
2016-09-15,-74.48821380932716,131.53495055047003,57.046736741142865,38.11764654876275,9.361251670208334,0.30266598788194443,80.13149653808489,112.8,69.28970197469167,36.082352458350414,-3.951642247889937,111.37138241660416,331.2988402777778,506.26098645790626,2.3454267125842776,0.6060074,1.0347447,7.938446,0.75254625,0.2255133,0.021940487,0.11243261,-2.5367002,8.897723,0.039250858,112.99985,0.606123,0.9964749,1.2703536,1.0561641,11.57321,1.0448934,4.2375026,10.475146,1.106092,7.237157,25.660976,146.65452,-43.09502
2016-10-15,-152.91320374433874,179.7049387328579,26.791734988519163,67.21627247760307,9.297986015506458,0.3725879614634624,72.78514945875003,204.39999999999998,113.14628568303861,61.57476334791178,4.126382637832777,165.37546340279584,325.43122540322577,507.2343053034446,3.198846249076769,0.56910324,1.001702,6.9923706,0.75254625,0.2255133,0.021940487,0.11243261,-3.661601,8.897723,0.04896197,268.67456,1.9030561,0.9718967,1.4166571,1.1945212,14.401375,0.93269575,5.35784,10.653972,0.9564535,7.237157,25.660976,146.65452,-43.09502
2016-11-15,-95.90524633931379,179.20857958278344,83.30333324346967,67.49040090793696,11.449515705423469,0.30463804230902775,71.41340838211876,85.80000000000001,145.18945375559377,63.88674678538354,26.96922651113026,195.80761371565382,342.3090828754703,507.95347598824657,3.8855626589303145,0.56373084,1.0024499,14.810516,0.75254625,0.2255133,0.021940487,0.11243261,2.2083158,8.897723,0.026332844,137.43535,1.3677051,1.2125977,1.2358333,1.2210679,17.689505,0.91355944,6.097649,12.6022005,0.94702286,7.237157,25.660976,146.65452,-43.09502
2016-12-15,-22.226821951154214,172.6616522890995,150.4348303379453,86.93490996958394,13.901843735488397,0.22574797634408603,69.39498062472822,97.4,170.80581353648276,79.63840169555374,34.71012691098542,232.80155897830937,347.3755418570265,508.7126216902536,4.896170308404201,0.5843113,1.026708,16.918,0.75254625,0.2255133,0.021940487,0.11243261,2.0297918,8.897723,0.026150044,127.25593,1.145004,1.5117786,1.1929915,1.23259,19.992245,0.9772526,7.8682446,14.888207,1.0059727,7.237157,25.660976,146.65452,-43.09502
2017-01-15,-21.14290008700736,196.94522037038675,175.8023202833794,93.4724139029753,14.840169658528197,0.2914996161962366,68.73389284192662,70.4,162.10864323412065,85.6272083155392,34.258474083669235,222.01914024620712,353.5930689822978,507.11525900452415,5.319833681611133,0.5954385,1.0437026,16.257263,0.75254625,0.2255133,0.021940487,0.11243261,0.060585022,8.897723,0.030696854,77.04854,0.9196517,1.1644561,1.0401264,1.2554152,19.950891,0.9487281,8.15005,16.196678,0.9908302,7.237157,25.660976,146.65452,-43.09502
2017-02-15,-60.36913077643173,174.66612483177082,114.29699405533908,72.71156167539911,13.148329936011905,0.2798807680059524,70.08507176896381,61.6,142.9792984654018,73.7454893050427,23.004383437673955,208.61420162382439,337.8976377232143,504.881626436038,4.553392520231985,0.5930355,1.0276877,14.585602,0.75254625,0.2255133,0.021940487,0.11243261,-0.15388012,8.897723,0.04411307,72.86386,1.042339,1.0522565,1.1515211,1.2608676,17.308977,0.98001766,8.284506,14.739482,0.92544997,7.237157,25.660976,146.65452,-43.09502
2017-03-15,17.170971423846183,158.6854057591901,175.85637718303627,52.39401440840855,14.860570675521904,0.2706615100134409,75.46914528454961,39.4,116.60331247314663,47.99654784665144,17.823664039379086,177.42432145493254,348.6004562856599,506.99792317725894,4.1794276139459585,0.600326,1.0234891,13.769653,0.75254625,0.2255133,0.021940487,0.11243261,-2.5106907,8.897723,0.039172735,44.219727,0.48562184,0.79321057,1.2199472,1.2512854,14.702133,1.0923764,7.314475,16.280344,1.1268815,7.237157,25.660976,146.65452,-43.09502
2017-04-15,-55.8587048917685,138.13942917919536,82.28072428742686,31.863039798775997,11.110923627749152,0.2670692388888889,81.17820872681749,28.6,58.85234337018274,30.161710821866045,-3.5775174549524973,99.53523907034224,340.56468893336034,506.4243549181062,2.500834742452701,0.60166633,1.0066344,8.262482,0.75254625,0.2255133,0.021940487,0.11243261,-4.0973377,8.897723,0.02988083,53.544777,0.48447108,0.6285018,0.89995867,1.2301865,9.476511,1.0429251,4.964794,12.359819,1.0451934,7.237157,25.660976,146.65452,-43.09502
2017-05-15,-74.43792803780204,94.19145609746491,19.753528059662855,15.63785961831361,8.7860507350632,0.24810211693608997,84.09422705090135,104.2,21.525318566226527,14.325363037445594,-38.571991982629214,52.72142068554913,331.75024417054664,510.7696364390355,1.8054491604567948,0.6352314,1.1020442,7.3487244,0.75254625,0.2255133,0.021940487,0.11243261,-1.7787695,8.897723,0.045769945,115.355095,0.7365108,0.5949674,0.77746594,1.0536938,5.6057067,0.98948187,2.465255,9.127494,0.95969075,7.237157,25.660976,146.65452,-43.09502
2017-06-15,-70.44548367619741,70.31870031135804,0.0,14.11411227515844,7.871233630146303,0.24402872580311877,83.2637518951542,90.4,11.65739106884925,13.36048837898486,-34.64265464533346,44.436091576611055,325.90469503899754,509.596667408735,1.78429191573943,0.6036487,1.1000775,3.5605774,0.75254625,0.2255133,0.021940487,0.11243261,-4.269347,8.897723,0.030208258,108.04217,0.73116183,0.667469,0.71412104,0.9957561,4.6924615,1.0474596,2.356425,7.8299246,1.0344864,7.237157,25.660976,146.65452,-43.09502
2017-07-15,-122.6746355832,69.0864541884,0.0,13.297067634056228,5.420251807678919,0.23977560447228372,89.0037547454147,119.60000000000001,25.217542280638643,12.181035374447564,-14.382980586991556,51.127575666698014,321.30141134735993,508.79045825179634,0.9890890369834207,0.62962055,1.1218469,3.663025,0.75254625,0.2255133,0.021940487,0.11243261,-2.5246634,8.897723,0.037471,160.54997,0.8983398,0.81094563,0.73926926,0.89805216,5.135881,0.9976049,2.0295253,6.1876884,0.87120134,7.237157,25.660976,146.65452,-43.09502
2017-08-15,-142.92371306248614,100.81543950232414,0.0,26.44961370465806,5.94096451488115,0.23520739980483463,85.82144058826307,156.8,53.444380951914646,24.229678982134487,-10.456000506942441,86.4414837805578,320.45154993279573,508.489240628034,1.3225558929664696,0.63025016,1.0730476,4.6687927,0.75254625,0.2255133,0.021940487,0.11243261,-2.3904042,8.897723,0.027854014,214.24223,1.0341369,0.9139599,0.7850983,0.9478543,7.735827,1.0115827,2.6354437,7.059197,0.89495957,7.237157,25.660976,146.65452,-43.09502
2017-09-15,-161.89518293223287,134.9780280711838,0.0,53.244003395110944,6.99708092843023,0.3001084145862774,81.55184549603321,205.4,75.83253544540443,50.40103654716212,-17.313791545875297,109.5816607064437,326.9932123067929,508.6098360458017,1.851748142393423,0.5968821,1.0191635,6.866394,0.75254625,0.2255133,0.021940487,0.11243261,-1.4251385,8.897723,0.03781793,250.67355,1.3445947,1.0928618,0.920764,1.0387515,10.531346,0.9508282,3.6837206,8.2915325,0.8755198,7.237157,25.660976,146.65452,-43.09502
2017-10-15,-64.41903823054074,140.60765528863664,76.18861705809593,98.77474638678876,11.535756702284946,0.26149512316308243,73.81879585688237,68.0,117.89184831331445,90.48451229638027,12.839327882187796,171.234726915625,336.3212696236559,509.22290620146856,3.5792390262437155,0.55890965,0.9837598,14.221863,0.75254625,0.2255133,0.021940487,0.11243261,1.7482605,8.897723,0.010250295,102.197365,0.72387695,1.0604581,0.94329005,0.9325491,15.614598,1.0112693,6.0916877,12.473602,1.1198096,7.237157,25.660976,146.65452,-43.09502
2017-11-15,35.43362252056113,122.93451356534149,158.36813608590265,106.5831019706859,14.769533125,0.18968409233796296,72.31400395361348,79.2,181.93094617810416,100.8920906617573,38.29106749868468,250.0473749990486,346.48618423611117,509.8880894165651,4.688953932858716,0.5755704,1.0235035,20.261292,0.75254625,0.2255133,0.021940487,0.11243261,4.409625,8.897723,0.00526941,86.75398,0.8633431,1.0269276,0.96452653,0.89954364,20.97995,1.0834917,9.236275,15.851666,1.1912118,7.237157,25.660976,146.65452,-43.09502
2017-12-15,-1.8199332519073663,164.97571692814074,163.15578367623337,131.35182958842603,14.210219329701566,0.17884658264194978,70.7376631008144,90.6,165.11152888364606,120.32737794136874,33.901656132175546,223.60059051910883,350.30530447001195,512.0047070655762,4.77734719323173,0.5912054,1.0388218,15.457245,0.75254625,0.2255133,0.021940487,0.11243261,-0.27079582,8.897723,0.030543404,137.85551,1.2403754,0.92630535,1.0293436,0.89939004,20.002398,0.97774893,8.135621,15.728041,1.062719,7.237157,25.660976,146.65452,-43.09502
2018-01-15,55.57106691660065,148.52203097832708,204.09309789492772,128.134348341089,15.791482762768817,15.999295583238617,69.74868697675336,53.599999999999994,179.64513590150537,117.37994216311829,45.23113167538551,250.82952169459676,349.4918657930108,514.5453864785782,5.476734896413616,0.59013927,1.0344139,19.46817,0.75254625,0.2255133,0.021940487,0.11243261,1.9280357,8.897723,0.014451529,53.019978,0.6328467,0.9460044,1.019904,0.8865285,21.854675,1.0392591,10.959735,17.540134,1.073016,7.237157,25.660976,146.65452,-43.09502
2018-02-15,21.447516191665073,115.56828241660611,137.01579860827118,82.29035622424064,13.98762341249695,15.450574329394996,74.91927022210018,101.2507143272812,134.89579923138527,83.46049025785253,23.28838169755301,190.72157256226944,349.5973406681821,511.36132905006326,4.035131280129538,0.59474653,1.0306528,16.341583,0.75254625,0.2255133,0.021940487,0.11243261,0.7367945,8.897723,0.018816954,93.93418,1.3437561,1.0812664,1.047626,0.9001448,17.23362,0.975751,7.304283,15.604789,0.97978014,7.237157,25.660976,146.65452,-43.09502
2018-03-15,31.248647646081228,112.68748765715135,143.93613530323256,84.139509834216,13.378164797640032,15.535288447052766,74.56887291369746,139.35687095976186,98.13445681018203,77.07762146402045,6.404987727652069,146.014772547753,349.78883825504624,512.9598976732332,3.930232752353635,0.60449535,1.0305973,14.246246,0.75254625,0.2255133,0.021940487,0.11243261,-0.23926258,8.897723,0.031143317,118.907005,1.3058388,1.0862906,0.9938499,0.9484117,12.669458,0.9413475,5.9954176,14.485509,1.0026479,7.237157,25.660976,146.65452,-43.09502
2018-04-15,-14.161598521638117,112.12239986525111,97.96080134361299,58.24263463377076,11.35934813969843,16.51718416726026,79.88178136052485,96.60000000000001,52.52194590605856,55.13276556227621,-11.426028194592288,90.20762312792229,343.47664898285245,514.6393152141793,2.718038658828786,0.6518183,1.0905424,9.855225,0.75254625,0.2255133,0.021940487,0.11243261,-2.2239847,8.897723,0.04447657,146.29451,1.323667,1.3228599,1.1184582,1.0065062,8.816415,0.97027904,4.3203964,12.079209,1.021464,7.237157,25.660976,146.65452,-43.09502
2018-05-15,-39.520764892717594,80.7731142402974,41.2523493475798,53.9935672732834,9.329982565188173,18.13021762096774,79.6949677962223,96.4,22.49873000742675,49.46184911205501,-27.38888673312873,57.65464781561157,332.3711659946237,516.0327710915832,2.3918646260627248,0.66984385,1.1620923,8.605621,0.75254625,0.2255133,0.021940487,0.11243261,-1.3059826,8.897723,0.040757403,210.8054,1.345935,1.3288716,1.2064523,1.0606595,5.59935,0.9883598,3.5831015,9.911604,1.0421343,7.237157,25.660976,146.65452,-43.09502
2018-06-15,-95.1390950454,70.396390413,0.0,67.11694032442125,6.257867995516545,21.036739805555555,89.00967202292371,80.0,22.545668861710556,63.533227152777776,-37.43969645833333,49.68339791253611,324.1764793055556,517.1576619798246,1.048030839827819,0.65587837,1.1952598,4.8919983,0.75254625,0.2255133,0.021940487,0.11243261,-2.4574604,8.897723,0.029687671,133.96257,0.9065749,1.1835293,1.1474522,1.0807756,4.6702876,1.0425099,2.0676112,7.3494587,0.97100747,7.237157,25.660976,146.65452,-43.09502
2018-07-15,-84.892178178,70.3569937698,0.0,82.56296613139875,7.257413736313237,29.169833706113284,84.67654335628852,254.39999999999998,21.05654990500071,75.63339818548387,-40.07622909946237,48.67091606353733,327.84971737705433,517.9740118891802,1.5660267046386207,0.6254585,1.114431,5.6163635,0.75254625,0.2255133,0.021940487,0.11243261,-1.857594,8.897723,0.03380584,282.03778,1.5781115,1.3238939,1.3142954,1.1609967,4.992301,0.9697156,2.2197645,7.4739575,1.0523028,7.237157,25.660976,146.65452,-43.09502
2018-08-15,-123.223421484,95.49221859,0.0,84.21479471796545,6.625867231660466,35.39507871639785,82.8682335191456,169.2,40.425202473919754,77.1465876344086,-43.42456740591398,78.13922243952958,317.7102182123656,518.5120076263591,1.6759638627786815,0.5556104,0.945968,5.8773804,0.75254625,0.2255133,0.021940487,0.11243261,-1.6968966,8.897723,0.050562646,214.78955,1.0367788,1.1940259,1.2485658,1.163184,7.6688895,1.0028296,2.9255223,7.574277,0.960261,7.237157,25.660976,146.65452,-43.09502
2018-09-15,-106.52014191420001,115.5390461298,9.018904215600001,107.1354211036844,8.501722333402778,30.29764370138889,74.5519235220972,86.80000000000001,83.90463754068055,101.41491868055556,-33.03316340277778,133.4853044309861,320.86796291666667,518.7612361530702,2.832979879508539,0.63232636,1.0796838,9.944702,0.75254625,0.2255133,0.021940487,0.11243261,0.5695143,8.897723,0.036377743,123.362946,0.66170985,1.083644,1.1338573,1.0859219,11.165163,1.0080527,4.5069594,9.375188,0.9899452,7.237157,25.660976,146.65452,-43.09502
2018-10-15,-85.2983631036,161.1147471372,75.8163840336,100.9594506113466,11.040362368969369,23.578089545040456,73.17905515203377,54.0,130.7497576883472,92.48585275537636,6.686234811827957,191.6375817261475,329.36273935407263,518.7198168319885,3.5468171869079015,0.5977931,1.0522002,12.657349,0.75254625,0.2255133,0.021940487,0.11243261,0.6427574,8.897723,0.018904857,49.79781,0.35272422,0.7254373,1.0064653,1.0524086,16.818724,1.0892538,6.019608,12.014591,1.0786022,7.237157,25.660976,146.65452,-43.09502
2018-11-15,-63.57791665654493,170.6457529956266,107.06783633908168,82.4003115423676,12.31888976736111,20.19272659027778,72.99449690757612,81.80000000000001,142.52957380895626,78.0005418211239,16.05541634669893,193.28328976318613,345.84522125,519.3097530162178,3.890204941977773,0.56285805,1.0008979,12.903931,0.75254625,0.2255133,0.021940487,0.11243261,-0.5690422,8.897723,0.012619182,119.45897,1.188811,0.68353564,0.96552014,1.0724033,18.875574,0.974813,6.4622827,13.472973,1.0124592,7.237157,25.660976,146.65452,-43.09502
2018-12-15,23.376803703220066,170.85997990750695,194.236783610727,98.88136145050012,15.167949217069893,17.39158415546595,69.37679042439578,95.6,193.56617352888776,90.58217908264155,48.67145711842319,269.31726936218416,343.8076889112903,528.9641465500063,5.3233119454129305,0.58956057,1.0359316,19.353973,0.75254625,0.2255133,0.021940487,0.11243261,3.019415,8.897723,0.026476292,85.79303,0.7719355,0.72291625,0.9460766,1.0313382,22.089384,1.0797641,9.812447,16.334558,1.1037004,7.237157,25.660976,146.65452,-43.09502
2019-01-15,71.95059446611731,164.58370099621516,236.5342954623325,95.76952625627794,16.575589702246074,15.422593348155353,61.65722450574621,20.6,170.65047275125335,87.73152240979823,52.466545016129956,248.3483418242699,349.6135531776536,536.709544173595,7.303713788452876,0.5666268,0.99320054,21.727386,0.75254625,0.2255133,0.021940487,0.11243261,3.8611507,8.897723,0.04566474,19.205679,0.22923908,0.7648249,0.7393937,1.0126233,23.455006,1.1153599,12.300052,17.866236,1.0929652,7.237157,25.660976,146.65452,-43.09502
2019-02-15,39.172017047400004,133.65677846879998,172.8287955162,50.282152820345615,14.709945709566817,-3.830132502736403,68.75521473893015,127.07905190102574,110.75856955777358,50.99714375,17.330820163690476,173.144689723555,346.8344286358816,553.2031656243462,5.271064423723637,0.48352298,0.83791035,18.831482,0.75254625,0.2255133,0.021940487,0.11243261,3.0820332,8.897723,-0.0014715467,73.2247,1.0475008,0.6766168,0.68090004,0.9998,16.947216,0.95953506,7.5512743,15.749449,0.9888629,7.237157,25.660976,146.65452,-43.09502
2019-03-15,39.8454393654,133.8110120898,173.6564514552,45.11604989403325,13.756751631596236,-3.140162828047215,74.26481225332634,124.6,71.2814785262553,41.329428024193554,3.4413936827956983,123.0244038541268,348.89408646069836,558.5173413290863,4.077910040999295,0.48848683,0.8328157,14.468414,0.75254625,0.2255133,0.021940487,0.11243261,-0.49032497,8.897723,0.00033865997,104.522835,1.1478716,0.8047373,0.7579676,0.9916622,13.542947,1.0062481,7.479351,14.958739,1.0354036,7.237157,25.660976,146.65452,-43.09502
2019-04-15,51.6375741222,62.58377275919999,114.2213468814,26.46598168405608,11.833926446555406,6.181838258339756,70.97444114914583,176.6,47.512633959674716,25.052828958333333,-0.5819542361111109,94.91504233762059,335.13948083648427,564.205123096517,4.048055633729361,0.49388054,0.8263004,11.544006,0.75254625,0.2255133,0.021940487,0.11243261,-0.43870068,8.897723,-0.014330978,121.58627,1.1001079,1.1025825,0.92002344,0.9752693,9.622157,1.058954,6.089271,11.982707,1.0133034,7.237157,25.660976,146.65452,-43.09502
2019-05-15,16.661472378471075,42.83286670903922,59.49433908751029,21.018068356194586,9.441751585776577,19.25514239356285,80.01773897128784,131.8,22.013309781547655,19.254007063455436,-11.73701050108614,54.40192452231523,335.48311408134066,523.9457834125512,2.371803159227422,0.4487204,0.77847177,8.484924,0.75254625,0.2255133,0.021940487,0.11243261,-1.272007,8.897723,-0.00064451766,144.8364,0.92474085,1.035571,0.87083554,0.92789567,5.6530366,0.99783623,3.3534248,9.756931,1.0258716,7.237157,25.660976,146.65452,-43.09502
2019-06-15,-30.133909152508338,36.64003698652514,6.506127834016798,18.414216888896025,7.800143223699918,27.50495440009465,82.28108866196126,77.0,16.090965184279163,17.430988641433366,-16.08965045454151,48.494886710562504,325.3225930307745,523.5187680052014,1.8798445434171727,0.50075454,0.91256523,6.0176086,0.75254625,0.2255133,0.021940487,0.11243261,-1.7532315,8.897723,0.008314375,90.13695,0.6099905,0.85935855,0.8390932,0.90344304,4.660676,1.0403644,2.5147607,7.77084,1.0266802,7.237157,25.660976,146.65452,-43.09502
2019-07-15,-63.2487801675385,39.07615346637186,0.0,23.236375061658975,7.388227427419355,34.18648562001596,81.98384973028504,224.2,18.144179023590457,21.286129723449243,-26.107195968852288,45.12467628766935,328.57151908602145,517.9559532908613,1.8579117443510589,0.4925914,0.87769073,4.275177,0.75254625,0.2255133,0.021940487,0.11243261,-3.2498727,8.897723,0.017555764,278.34103,1.5574268,1.0841856,1.0832893,0.9037527,4.8761725,0.9471586,2.3945687,7.5250497,1.0594964,7.237157,25.660976,146.65452,-43.09502
2019-08-15,-72.94150863853292,55.478628614744224,0.0,35.15928607518758,7.4355631081989255,33.51715034934618,77.06043261280877,187.2,45.11989514246371,32.20834241117094,-14.372973400101275,79.6658883440336,324.6803461021505,515.4183581882871,2.3733736780434063,0.5615227,0.9560341,6.596863,0.75254625,0.2255133,0.021940487,0.11243261,-0.9161897,8.897723,0.009179104,228.44531,1.1026945,1.1299195,1.0918425,0.9138589,7.7057095,1.0076444,3.1755168,7.5130525,0.95249903,7.237157,25.660976,146.65452,-43.09502
2019-09-15,-8.042067925638017,38.970071962149234,30.928004036511226,46.67753993397372,9.205362961805557,32.01446980604368,71.03109616718537,98.4,79.61649873061111,44.18518980786958,4.352050999458092,127.15630727985416,324.8171795833333,517.6184080970822,3.3836173866361117,0.46536887,0.7946074,7.994995,0.75254625,0.2255133,0.021940487,0.11243261,-1.6677971,8.897723,-0.0057585738,130.52827,0.7001442,1.113565,1.014091,0.9214688,11.111848,1.0032392,5.0520186,9.662792,1.0203139,7.237157,25.660976,146.65452,-43.09502
2019-10-15,47.56702552198149,35.86663424900424,83.43365977098574,57.61106728010074,10.57881447782258,20.97931168028685,68.44388640331076,56.2,138.62548371406652,52.77572979333004,38.45619795651142,202.66823786417206,322.98190221774195,521.5888116706052,4.045319467203907,0.45694628,0.80428994,15.84668,0.75254625,0.2255133,0.021940487,0.11243261,4.3817883,8.897723,-0.017864374,75.91871,0.5377419,0.8132152,0.94045967,0.9380101,16.787218,1.0872133,7.3165197,11.464891,1.0292532,7.237157,25.660976,146.65452,-43.09502
2019-11-15,12.836333544810774,68.69616971329293,81.5325032581037,72.97761705397909,10.383327729166666,24.473013126743304,70.33059852197847,152.2,135.54043723188195,69.08097268659071,25.328705210418306,186.3333360064028,333.8393159027778,520.0069213612733,3.753608006083077,0.4598373,0.817702,13.733337,0.75254625,0.2255133,0.021940487,0.11243261,1.8597937,8.897723,0.003348456,186.20592,1.8530515,0.91720486,1.0347042,0.9797707,17.643118,0.9111638,6.581454,11.873544,0.8922662,7.237157,25.660976,146.65452,-43.09502
2019-12-15,57.65702333849603,78.2014710661248,135.8584944046208,75.18773472740787,13.02427782123656,26.67132104740402,67.392530696229,97.0,174.1412740976304,68.87717515201909,54.49058837457859,238.81428424568546,340.0565002688172,518.7771434618826,4.9225995130254985,0.46496895,0.81700855,17.691772,0.75254625,0.2255133,0.021940487,0.11243261,3.4765787,8.897723,0.010637413,159.56165,1.4356796,1.1952326,1.1447098,1.0189216,21.049204,1.0289185,8.490012,14.215194,0.9604983,7.237157,25.660976,146.65452,-43.09502
2020-01-15,69.57036306451988,112.62242321080551,182.19278627532537,63.62891062539092,15.433058670698925,7.398833372928828,65.81950124633553,52.0,154.76478981264785,58.28849130468159,49.4598630271918,221.36818839424058,350.42939979838707,520.0314597773125,6.0453527271019265,0.45053187,0.7897059,22.02127,0.75254625,0.2255133,0.021940487,0.11243261,5.373026,8.897723,0.006865317,63.674564,0.7600199,1.3951474,1.0194111,1.04977,22.278578,1.059417,10.471682,16.648245,1.0184548,7.237157,25.660976,146.65452,-43.09502
2020-02-15,47.06721894922407,108.59380337026525,155.6610223194893,58.27294200094592,13.961903414511497,1.905150590353357,69.0733027742084,53.2,146.70386508473203,57.063573792114035,41.63417253883643,208.40466468110415,346.17366551724143,520.1602715033487,4.967244084357822,0.49292442,0.8542024,16.519714,0.75254625,0.2255133,0.021940487,0.11243261,1.4862976,8.897723,0.025341187,84.60172,1.2102525,1.1686921,1.0130004,1.0572917,16.99517,0.96225023,7.505875,15.033417,0.9439053,7.237157,25.660976,146.65452,-43.09502
2020-03-15,17.18568790787052,121.47124785173469,138.65693575960523,45.33374729160734,12.419487441532256,7.940569162355567,75.49654126413982,98.0,83.26138250179638,41.52885392573468,9.671209196923764,130.53057044850874,343.56526995967744,525.7588637553348,3.5535052200194297,0.5321678,0.90728694,10.972839,0.75254625,0.2255133,0.021940487,0.11243261,-2.2942324,8.897723,0.03621089,109.99495,1.2079666,1.0552785,1.1402264,1.0618068,12.990668,0.9652136,5.8541903,13.267072,0.9183109,7.237157,25.660976,146.65452,-43.09502
2020-04-15,-27.937008170588346,115.10836393102372,87.17135576043538,37.613272092775375,10.900780859027776,27.122497543083337,78.64709791686067,133.0,47.58051358499528,35.60490910757472,-13.331920163508128,83.60594861090986,342.2163933333334,519.9938190871865,2.797338214648269,0.56996584,0.953597,9.312653,0.75254625,0.2255133,0.021940487,0.11243261,-2.0754185,8.897723,0.024883607,181.38695,1.6411821,1.3849187,1.3795758,1.0989316,7.8236895,0.8610259,3.8084219,11.388071,0.9630187,7.237157,25.660976,146.65452,-43.09502
2020-05-15,-42.37127864504775,83.46024514583561,41.08896650078786,25.75749711769806,8.83299883097656,35.18627051979397,81.29874993491555,89.39999999999999,27.71342785661512,23.595652228189945,-13.328719679910527,64.08570129366687,328.8572652553763,520.6738757866409,2.1295773228358144,0.54763895,0.95008266,8.798462,0.75254625,0.2255133,0.021940487,0.11243261,-0.5540161,8.897723,0.037983853,132.2799,0.8445711,1.1827395,1.1599636,1.0844779,5.818661,1.0270711,3.1645288,9.352478,0.9833462,7.237157,25.660976,146.65452,-43.09502
2020-06-15,-41.720034580855454,51.55821678075257,9.838182199897116,14.828672793805815,7.175699131165801,32.7702509480116,86.15096923893103,130.6,18.638114014791817,14.036894894630379,-17.75840631056815,45.19951970384901,328.869798002505,522.3723169116282,1.407378277912833,0.4939153,0.9001015,3.5905457,0.75254625,0.2255133,0.021940487,0.11243261,-3.9375162,8.897723,0.05185086,176.32188,1.1932362,1.1809415,1.1343186,1.1427848,4.528979,1.0109667,2.0399978,7.528062,0.99460447,7.237157,25.660976,146.65452,-43.09502
2020-07-15,-68.35073985555755,61.89619206806022,0.0,15.943120293743462,5.850210167447913,33.83523779049733,89.30951952164172,78.60000000000001,27.921948888525115,14.605002969208838,-9.458551680892533,57.16018669370163,320.51298581281986,522.3559195378728,0.9909031532742227,0.544519,0.9702144,3.796112,0.75254625,0.2255133,0.021940487,0.11243261,-2.9310799,8.897723,0.033800624,79.878525,0.44695154,0.8205201,1.019058,1.0202796,5.578978,1.083673,2.1881402,6.727192,0.94716126,7.237157,25.660976,146.65452,-43.09502
2020-08-15,-80.17833067358744,84.52072870693152,4.34239803334407,26.111859781520664,6.722364648009306,33.511345077989084,85.03481026485404,152.2,48.44277141401677,23.920272983848232,-8.117016734293035,85.35043833450933,320.3422608642194,517.9741027430397,1.4738399451361133,0.6026,1.0259712,7.206238,0.75254625,0.2255133,0.021940487,0.11243261,-0.40247917,8.897723,0.042451687,191.5526,0.92461514,0.8475542,0.98303384,0.99846244,7.6446753,0.9996632,2.8960874,7.608717,0.96462727,7.237157,25.660976,146.65452,-43.09502
2020-09-15,-87.95091660788586,104.99566337888166,17.04474677099582,40.78597020408588,8.767203966527777,35.61748000521432,77.74730406653231,78.0,76.25555877552014,38.60820080738623,-0.508284945792511,123.18881766972845,323.4962130555556,516.7971663748856,2.5226329784719614,0.5421007,0.92562544,9.191132,0.75254625,0.2255133,0.021940487,0.11243261,-0.5725937,8.897723,0.026749643,126.4659,0.67835385,0.6952362,0.9059466,0.9991987,11.501532,1.0384219,4.970837,9.763725,1.0309716,7.237157,25.660976,146.65452,-43.09502
2020-10-15,-18.61266213953858,92.64721133726107,74.03454919772248,49.56509817709774,9.673337168212367,29.090906225746224,76.12998118559834,115.4,122.81320654000001,45.4050645487332,32.066152254368575,175.60245300024863,328.47041875,514.4974489959866,2.8781826895330376,0.5366711,0.94461685,13.626282,0.75254625,0.2255133,0.021940487,0.11243261,3.0743246,8.897723,0.014669466,136.30667,0.9654775,0.84955317,0.8359197,1.0375674,15.314024,0.9918029,5.1514826,10.551957,0.9472952,7.237157,25.660976,146.65452,-43.09502
2020-11-15,59.99872993989834,115.5510492215758,175.54977916147413,67.7156673543083,13.902968677083335,0.4461804419784089,67.57748423947464,48.400000000000006,161.30290273225697,64.09998511594553,45.06397570634677,230.45342367820834,339.7314753472222,518.1143632214952,5.1873165902662075,0.5085975,0.90440947,18.05243,0.75254625,0.2255133,0.021940487,0.11243261,3.1796799,8.897723,0.0047724717,50.7427,0.50497234,0.73234594,0.79598457,0.95049554,20.592772,1.0634962,9.001204,14.872749,1.1176487,7.237157,25.660976,146.65452,-43.09502
2020-12-15,23.957936076752308,148.11427691155015,172.07221298830245,76.15347704341968,12.728608433481352,0.4529604087763941,70.41416285512912,88.2,158.38285196448604,69.76186203469778,38.727904843769124,216.35479094081862,343.7939659379165,513.8558315729936,4.379662196625635,0.5235782,0.9199924,14.50647,0.75254625,0.2255133,0.021940487,0.11243261,0.4670477,8.897723,0.014436674,107.463295,0.9669169,0.83477026,0.748449,0.91033614,19.518774,0.9541086,7.923051,14.039422,0.94862163,7.237157,25.660976,146.65452,-43.09502
2021-01-15,89.04765024760458,138.0259098945914,227.07356014219596,78.18796188517817,14.666237853037268,0.415577049641577,67.06826920219169,47.2,174.68736751323584,71.62559112958226,53.51674736615185,248.02440382968467,342.84297917117607,513.9555685613545,5.539767898774173,0.5036108,0.8827442,18.265198,0.75254625,0.2255133,0.021940487,0.11243261,2.3692951,8.897723,0.016254162,66.953606,0.7991586,0.7672167,0.82037914,0.91480374,21.48751,1.0217992,9.45234,15.895903,0.9724303,7.237157,25.660976,146.65452,-43.09502
2021-02-15,72.57683855819985,127.96551009334779,200.54234865154763,61.58463941677303,14.721506602678573,0.43115757294146834,73.34339062525396,116.19999999999999,144.11409168433335,62.460346921707306,31.34225886895958,208.28806234015696,347.7131438988095,516.765370275482,4.500436164302517,0.53869635,0.9335218,15.707062,0.75254625,0.2255133,0.021940487,0.11243261,-0.38140297,8.897723,0.026334712,97.51927,1.3950418,1.0323927,0.84663856,0.9232618,17.601013,0.99655247,8.401743,16.088465,1.0101488,7.237157,25.660976,146.65452,-43.09502
2021-03-15,41.880613681389136,130.8790692155907,172.75968289697983,50.70501392088917,13.299893405913977,0.4379248113127239,76.09489663420929,86.19999999999999,99.21745811659342,46.449306360623375,10.847510000071058,155.22570841227153,342.6045922043011,523.2705683092139,3.6753180779804966,0.56911564,0.9702789,15.37384,0.75254625,0.2255133,0.021940487,0.11243261,1.0570517,8.897723,0.03486429,131.07317,1.4394479,1.2075808,0.9894743,0.9375443,13.674664,1.0160348,6.447818,14.316789,0.9909695,7.237157,25.660976,146.65452,-43.09502
2021-04-15,6.667669128158912,93.72450256335821,100.39217169151712,43.4511271362728,11.351537929743701,0.4579995354166667,78.01652674873723,127.2,53.354674599041836,41.13105152066318,-7.3907508252925975,93.2202457925312,341.8496474701302,519.1331013469852,2.968485451208703,0.5885631,0.98471165,7.556366,0.75254625,0.2255133,0.021940487,0.11243261,-4.233432,8.897723,0.054473866,201.68748,1.8248606,1.5849165,1.1512592,0.94972193,8.392599,0.92363656,5.448149,11.789798,0.99699026,7.237157,25.660976,146.65452,-43.09502
2021-05-15,-11.601895604649616,46.77983718272517,35.17794157807555,26.75875609376716,8.713204194169652,0.4682529781698028,83.59969374364097,86.0,24.713699503885486,24.51287483261168,-17.636187125540943,61.61459626768683,327.7571125,522.0221348001835,1.8523420675786237,0.57810706,1.0029409,6.628235,0.75254625,0.2255133,0.021940487,0.11243261,-2.7931461,8.897723,0.04445699,118.75669,0.7582291,1.2605039,1.1472044,0.93554723,5.900299,1.0414814,3.9836004,9.421381,0.9905909,7.237157,25.660976,146.65452,-43.09502
2021-06-15,13.553774142557685,17.455565154053758,31.009339296611447,13.60898371836853,8.15496746401286,0.4700955251388889,90.3662937932945,60.4,17.733813277554166,12.88233119266552,-12.088860691434112,43.04816545527222,334.8968186111111,523.0421725237865,1.0472813395270952,0.3714406,0.67690605,6.986084,0.75254625,0.2255133,0.021940487,0.11243261,-1.33603,8.897723,0.04393189,98.22725,0.66474056,1.0090567,1.082712,0.8894523,4.414845,0.9854895,2.046897,8.322114,1.0995144,7.237157,25.660976,146.65452,-43.09502
2021-07-15,-41.51192894550757,22.491881934871422,0.0,17.64982532466741,6.59345109994644,0.49311616065188174,92.19682434342582,135.2,22.669559413899865,16.168463043833615,-13.915691212182367,48.35978176563105,326.10758756720435,520.3421516503155,0.7616533726806207,0.5522919,0.9840641,4.430969,0.75254625,0.2255133,0.021940487,0.11243261,-2.9280014,8.897723,0.043354783,168.20595,0.94117796,0.81357026,1.0870506,0.94808143,5.152129,1.000761,2.4579694,7.3589706,1.0361131,7.237157,25.660976,146.65452,-43.09502
2021-08-15,-72.41061493083609,57.885303960882695,0.0,33.35175211206163,7.661876264128227,0.5279085501008065,86.50491577412068,136.20000000000002,37.411363441709675,30.552516047698038,-16.761699740659846,70.59646940492608,326.3754465053764,516.4044300463213,1.4181706510197138,0.5743767,0.977919,8.546265,0.75254625,0.2255133,0.021940487,0.11243261,0.20449066,8.897723,0.04459244,159.22758,0.76858383,0.8057357,0.9895353,0.92905116,7.622041,0.9967034,3.3605576,8.341774,1.0575637,7.237157,25.660976,146.65452,-43.09502
2021-09-15,-42.762166999227986,37.03349493132619,0.0,32.044383678337354,8.320294727995213,0.5278588675813009,82.96890895739791,135.2,62.7464082536372,44.390300244562184,-4.389039639351182,107.07106279398374,321.9903087398374,516.5018418389626,1.8725582597163422,0.5436826,0.9283264,5.245819,0.75254625,0.2255133,0.021940487,0.11243261,-3.8813467,8.897723,0.027896898,242.70168,1.3018341,0.99618393,1.0089203,1.0062231,11.134984,1.0053279,4.443651,9.127166,0.963756,7.237157,25.660976,146.65452,-43.09502
